-- MySQL dump 10.10
--
-- Host: 192.168.254.119    Database: etracs25
-- ------------------------------------------------------
-- Server version	5.0.27-community-nt

/*!40101 SET @OLD_CHARACTER_SET_CLIENT=@@CHARACTER_SET_CLIENT */;
/*!40101 SET @OLD_CHARACTER_SET_RESULTS=@@CHARACTER_SET_RESULTS */;
/*!40101 SET @OLD_COLLATION_CONNECTION=@@COLLATION_CONNECTION */;
/*!40101 SET NAMES utf8 */;
/*!40103 SET @OLD_TIME_ZONE=@@TIME_ZONE */;
/*!40103 SET TIME_ZONE='+00:00' */;
/*!40014 SET @OLD_UNIQUE_CHECKS=@@UNIQUE_CHECKS, UNIQUE_CHECKS=0 */;
/*!40014 SET @OLD_FOREIGN_KEY_CHECKS=@@FOREIGN_KEY_CHECKS, FOREIGN_KEY_CHECKS=0 */;
/*!40101 SET @OLD_SQL_MODE=@@SQL_MODE, SQL_MODE='NO_AUTO_VALUE_ON_ZERO' */;
/*!40111 SET @OLD_SQL_NOTES=@@SQL_NOTES, SQL_NOTES=0 */;

--
-- Current Database: `etracs25`
--

USE `@dbname`;

--
-- Dumping data for table `account`
--

LOCK TABLES `account` WRITE;
/*!40000 ALTER TABLE `account` DISABLE KEYS */;
INSERT INTO `account` VALUES ('01',NULL,'SYSTEM','REV2004-08','01','ASSETS','group','ASSET',NULL),('02',NULL,'SYSTEM','REV2004-08','02','LIABILITIES','group','LIABILITIES',NULL),('03',NULL,'SYSTEM','REV2004-08','03','EQUITY','group','EQUITY',NULL),('04',NULL,'SYSTEM','REV2004-08','04','INCOME ','group','REVENUE',NULL),('05',NULL,'SYSTEM','REV2004-08','05','EXPENSES','group','EXPENSES',NULL),('BUILDGS','REV2004-08-DEP','SYSTEM','REV2004-08','BUILDGS','BUILDINGS','group','',NULL),('DEPL','REV2004-08-NONCASH','SYSTEM','REV2004-08','DEPL','DEPLETION','group','',NULL),('DOPPE','REV2004-08-DEP','SYSTEM','REV2004-08','DOPPE','OTHER PROPERTY, PLANT AND EQUIPMENT','group','',NULL),('LANDIMPR','REV2004-08-DEP','SYSTEM','REV2004-08','LANDIMPR','LAND IMPROVEMENTS','group','',NULL),('LHIMPR','REV2004-08-DEP','SYSTEM','REV2004-08','LHIMPR','LEASEHOLD IMPROVEMENTS','group','',NULL),('OFEFF','REV2004-08-DEP','SYSTEM','REV2004-08','OFEFF','OFFICE EQUIPMENT, FURNITURE AND FIXTURES','group','',NULL),('OPPAE','REV2004-08-RAM','SYSTEM','REV2004-08','OPPAE','OTHER PROPERTY, PLANT AND EQUIPMENT','group','',NULL),('PINFRA','REV2004-08-RAM','SYSTEM','REV2004-08','PINFRA','PUBLIC INFRASTRUCTURES','group','',NULL),('REV2004-08-101','REV2004-08-CAH','SYSTEM','REV2004-08','101','CASH IN VAULT','detail','',NULL),('REV2004-08-102','REV2004-08-CAH','SYSTEM','REV2004-08','102','CASH- COLLECTING OFFICERS','detail','',NULL),('REV2004-08-103','REV2004-08-CAH','SYSTEM','REV2004-08','103','CASH- DISBURSING OFFICERS','detail ','',NULL),('REV2004-08-104','REV2004-08-CAH','SYSTEM','REV2004-08','104','PETTY CASH FUND','detail','',NULL),('REV2004-08-108','REV2004-08-CANT','SYSTEM','REV2004-08','108','CASH- NATIONAL TREASURY, MODIFIED DISBURSEMENT SYSTEM (MDS)','detail','',NULL),('REV2004-08-110','REV2004-08-CABLC','SYSTEM','REV2004-08','110','CASH- BANKO SENTRAL NG PILIPINAS','detail','',NULL),('REV2004-08-111','REV2004-08-CABLC','SYSTEM','REV2004-08','111','CASH IN BANK- LOCAL CURRENCY, CURRENT ACCOUNT','detail','',NULL),('REV2004-08-112','REV2004-08-CABLC','SYSTEM','REV2004-08','112','CASH IN BANK- LOCAL CURRENCY, SAVINGS ACCOUNT','detail','',NULL),('REV2004-08-113','REV2004-08-CABLC','SYSTEM','REV2004-08','113','CASH IN BANK- LOCAL CURRENCY, TIME DEPOSITS','detail','',NULL),('REV2004-08-114','REV2004-08-CABFC','SYSTEM','REV2004-08','114','CASH- BANKO SENTRAL NG PILIPINAS','detail','',NULL),('REV2004-08-115','REV2004-08-CABFC','SYSTEM','REV2004-08','115','CASH IN BANK- FOREIGN CURRENCY, CURRENT ACCOUNT','detail','',NULL),('REV2004-08-116','REV2004-08-CABFC','SYSTEM','REV2004-08','116','CASH IN BANK- FOREIGN CURRENCY, SAVINGS ACCOUNT','detail','',NULL),('REV2004-08-117','REV2004-08-CABFC','SYSTEM','REV2004-08','117','CASH IN BANK- FOREIGN CURRENCY, TIME DEPOSITS','detail','',NULL),('REV2004-08-121','REV2004-08-REA','SYSTEM','REV2004-08','121','ACCOUNTS RECEIVABLE','detail','',NULL),('REV2004-08-122','REV2004-08-REA','SYSTEM','REV2004-08','122','NOTES RECEIVABLE ','detail','',NULL),('REV2004-08-123','REV2004-08-REA','SYSTEM','REV2004-08','123','DUE FROM OFFICERS AND EMPLOYEES','detail','',NULL),('REV2004-08-124','REV2004-08-REA','SYSTEM','REV2004-08','124','LOANS RECEIVABLE-GOCCs','detail','',NULL),('REV2004-08-125','REV2004-08-REA','SYSTEM','REV2004-08','125','LOANS RECEIVABLE- LGUs','detail','',NULL),('REV2004-08-126','REV2004-08-REA','SYSTEM','REV2004-08','126','LOANS RECEIVABLE- OTHERS','detail','',NULL),('REV2004-08-127','REV2004-08-REA','SYSTEM','REV2004-08','127','REAL PROPERTY TAX RECEIVABLE','detail','',NULL),('REV2004-08-128','REV2004-08-REA','SYSTEM','REV2004-08','128','SPECIAL EDUCATION TAX RECEIVABLE','detail','',NULL),('REV2004-08-129','REV2004-08-REA','SYSTEM','REV2004-08','129','INTEREST RECEIVABLE','detail','',NULL),('REV2004-08-130','REV2004-08-REA','SYSTEM','REV2004-08','130','CURRENCY SWAP RECEIVABLE','detail','',NULL),('REV2004-08-131','REV2004-08-IARE','SYSTEM','REV2004-08','131','DUE FROM NATIONAL TREASURY','detail','',NULL),('REV2004-08-136','REV2004-08-IARE','SYSTEM','REV2004-08','136','DUE FROM NGAs','detail','',NULL),('REV2004-08-137','REV2004-08-IARE','SYSTEM','REV2004-08','137','DUE FROM GOCCs','detail','',NULL),('REV2004-08-138','REV2004-08-IARE','SYSTEM','REV2004-08','138','DUE FROM LGUs','detail','',NULL),('REV2004-08-139','REV2004-08-IARE','SYSTEM','REV2004-08','139','DUE FROM NGOs/POs','detail','',NULL),('REV2004-08-141','REV2004-08-INARE','SYSTEM','REV2004-08','141','DUE FROM CENTRAL OFFICE/ HOME OFFICE','detail','',NULL),('REV2004-08-142','REV2004-08-INARE','SYSTEM','REV2004-08','142','DUE FROM REGIONAL OFFICES/STAFF BUREAUS/BRANCH OFFICES','detail','',NULL),('REV2004-08-143','REV2004-08-INARE','SYSTEM','REV2004-08','143','DUE FROM OPERATING UNITS','detail','',NULL),('REV2004-08-144','REV2004-08-INARE','SYSTEM','REV2004-08','144','DUE FROM OTHER FUNDS','detail','',NULL),('REV2004-08-145','REV2004-08-INARE','SYSTEM','REV2004-08','145','DUE FROM SUBSIDIARIES/ AFFILIATES','detail','',NULL),('REV2004-08-146','REV2004-08-ORE','SYSTEM','REV2004-08','146','RECEIVABLES- DISALLOWANCES/CHARGES','detail','',NULL),('REV2004-08-147','REV2004-08-ORE','SYSTEM','REV2004-08','147','DIVIDEND RECEIVABLE','detail','',NULL),('REV2004-08-149','REV2004-08-ORE','SYSTEM','REV2004-08','149','OTHER RECEIVABLES','detail','',NULL),('REV2004-08-151','REV2004-08-MAT','SYSTEM','REV2004-08','151','RAW MATERIALS INVENTORY','detail','',NULL),('REV2004-08-152','REV2004-08-MAT','SYSTEM','REV2004-08','152','WORK-IN PROCESS INVENTORY','detail','',NULL),('REV2004-08-153','REV2004-08-MAT','SYSTEM','REV2004-08','153','FINISHED GOODS INVENTORY','detail','',NULL),('REV2004-08-154','REV2004-08-MAT','SYSTEM','REV2004-08','154','MERCHANDISE INVENTORY','detail','',NULL),('REV2004-08-155','REV2004-08-SUP','SYSTEM','REV2004-08','155','OFFICE SUPPLIES INVENTORY','detail','',NULL),('REV2004-08-156','REV2004-08-SUP','SYSTEM','REV2004-08','156','ACCOUNTABLE FORMS INVENTORY','detail','',NULL),('REV2004-08-157','REV2004-08-SUP','SYSTEM','REV2004-08','157','ANIMAL/ZOOLOGICAL SUPPLIES INVENTORY','detail','',NULL),('REV2004-08-158','REV2004-08-SUP','SYSTEM','REV2004-08','158','FOOD SUPPLIES INVENTORY','detail','',NULL),('REV2004-08-159','REV2004-08-SUP','SYSTEM','REV2004-08','159','DRUGS AND MEDICINES INVENTORY','detail','',NULL),('REV2004-08-160','REV2004-08-SUP','SYSTEM','REV2004-08','160','MEDICAL, DENTAL AND LABORATORY SUPPLIES INVENTORY','detail','',NULL),('REV2004-08-161','REV2004-08-SUP','SYSTEM','REV2004-08','161','GASOLINE, OIL AND LUBRICANTS INVENTORY','detail','',NULL),('REV2004-08-162','REV2004-08-SUP','SYSTEM','REV2004-08','162','AGRICULTURAL SUPPLIES INVENTORY','detail','',NULL),('REV2004-08-163','REV2004-08-SUP','SYSTEM','REV2004-08','163','TEXTBOOKS AND INSTRUCTIONAL MATERIALS INVENTORY','detail','',NULL),('REV2004-08-164','REV2004-08-SUP','SYSTEM','REV2004-08','164','MILITARY AND POLICE SUPPLIES INVENTORY','detail','',NULL),('REV2004-08-165','REV2004-08-SUP','SYSTEM','REV2004-08','165','OTHER SUPPLIES INVENTORY','detail','',NULL),('REV2004-08-166','REV2004-08-SUP','SYSTEM','REV2004-08','166','CONFISCATED/ABANDONED/SEIZED GOODS INVENTORY','detail','',NULL),('REV2004-08-167','REV2004-08-SUP','SYSTEM','REV2004-08','167','SPARE PARTS INVENTORY ','detail','',NULL),('REV2004-08-168','REV2004-08-SUP','SYSTEM','REV2004-08','168','CONSTRUCTION MATERIALS INVENTORY','detail','',NULL),('REV2004-08-169','REV2004-08-AFF','SYSTEM','REV2004-08','169','LIVESTOCK INVENTORY','detail','',NULL),('REV2004-08-170','REV2004-08-AFF','SYSTEM','REV2004-08','170','CROPS AND FRUITS INVENTORY','detail','',NULL),('REV2004-08-176','REV2004-08-AFF','SYSTEM','REV2004-08','176','OTHER AGRICULTURAL, FISHERY AND FORESTRY PRODUCTS INVENTORY','detail','',NULL),('REV2004-08-177','REV2004-08-PRE','SYSTEM','REV2004-08','177','PREPAID RENT','detail','',NULL),('REV2004-08-178','REV2004-08-PRE','SYSTEM','REV2004-08','178','PREPAID INSURANCE','detail','',NULL),('REV2004-08-179','REV2004-08-PRE','SYSTEM','REV2004-08','179','PREPAID INTEREST ','detail','',NULL),('REV2004-08-180','REV2004-08-PRE','SYSTEM','REV2004-08','180','DEPOSIT ON LETTERS OF CREDIT','detail','',NULL),('REV2004-08-181','REV2004-08-PRE','SYSTEM','REV2004-08','181','ADVANCE TO CONTRACTORS','detail','',NULL),('REV2004-08-182','REV2004-08-PRE','SYSTEM','REV2004-08','182','DEFERRED CHARGES','detail','',NULL),('REV2004-08-183','REV2004-08-PRE','SYSTEM','REV2004-08','183','ORGANIZATION COST','detail','',NULL),('REV2004-08-185','REV2004-08-PRE','SYSTEM','REV2004-08','185','OTHER PREPAID EXPENSES','detail','',NULL),('REV2004-08-186','REV2004-08-OCA','SYSTEM','REV2004-08','186','GUARANTY DEPOSITS','detail','',NULL),('REV2004-08-189','REV2004-08-OCA','SYSTEM','REV2004-08','189','OTHER CURRENT ASSETS','detail','',NULL),('REV2004-08-191','REV2004-08-INS','SYSTEM','REV2004-08','191','INVESTMENTS IN TREASURY BILLS','detail','',NULL),('REV2004-08-192','REV2004-08-INS','SYSTEM','REV2004-08','192','INVESTMENTS IN STOCKS','detail','',NULL),('REV2004-08-193','REV2004-08-INS','SYSTEM','REV2004-08','193','INVESTMENTS IN BONDS','detail','',NULL),('REV2004-08-197','REV2004-08-INS','SYSTEM','REV2004-08','197','OTHER INVESTMENTS AND MARKETABLE SECURITIES','detail','',NULL),('REV2004-08-198','REV2004-08-SF','SYSTEM','REV2004-08','198','SINKING FUND','detail','',NULL),('REV2004-08-201','REV2004-08-LLI','SYSTEM','REV2004-08','201','LAND ','detail','',NULL),('REV2004-08-202','REV2004-08-LLI','SYSTEM','REV2004-08','202','LAND IMPROVEMENTS','detail','',NULL),('REV2004-08-203','REV2004-08-LLI','SYSTEM','REV2004-08','203','RUNWAYS/TAXIWAYS','detail','',NULL),('REV2004-08-204','REV2004-08-LLI','SYSTEM','REV2004-08','204','RAILWAYS ','detail','',NULL),('REV2004-08-205','REV2004-08-LLI','SYSTEM','REV2004-08','205','ELECTRIFICATION, POWER AND ENERGY STRUCTURES','detail','',NULL),('REV2004-08-211','REV2004-08-BUI','SYSTEM','REV2004-08','211','OFFICE BUILDINGS','detail','',NULL),('REV2004-08-212','REV2004-08-BUI','SYSTEM','REV2004-08','212','SCHOOL BUILDINGS','detail','',NULL),('REV2004-08-213','REV2004-08-BUI','SYSTEM','REV2004-08','213','HOSPITALS AND HEALTH CENTERS','detail','',NULL),('REV2004-08-214','REV2004-08-BUI','SYSTEM','REV2004-08','214','MARKETS AND SLAUGHTERHOUSES','detail','',NULL),('REV2004-08-215','REV2004-08-BUI','SYSTEM','REV2004-08','215','OTHER STRUCTURES','detail','',NULL),('REV2004-08-218','REV2004-08-LEIM','SYSTEM','REV2004-08','218','LEASEHOLD IMPROVEMENTS, LAND','detail','',NULL),('REV2004-08-219','REV2004-08-LEIM','SYSTEM','REV2004-08','219','LEASEHOLD IMPROVEMENTS, BUILDINGS','detail','',NULL),('REV2004-08-220','REV2004-08-LEIM','SYSTEM','REV2004-08','220','OTHER LEASEHOLD IMPROVEMENTS','detail','',NULL),('REV2004-08-221','REV2004-08-OEFF','SYSTEM','REV2004-08','221','OFFICE EQUIPMENT','detail','',NULL),('REV2004-08-222','REV2004-08-OEFF','SYSTEM','REV2004-08','222','FURNITURE AND FIXTURES','detail','',NULL),('REV2004-08-223','REV2004-08-OEFF','SYSTEM','REV2004-08','223','IT EQUIPMENT AND SOFTWARE','detail','',NULL),('REV2004-08-224','REV2004-08-OEFF','SYSTEM','REV2004-08','224','LIBRARY BOOKS','detail','',NULL),('REV2004-08-226','REV2004-08-MAEQ','SYSTEM','REV2004-08','226','MACHINERY ','detail','',NULL),('REV2004-08-227','REV2004-08-MAEQ','SYSTEM','REV2004-08','227','AGRICULTURAL, FISHERY AND FORESTRY EQUIPMENT','detail','',NULL),('REV2004-08-228','REV2004-08-MAEQ','SYSTEM','REV2004-08','228','AIRPORT EQUIPMENT','detail','',NULL),('REV2004-08-229','REV2004-08-MAEQ','SYSTEM','REV2004-08','229','COMMUNICATION EQUIPMENT','detail','',NULL),('REV2004-08-230','REV2004-08-MAEQ','SYSTEM','REV2004-08','230','CONSTRUCTION AND HEAVY EQUIPMENT ','detail','',NULL),('REV2004-08-231','REV2004-08-MAEQ','SYSTEM','REV2004-08','231','FIREFIGHTING EQUIPMENT AND ACCESSORIES','detail','',NULL),('REV2004-08-232','REV2004-08-MAEQ','SYSTEM','REV2004-08','232','HOSPITAL EQUIPMENT ','detail','',NULL),('REV2004-08-233','REV2004-08-MAEQ','SYSTEM','REV2004-08','233','MEDICAL, DENTAL AND LABORATORY EQUIPMENT','detail','',NULL),('REV2004-08-234','REV2004-08-MAEQ','SYSTEM','REV2004-08','234','MILITARY AND POLICE EQUIPMENT','detail','',NULL),('REV2004-08-235','REV2004-08-MAEQ','SYSTEM','REV2004-08','235','SPORTS EQUIPMENT','detail','',NULL),('REV2004-08-236','REV2004-08-MAEQ','SYSTEM','REV2004-08','236','TECHNICAL AND SCIENTIFIC EQUIPMENT','detail','',NULL),('REV2004-08-240','REV2004-08-MAEQ','SYSTEM','REV2004-08','240','OTHER MACHINERY AND EQUIPMENT','detail','',NULL),('REV2004-08-241','REV2004-08-TREQ','SYSTEM','REV2004-08','241','MOTOR VEHICLES','detail','',NULL),('REV2004-08-242','REV2004-08-TREQ','SYSTEM','REV2004-08','242','TRAINS','detail','',NULL),('REV2004-08-243','REV2004-08-TREQ','SYSTEM','REV2004-08','243','AIRCRAFTS AND AIRCRAFT GROUND EQUIPMENT','detail','',NULL),('REV2004-08-244','REV2004-08-TREQ','SYSTEM','REV2004-08','244','WATERCRAFTS','detail','',NULL),('REV2004-08-248','REV2004-08-TREQ','SYSTEM','REV2004-08','248','OTHER TRANSPORTATION EQUIPMENT','detail','',NULL),('REV2004-08-250','REV2004-08-OPPE','SYSTEM','REV2004-08','250','OTHER PROPERTY, PLANT AND EQUIPMENT','detail','',NULL),('REV2004-08-251','REV2004-08-PUI','SYSTEM','REV2004-08','251','ROADS, HIGHWAYS AND BRIDGES','detail','',NULL),('REV2004-08-252','REV2004-08-PUI','SYSTEM','REV2004-08','252','PARKS, PLAZAS AND MONUMENTS','detail','',NULL),('REV2004-08-253','REV2004-08-PUI','SYSTEM','REV2004-08','253','PORTS, LIGHTHOUSES AND HARBORS','detail','',NULL),('REV2004-08-254','REV2004-08-PUI','SYSTEM','REV2004-08','254','ARTESIAN WELLS, RESERVIORS, PUMPING STATIONS AND CONDUITS','detail','',NULL),('REV2004-08-255','REV2004-08-PUI','SYSTEM','REV2004-08','255','IRRIGATION, CANALS AND LATERALS','detail','',NULL),('REV2004-08-256','REV2004-08-PUI','SYSTEM','REV2004-08','256','FLOOD CONTROLS','detail','',NULL),('REV2004-08-257','REV2004-08-PUI','SYSTEM','REV2004-08','257','WATERWAYS, AQUEDUCTS, SEAWALLS, RIVER WALLS AND OTHERS','detail','',NULL),('REV2004-08-260','REV2004-08-PUI','SYSTEM','REV2004-08','260','OTHER PUBLIC INFRASTRUCTURES','detail','',NULL),('REV2004-08-261','REV2004-08-REP','SYSTEM','REV2004-08','261','REFORESTATION- UNPLAND','detail','',NULL),('REV2004-08-262','REV2004-08-REP','SYSTEM','REV2004-08','262','REFORESTATION- MARSHLAND/ SWAMPLAND','detail','',NULL),('REV2004-08-264','REV2004-08-AASSET','SYSTEM','REV2004-08','264','CONSTRUCTION IN PROGRESS- AGENCY ASSETS','detail','',NULL),('REV2004-08-266','REV2004-08-PIRP','SYSTEM','REV2004-08','266','CONSTRUTION IN PROGRESS- ROADS, HIGHWAYS AND BRIDGES','detail','',NULL),('REV2004-08-267','REV2004-08-PIRP','SYSTEM','REV2004-08','267','CONSTRUTION IN PROGRESS- PARKS, PLAZAS AND MONUMENTS','detail','',NULL),('REV2004-08-268','REV2004-08-PIRP','SYSTEM','REV2004-08','268','CONSTRUTION IN PROGRESS- PORTS, LIGHTHOUSES AND HARBORS','detail','',NULL),('REV2004-08-269','REV2004-08-PIRP','SYSTEM','REV2004-08','269','CONSTRUTION IN PROGRESS- ARTESIAN WELLS, RESERVOIRS, PUMPING STATIONS AND CONDUITS','detail','',NULL),('REV2004-08-270','REV2004-08-PIRP','SYSTEM','REV2004-08','270','CONSTRUTION IN PROGRESS- IRRIGATION, CANALS AND LATERALS','detail','',NULL),('REV2004-08-271','REV2004-08-PIRP','SYSTEM','REV2004-08','271','CONSTRUTION IN PROGRESS- FLOOD CONTROLS','detail','',NULL),('REV2004-08-272','REV2004-08-PIRP','SYSTEM','REV2004-08','272','CONSTRUTION IN PROGRESS- WATERWAYS, AQUEDUCTS, SEAWALLS, RIVER WALLS AND OTHERS','detail','',NULL),('REV2004-08-273','REV2004-08-PIRP','SYSTEM','REV2004-08','273','CONSTRUTION IN PROGRESS- OTHER PUBLIC INFRASTRUCTURES','detail','',NULL),('REV2004-08-274','REV2004-08-PIRP','SYSTEM','REV2004-08','274','CONSTRUTION IN PROGRESS- REFORESTATION- UPLAND','detail','',NULL),('REV2004-08-275','REV2004-08-PIRP','SYSTEM','REV2004-08','275','CONSTRUTION IN PROGRESS- REFORESTATION- MARSHLAND/SWAMPLAND','detail','',NULL),('REV2004-08-281','REV2004-08-OA','SYSTEM','REV2004-08','281','WORK/OTHER ANIMALS','detail','',NULL),('REV2004-08-282','REV2004-08-OA','SYSTEM','REV2004-08','282','BREEDING STOCKS','detail','',NULL),('REV2004-08-283','REV2004-08-OA','SYSTEM','REV2004-08','283','ARTS, ARCHEOLOGICAL SPECIMENS AND OTHER EXHIBITS','detail','',NULL),('REV2004-08-284','REV2004-08-OA','SYSTEM','REV2004-08','284','ITEMS IN TRANSIT','detail','',NULL),('REV2004-08-285','REV2004-08-OA','SYSTEM','REV2004-08','285','RESTRICTED FUND/CASH','detail','',NULL),('REV2004-08-290','REV2004-08-OA','SYSTEM','REV2004-08','290','OTHER ASSETS','detail','',NULL),('REV2004-08-301','REV2004-08-REA','SYSTEM','REV2004-08','301','ALLOWANCE FOR DOUBTFUL ACCOUNTS','detail','',NULL),('REV2004-08-302','REV2004-08-LLI','SYSTEM','REV2004-08','302','ACCUMULATED DEPRECIATION- LAND IMPROVEMENTS','detail','',NULL),('REV2004-08-303','REV2004-08-LLI','SYSTEM','REV2004-08','303','ACCUMULATED DEPRECIATION- RUNWAYS/TAXIWAYS','detail','',NULL),('REV2004-08-304','REV2004-08-LLI','SYSTEM','REV2004-08','304','ACCUMULATED DEPRECIATION- RAILWAYS','detail','',NULL),('REV2004-08-305','REV2004-08-LLI','SYSTEM','REV2004-08','305','ACCUMULATED DEPRECIATION- ELECTRIFICATION, POWER AND ENERGY STRUCTURES','detail','',NULL),('REV2004-08-311','REV2004-08-BUI','SYSTEM','REV2004-08','311','ACCUMULATED DEPRECIATION- OFFICE BUILDINGS','detail','',NULL),('REV2004-08-312','REV2004-08-BUI','SYSTEM','REV2004-08','312','ACCUMULATED DEPRECIATION- SCHOOL BUILDINGS','detail','',NULL),('REV2004-08-313','REV2004-08-BUI','SYSTEM','REV2004-08','313','ACCUMULATED DEPRECIATION- HOSPITALS AND HEALTH CENTERS','detail','',NULL),('REV2004-08-314','REV2004-08-BUI','SYSTEM','REV2004-08','314','ACCUMULATED DEPRECIATION- MARKETS AND SLAUGHTERHOUSES','detail','',NULL),('REV2004-08-315','REV2004-08-BUI','SYSTEM','REV2004-08','315','ACCUMULATED DEPRECIATION- OTHER STRUCTURES','detail','',NULL),('REV2004-08-318','REV2004-08-LEIM','SYSTEM','REV2004-08','318','ACCUMULATED DEPRECIATION- LEASEHOLD, IMPROVEMENTS, LAND','detail','',NULL),('REV2004-08-319','REV2004-08-LEIM','SYSTEM','REV2004-08','319','ACCUMULATED DEPRECIATION- LEASEHOLD IMPROVEMENTS, BUILDINGS','detail','',NULL),('REV2004-08-320','REV2004-08-LEIM','SYSTEM','REV2004-08','320','ACCUMULATED DEPRECIATION- OTHER LEASEHOLD IMPROVEMENTS','detail','',NULL),('REV2004-08-321','REV2004-08-OEFF','SYSTEM','REV2004-08','321','ACCUMULATED DEPRECIATION- OFFICE EQUIPMENT','detail','',NULL),('REV2004-08-322','REV2004-08-OEFF','SYSTEM','REV2004-08','322','ACCUMULATED DEPRECIATION- FURNITURE AND FIXTURES','detail','',NULL),('REV2004-08-323','REV2004-08-OEFF','SYSTEM','REV2004-08','323','ACCUMULATED DEPRECIATION- IT EQUIPMENT ','detail','',NULL),('REV2004-08-324','REV2004-08-OEFF','SYSTEM','REV2004-08','324','ACCUMULATED DEPRECIATION- LIBRARY BOOKS','detail','',NULL),('REV2004-08-326','REV2004-08-MAEQ','SYSTEM','REV2004-08','326','ACCUMULATED DEPRECIATION- MACHINERY ','detail','',NULL),('REV2004-08-327','REV2004-08-MAEQ','SYSTEM','REV2004-08','327','ACCUMULATED DEPRECIATION- AGRICULTURAL, FISHERY AND FORESTRY EQUIPMENT','detail','',NULL),('REV2004-08-328','REV2004-08-MAEQ','SYSTEM','REV2004-08','328','ACCUMULATED DEPRECIATION- AIRPORT EQUIPMENT','detail','',NULL),('REV2004-08-329','REV2004-08-MAEQ','SYSTEM','REV2004-08','329','ACCUMULATED DEPRECIATION- COMMUNICATION EQUIPMENT','detail','',NULL),('REV2004-08-330','REV2004-08-MAEQ','SYSTEM','REV2004-08','330','ACCUMULATED DEPRECIATION- CONSTRUCTION AND HEAVY EQUIPMENT ','detail','',NULL),('REV2004-08-331','REV2004-08-MAEQ','SYSTEM','REV2004-08','331','ACCUMULATED DEPRECIATION- FIREFIGHTING EQUIPMENT AND ACCESSORIES','detail','',NULL),('REV2004-08-332','REV2004-08-MAEQ','SYSTEM','REV2004-08','332','ACCUMULATED DEPRECIATION- HOSPITAL EQUIPMENT ','detail','',NULL),('REV2004-08-333','REV2004-08-MAEQ','SYSTEM','REV2004-08','333','ACCUMULATED DEPRECIATION- MEDICAL, DENTAL AND LABORATORY EQUIPMENT','detail','',NULL),('REV2004-08-334','REV2004-08-MAEQ','SYSTEM','REV2004-08','334','ACCUMULATED DEPRECIATION- MILITARY AND POLICE EQUIPMENT','detail','',NULL),('REV2004-08-335','REV2004-08-MAEQ','SYSTEM','REV2004-08','335','ACCUMULATED DEPRECIATION- SPORTS EQUIPMENT','detail','',NULL),('REV2004-08-336','REV2004-08-MAEQ','SYSTEM','REV2004-08','336','ACCUMULATED DEPRECIATION- TECHNICAL AND SCIENTIFIC EQUIPMENT','detail','',NULL),('REV2004-08-340','REV2004-08-MAEQ','SYSTEM','REV2004-08','340','ACCUMULATED DEPRECIATION- OTHER MACHINERY AND EQUIPMENT','detail','',NULL),('REV2004-08-341','REV2004-08-TREQ','SYSTEM','REV2004-08','341','ACCUMULATED DEPRECIATION- MOTOR VEHICLES','detail','',NULL),('REV2004-08-342','REV2004-08-TREQ','SYSTEM','REV2004-08','342','ACCUMULATED DEPRECIATION- TRAINS','detail','',NULL),('REV2004-08-343','REV2004-08-TREQ','SYSTEM','REV2004-08','343','ACCUMULATED DEPRECIATION- AIRCRAFTS AND AIRCRAFT GROUND EQUIPMENT','detail','',NULL),('REV2004-08-344','REV2004-08-TREQ','SYSTEM','REV2004-08','344','ACCUMULATED DEPRECIATION- WATERCRAFTS','detail','',NULL),('REV2004-08-348','REV2004-08-TREQ','SYSTEM','REV2004-08','348','ACCUMULATED DEPRECIATION- OTHER TRANSPORTATION EQUIPMENT','detail','',NULL),('REV2004-08-350','REV2004-08-OPPE','SYSTEM','REV2004-08','350','ACCUMULATED DEPRECIATION- OTHER PROPERTY, PLANT AND EQUIPMENT','detail','',NULL),('REV2004-08-401','REV2004-08-PA','SYSTEM','REV2004-08','401','ACCOUNTS PAYABLE','detail','',NULL),('REV2004-08-402','REV2004-08-PA','SYSTEM','REV2004-08','402','NOTES PAYABLE','detail','',NULL),('REV2004-08-403','REV2004-08-PA','SYSTEM','REV2004-08','403','DUE TO OFFICERS AND EMPLOYEES','detail','',NULL),('REV2004-08-408','REV2004-08-PA','SYSTEM','REV2004-08','408','DIVIDEND PAYABLE','detail','',NULL),('REV2004-08-409','REV2004-08-PA','SYSTEM','REV2004-08','409','INTEREST PAYABLE','detail','',NULL),('REV2004-08-411','REV2004-08-INTERAP','SYSTEM','REV2004-08','411','DUE TO NATIONAL TREASURY','detail','',NULL),('REV2004-08-412','REV2004-08-INTERAP','SYSTEM','REV2004-08','412','DUE TO BIR','detail','',NULL),('REV2004-08-413','REV2004-08-INTERAP','SYSTEM','REV2004-08','413','DUE TO GSIS','detail','',NULL),('REV2004-08-414','REV2004-08-INTERAP','SYSTEM','REV2004-08','414','DUE TO PAG-IBIG','detail','',NULL),('REV2004-08-415','REV2004-08-INTERAP','SYSTEM','REV2004-08','415','DUE TO PHILHEALTH','detail','',NULL),('REV2004-08-416','REV2004-08-INTERAP','SYSTEM','REV2004-08','416','DUE TO OTHER NGAS','detail','',NULL),('REV2004-08-417','REV2004-08-INTERAP','SYSTEM','REV2004-08','417','DUE TO OTHER GOCCS','detail','',NULL),('REV2004-08-418','REV2004-08-INTERAP','SYSTEM','REV2004-08','418','DUE TO LGUS','detail','',NULL),('REV2004-08-421','REV2004-08-INTRAP','SYSTEM','REV2004-08','421','DUE TO CENTRAL OFFICE/ HOME OFFICE','detail','',NULL),('REV2004-08-422','REV2004-08-INTRAP','SYSTEM','REV2004-08','422','DUE TO REGIONAL OFFICES/ STAFF  BUREAUS/ BRANCH OFFICES','detail','',NULL),('REV2004-08-423','REV2004-08-INTRAP','SYSTEM','REV2004-08','423','DUE TO OPERATING UNITS','detail','',NULL),('REV2004-08-424','REV2004-08-INTRAP','SYSTEM','REV2004-08','424','DUE TO OTHER FUNDS','detail','',NULL),('REV2004-08-425','REV2004-08-INTRAP','SYSTEM','REV2004-08','425','DUE TO SUBSIDIARIES/ AFFILIATES','detail','',NULL),('REV2004-08-426','REV2004-08-OCLIA','SYSTEM','REV2004-08','426','GUARANTY DEPOSITS PAYABLE','detail','',NULL),('REV2004-08-427','REV2004-08-OCLIA','SYSTEM','REV2004-08','427','PERFORMANCE/ BIDDERS/ BAIL BONDS PAYABLE','detail','',NULL),('REV2004-08-428','REV2004-08-OCLIA','SYSTEM','REV2004-08','428','CURRENCY SWAP PAYABLE','detail','',NULL),('REV2004-08-429','REV2004-08-OCLIA','SYSTEM','REV2004-08','429','TAX REFUNDS PAYABLE','detail','',NULL),('REV2004-08-439','REV2004-08-OCLIA','SYSTEM','REV2004-08','439','OTHER PAYABLES','detail','',NULL),('REV2004-08-441','REV2004-08-MBLP','SYSTEM','REV2004-08','441','MORTGAGE PAYABLE','detail','',NULL),('REV2004-08-442','REV2004-08-MBLP','SYSTEM','REV2004-08','442','BONDS PAYABLE- DOMESTIC','detail','',NULL),('REV2004-08-443','REV2004-08-MBLP','SYSTEM','REV2004-08','443','BONDS PAYABLE- FOREIGN','detail','',NULL),('REV2004-08-444','REV2004-08-MBLP','SYSTEM','REV2004-08','444','LOANS PAYABLE- DOMESTIC','detail','',NULL),('REV2004-08-445','REV2004-08-MBLP','SYSTEM','REV2004-08','445','LOANS PAYABLE- FOREIGN','detail','',NULL),('REV2004-08-450','REV2004-08-MBLP','SYSTEM','REV2004-08','450','OTHER LONG-TERM LIABILITIES','detail','',NULL),('REV2004-08-451','REV2004-08-DEC','SYSTEM','REV2004-08','451','DEFERRED REAL PROPERTY TAX INCOME','detail','',NULL),('REV2004-08-452','REV2004-08-DEC','SYSTEM','REV2004-08','452','DEFERRED SPECIAL EDUCATION TAX INCOME','detail','',NULL),('REV2004-08-455','REV2004-08-DEC','SYSTEM','REV2004-08','455','OTHER DEFERRED CREDITS','detail','',NULL),('REV2004-08-501','REV2004-08-GOVEQ','SYSTEM','REV2004-08','501','GOVERNMENT EQUITY','detail','',NULL),('REV2004-08-502','REV2004-08-GOVEQ','SYSTEM','REV2004-08','502','CAPITAL STOCK','detail','',NULL),('REV2004-08-503','REV2004-08-GOVEQ','SYSTEM','REV2004-08','503','PAID IN CAPITAL IN EXCESS OF PAR VALUE','detail','',NULL),('REV2004-08-504','REV2004-08-GOVEQ','SYSTEM','REV2004-08','504','SUBSCRIBED CAPITAL STOCK','detail','',NULL),('REV2004-08-505','REV2004-08-GOVEQ','SYSTEM','REV2004-08','505','RESTRICTED CAPITAL','detail','',NULL),('REV2004-08-506','REV2004-08-GOVEQ','SYSTEM','REV2004-08','506','APPRAISAL CAPITAL STOCK','detail','',NULL),('REV2004-08-507','REV2004-08-GOVEQ','SYSTEM','REV2004-08','507','TREASURY STOCK','detail','',NULL),('REV2004-08-510','REV2004-08-GOVEQ','SYSTEM','REV2004-08','510','RETAINED EARNINGS','detail','',NULL),('REV2004-08-511','REV2004-08-INTACCT','SYSTEM','REV2004-08','511','COST OF GOODS SOLD','detail','',NULL),('REV2004-08-512','REV2004-08-INTACCT','SYSTEM','REV2004-08','512','INCOME AND EXPENSE SUMMARY','detail','',NULL),('REV2004-08-513','REV2004-08-INTACCT','SYSTEM','REV2004-08','513','RETAINED OPERATING SURPLUS ','detail','',NULL),('REV2004-08-551','REV2004-08-NATTAX','SYSTEM','REV2004-08','551','BUSINESS TAX','detail','',NULL),('REV2004-08-552','REV2004-08-NATTAX','SYSTEM','REV2004-08','552','CAPITAL GAINS TAX','detail','',NULL),('REV2004-08-553','REV2004-08-NATTAX','SYSTEM','REV2004-08','553','DOCUMENTARY STAMP TAX','detail','',NULL),('REV2004-08-554','REV2004-08-NATTAX','SYSTEM','REV2004-08','554','DONORS TAX','detail','',NULL),('REV2004-08-555','REV2004-08-NATTAX','SYSTEM','REV2004-08','555','ESTATE TAX','detail','',NULL),('REV2004-08-556','REV2004-08-NATTAX','SYSTEM','REV2004-08','556','EXCISE TAX ON ARTICLES','detail','',NULL),('REV2004-08-557','REV2004-08-NATTAX','SYSTEM','REV2004-08','557','FINAL TAX','detail','',NULL),('REV2004-08-558','REV2004-08-NATTAX','SYSTEM','REV2004-08','558','FRANCHISE TAX','detail','',NULL),('REV2004-08-559','REV2004-08-NATTAX','SYSTEM','REV2004-08','559','IMMIGRATION TAX','detail','',NULL),('REV2004-08-560','REV2004-08-NATTAX','SYSTEM','REV2004-08','560','IMPORT DUTIES','detail','',NULL),('REV2004-08-561','REV2004-08-NATTAX','SYSTEM','REV2004-08','561','INCOME TAX- INDIVIDUALS','detail','',NULL),('REV2004-08-562','REV2004-08-NATTAX','SYSTEM','REV2004-08','562','INCOME TAX- PARTNERSHIPS','detail','',NULL),('REV2004-08-563','REV2004-08-NATTAX','SYSTEM','REV2004-08','563','INCOME TAX- CORPORATIONS','detail','',NULL),('REV2004-08-564','REV2004-08-NATTAX','SYSTEM','REV2004-08','564','PROFESSIONAL TAX','detail','',NULL),('REV2004-08-565','REV2004-08-NATTAX','SYSTEM','REV2004-08','565','STOCK TRANSFER TAX','detail','',NULL),('REV2004-08-566','REV2004-08-NATTAX','SYSTEM','REV2004-08','566','TAX ON FOREST PRODUCTS','detail','',NULL),('REV2004-08-567','REV2004-08-NATTAX','SYSTEM','REV2004-08','567','VALUE ADDED TAX','detail','',NULL),('REV2004-08-568','REV2004-08-NATTAX','SYSTEM','REV2004-08','568','VALUE ADDED TAX- EXPANDED','detail','',NULL),('REV2004-08-569','REV2004-08-NATTAX','SYSTEM','REV2004-08','569','TRAVEL TAX','detail','',NULL),('REV2004-08-578','REV2004-08-NATTAX','SYSTEM','REV2004-08','578','OTHER NATIONAL TAXES','detail','',NULL),('REV2004-08-579','REV2004-08-NATTAX','SYSTEM','REV2004-08','579','FINES AND PENALTIES- NATIONAL TAXES','detail','',NULL),('REV2004-08-581','REV2004-08-LTAX','SYSTEM','REV2004-08','581','AMUSEMENT TAX','detail','',NULL),('REV2004-08-582','REV2004-08-LTAX','SYSTEM','REV2004-08','582','BUSINESS TAX','detail','',NULL),('REV2004-08-583','REV2004-08-LTAX','SYSTEM','REV2004-08','583','COMMUNITY TAX','detail','',NULL),('REV2004-08-584','REV2004-08-LTAX','SYSTEM','REV2004-08','584','FRANCHISE TAX','detail','',NULL),('REV2004-08-585','REV2004-08-LTAX','SYSTEM','REV2004-08','585','OCCUPATION TAX','detail','',NULL),('REV2004-08-586','REV2004-08-LTAX','SYSTEM','REV2004-08','586','PRINTING AND PUBLICATION TAX','detail','',NULL),('REV2004-08-587','REV2004-08-LTAX','SYSTEM','REV2004-08','587','PROPERTY TRANSFER TAX','detail','',NULL),('REV2004-08-588','REV2004-08-LTAX','SYSTEM','REV2004-08','588','REAL PROPERTY TAX','detail','',NULL),('REV2004-08-589','REV2004-08-LTAX','SYSTEM','REV2004-08','589','REAL PROPERTY TAX ON IDLE LANDS','detail','',NULL),('REV2004-08-590','REV2004-08-LTAX','SYSTEM','REV2004-08','590','SPECIAL ASSESMENT TAX','detail','',NULL),('REV2004-08-591','REV2004-08-LTAX','SYSTEM','REV2004-08','591','SPECIAL EDUCATION TAX','detail','',NULL),('REV2004-08-592','REV2004-08-LTAX','SYSTEM','REV2004-08','592','TAX ON DELIVERY TRUCKS AND VANS','detail','',NULL),('REV2004-08-593','REV2004-08-LTAX','SYSTEM','REV2004-08','593','TAX ON SAND, GRAVEL AND OTHER QUARRY PRODUCTS','detail','',NULL),('REV2004-08-598','REV2004-08-LTAX','SYSTEM','REV2004-08','598','OTHER LOCAL TAXES','detail','',NULL),('REV2004-08-599','REV2004-08-LTAX','SYSTEM','REV2004-08','599','FINES AND PENALTIES- LOCAL TAXES','detail','',NULL),('REV2004-08-601','REV2004-08-PERALI','SYSTEM','REV2004-08','601','FEES ON WEIGHTS AND MEASURES','detail','',NULL),('REV2004-08-602','REV2004-08-PERALI','SYSTEM','REV2004-08','602','FISHERY RENTAL FEES','detail','',NULL),('REV2004-08-603','REV2004-08-PERALI','SYSTEM','REV2004-08','603','FRANCHISING AND LICENSING FEES ','detail','',NULL),('REV2004-08-604','REV2004-08-PERALI','SYSTEM','REV2004-08','604','MOTOR VEHICLES USERS CHARGE','detail','',NULL),('REV2004-08-605','REV2004-08-PERALI','SYSTEM','REV2004-08','605','PERMIT FEES','detail','',NULL),('REV2004-08-606','REV2004-08-PERALI','SYSTEM','REV2004-08','606','REGISTRATION FEES','detail','',NULL),('REV2004-08-608','REV2004-08-PERALI','SYSTEM','REV2004-08','608','OTHER PERMITS AND LICENSES','detail','',NULL),('REV2004-08-609','REV2004-08-PERALI','SYSTEM','REV2004-08','609','FINES AND PENALTIES- LOCAL TAXES','detail','',NULL),('REV2004-08-611','REV2004-88-SERINC','SYSTEM','REV2004-08','611','AFFILIATION FEES','detail','',NULL),('REV2004-08-612','REV2004-88-SERINC','SYSTEM','REV2004-08','612','ATHLETIC AND CULTURAL FEES','detail','',NULL),('REV2004-08-613','REV2004-88-SERINC','SYSTEM','REV2004-08','613','CLEARANCE AND CERTIFICATION FEES','detail','',NULL),('REV2004-08-614','REV2004-88-SERINC','SYSTEM','REV2004-08','614','COMPREHENSIVE EXAMINATION FEES','detail','',NULL),('REV2004-08-615','REV2004-88-SERINC','SYSTEM','REV2004-08','615','DIPLOMA AND GRADUATION FEES','detail','',NULL),('REV2004-08-616','REV2004-88-SERINC','SYSTEM','REV2004-08','616','GARBAGE FEES','detail','',NULL),('REV2004-08-617','REV2004-88-SERINC','SYSTEM','REV2004-08','617','INSPECTION FEES','detail','',NULL),('REV2004-08-618','REV2004-88-SERINC','SYSTEM','REV2004-08','618','LIBRARY FEES','detail','',NULL),('REV2004-08-619','REV2004-88-SERINC','SYSTEM','REV2004-08','619','MEDICAL, DENTAL AND LABORATORY FEES','detail','',NULL),('REV2004-08-620','REV2004-88-SERINC','SYSTEM','REV2004-08','620','PASSPORT AND VISA FEES','detail','',NULL),('REV2004-08-621','REV2004-88-SERINC','SYSTEM','REV2004-08','621','PROCESSING FEES','detail','',NULL),('REV2004-08-622','REV2004-88-SERINC','SYSTEM','REV2004-08','622','SEMINAR FEES','detail','',NULL),('REV2004-08-623','REV2004-88-SERINC','SYSTEM','REV2004-08','623','TOLL AND TERMINAL FEES','detail','',NULL),('REV2004-08-624','REV2004-88-SERINC','SYSTEM','REV2004-08','624','TRANSCRIPT OF RECORD FEES','detail','',NULL),('REV2004-08-628','REV2004-88-SERINC','SYSTEM','REV2004-08','628','OTHER SERVICE INCOME','detail','',NULL),('REV2004-08-629','REV2004-88-SERINC','SYSTEM','REV2004-08','629','FINES AND PENALTIES- SERVICE INCOME','detail','',NULL),('REV2004-08-631','REV2004-08-BUIN','SYSTEM','REV2004-08','631','HOSPITAL FEES','detail','',NULL),('REV2004-08-632','REV2004-08-BUIN','SYSTEM','REV2004-08','632','INCOME FROM CANTEEN OPERATIONS','detail','',NULL),('REV2004-08-633','REV2004-08-BUIN','SYSTEM','REV2004-08','633','INCOME FROM CEMETARY OPERATIONS','detail','',NULL),('REV2004-08-634','REV2004-08-BUIN','SYSTEM','REV2004-08','634','INCOME FROM COMMUNICATION FACILITIES','detail','',NULL),('REV2004-08-635','REV2004-08-BUIN','SYSTEM','REV2004-08','635','INCOME FROM FROM DORMITORY OPERATIONS','detail','',NULL),('REV2004-08-636','REV2004-08-BUIN','SYSTEM','REV2004-08','636','INCOME FROM MARKETS','detail','',NULL),('REV2004-08-637','REV2004-08-BUIN','SYSTEM','REV2004-08','637','INCOME FROM SLAUGHTERHOUSES','detail','',NULL),('REV2004-08-638','REV2004-08-BUIN','SYSTEM','REV2004-08','638','INCOME FROM TRANSPORTATION SYSTEM','detail','',NULL),('REV2004-08-639','REV2004-08-BUIN','SYSTEM','REV2004-08','639','INCOME FROM WATERWORKS SYSTEM','detail','',NULL),('REV2004-08-640','REV2004-08-BUIN','SYSTEM','REV2004-08','640','LANDING AND PARKING FEES','detail','',NULL),('REV2004-08-641','REV2004-08-BUIN','SYSTEM','REV2004-08','641','PRINTING AND PUBLICATION INCOME','detail','',NULL),('REV2004-08-642','REV2004-08-BUIN','SYSTEM','REV2004-08','642','RENT INCOME','detail','',NULL),('REV2004-08-643','REV2004-08-BUIN','SYSTEM','REV2004-08','643','SALES REVENUE','detail','',NULL),('REV2004-08-644','REV2004-08-BUIN','SYSTEM','REV2004-08','644','TUITION FEES','detail','',NULL),('REV2004-08-648','REV2004-08-BUIN','SYSTEM','REV2004-08','648','OTHER BUSINESS INCOME','detail','',NULL),('REV2004-08-649','REV2004-08-BUIN','SYSTEM','REV2004-08','649','FINES AND PENALTIES- BUSINESS INCOME','detail','',NULL),('REV2004-08-651','REV2004-08-SUIN','SYSTEM','REV2004-08','651','SUBSIDY INCOME FROM NATIONAL GOVERNMENT','detail','',NULL),('REV2004-08-652','REV2004-08-SUIN','SYSTEM','REV2004-08','652','SUBSIDY FROM OTHER NATIONAL GOVERNMENT AGENCIES','detail','',NULL),('REV2004-08-653','REV2004-08-SUIN','SYSTEM','REV2004-08','653','SUBSIDY FROM CENTRAL OFFICE/HOME OFFICE','detail','',NULL),('REV2004-08-654','REV2004-08-SUIN','SYSTEM','REV2004-08','654','SUBSIDY FROM REGIONAL OFFICES/STAFF BUREAUS/BRANCH OFFICES','detail','',NULL),('REV2004-08-655','REV2004-08-SUIN','SYSTEM','REV2004-08','655','SUBSIDY FROM OPERATING UNITS','detail','',NULL),('REV2004-08-656','REV2004-08-SUIN','SYSTEM','REV2004-08','656','SUBSIDY FROM OTHER LGUs','detail','',NULL),('REV2004-08-657','REV2004-08-SUIN','SYSTEM','REV2004-08','657','SUBSIDY FROM OTHER FUNDS','detail','',NULL),('REV2004-08-658','REV2004-08-SUIN','SYSTEM','REV2004-08','658','SUBSIDY FROM SUBSIDIARIES/ AFFILIATES','detail','',NULL),('REV2004-08-661','REV2004-08-OGIN','SYSTEM','REV2004-08','661','DIVIDEND INCOME','detail','',NULL),('REV2004-08-662','REV2004-08-OGIN','SYSTEM','REV2004-08','662','INCOME FROM GRANTS AND DONATIONS','detail','',NULL),('REV2004-08-663','REV2004-08-OGIN','SYSTEM','REV2004-08','663','INSURANCE INCOME','detail','',NULL),('REV2004-08-664','REV2004-08-OGIN','SYSTEM','REV2004-08','664','INTEREST INCOME','detail','',NULL),('REV2004-08-665','REV2004-08-OGIN','SYSTEM','REV2004-08','665','INCOME REVENUE ALLOTMENT ','detail','',NULL),('REV2004-08-666','REV2004-08-OGIN','SYSTEM','REV2004-08','666','SALES OF CONFISCATED/ABANDONED/SEIZED GOODS AND PROPERTIES','detail','',NULL),('REV2004-08-667','REV2004-08-OGIN','SYSTEM','REV2004-08','667','SHARE FROM ECONOMIC ZONES','detail','',NULL),('REV2004-08-668','REV2004-08-OGIN','SYSTEM','REV2004-08','668','SHARE FROM EXPANDED VALUE ADDED TAX','detail','',NULL),('REV2004-08-669','REV2004-08-OGIN','SYSTEM','REV2004-08','669','SHARE FROM NATIONAL WEALTH','detail','',NULL),('REV2004-08-670','REV2004-08-OGIN','SYSTEM','REV2004-08','670 ','SHARE FROM PAGCOR/PCSO','detail','',NULL),('REV2004-08-671','REV2004-08-OGIN','SYSTEM','REV2004-08','671','SHARE FROM TOBACCO EXCISE TAX','detail','',NULL),('REV2004-08-678','REV2004-08-OGIN','SYSTEM','REV2004-08','678','MISCELLANEOUS INCOME','detail','',NULL),('REV2004-08-679','REV2004-08-OGIN','SYSTEM','REV2004-08','679','OTHER FINES AND PENALTIES','detail','',NULL),('REV2004-08-681','REV2004-08-GALO','SYSTEM','REV2004-08','681','GAIN/LOSS ON FOREIGN EXCHANGE (FOREX)','detail','',NULL),('REV2004-08-682','REV2004-08-GALO','SYSTEM','REV2004-08','682','GAIN/LOSS ON SALE OF DISPOSED ASSETS','detail','',NULL),('REV2004-08-683','REV2004-08-GALO','SYSTEM','REV2004-08','683','GAIN/LOSS ON SALE OF SECURITIES','detail','',NULL),('REV2004-08-684','REV2004-08-GALO','SYSTEM','REV2004-08','684','PRIOR YEARS\' ADJUSTMENTS','detail','',NULL),('REV2004-08-701','REV2004-08-SAWA','SYSTEM','REV2004-08','701','SALARIES AND WAGES- REGULAR','detail','',NULL),('REV2004-08-702','REV2004-08-SAWA','SYSTEM','REV2004-08','702','SALARIES AND WAGES- MILITARY/UNIFORMED ','detail','',NULL),('REV2004-08-703','REV2004-08-SAWA','SYSTEM','REV2004-08','703','SALARIES AND WAGES- PART-TIME','detail','',NULL),('REV2004-08-704','REV2004-08-SAWA','SYSTEM','REV2004-08','704','SALARIES AND WAGES- SUBSTITUTE','detail','',NULL),('REV2004-08-705','REV2004-08-SAWA','SYSTEM','REV2004-08','705','SALARIES AND WAGES- CASUAL','detail','',NULL),('REV2004-08-706','REV2004-08-SAWA','SYSTEM','REV2004-08','706','SALARIES AND WAGES- CONTRACTUAL','detail','',NULL),('REV2004-08-707','REV2004-08-SAWA','SYSTEM','REV2004-08','707','SALARIES AND WAGES- EMERGENCY','detail','',NULL),('REV2004-08-711','REV2004-08-OTCOMP','SYSTEM','REV2004-08','711','PERSONNEL ECONOMIC RELIEF ALLOWANCE (PERA)','detail','',NULL),('REV2004-08-712','REV2004-08-OTCOMP','SYSTEM','REV2004-08','712','ADDITIONAL COMPENSATION (ADCOM) ','detail','',NULL),('REV2004-08-713','REV2004-08-OTCOMP','SYSTEM','REV2004-08','713','REPRESENTATION ALLOWANCE (RA)','detail','',NULL),('REV2004-08-714','REV2004-08-OTCOMP','SYSTEM','REV2004-08','714','TRANSPORTATION ALLOWANCE (TA)','detail','',NULL),('REV2004-08-715','REV2004-08-OTCOMP','SYSTEM','REV2004-08','715','CLOTHING/ UNIFORM ALLOWANCE','detail','',NULL),('REV2004-08-716','REV2004-08-OTCOMP','SYSTEM','REV2004-08','716','SUBSISTENCE, LAUNDRY AND QUARTERS ALLOWANCE','detail','',NULL),('REV2004-08-717','REV2004-08-OTCOMP','SYSTEM','REV2004-08','717','PRODUCTIVITY INCENTIVE ALLOWANCE','detail','',NULL),('REV2004-08-718','REV2004-08-OTCOMP','SYSTEM','REV2004-08','718','OVERSEAS ALLOWANCE ','detail','',NULL),('REV2004-08-719','REV2004-08-OTCOMP','SYSTEM','REV2004-08','719','OTHER BONUSES AND ALLOWANCES','detail','',NULL),('REV2004-08-720','REV2004-08-OTCOMP','SYSTEM','REV2004-08','720','HONORARIA','detail','',NULL),('REV2004-08-721','REV2004-08-OTCOMP','SYSTEM','REV2004-08','721','HAZARD PAY','detail','',NULL),('REV2004-08-722','REV2004-08-OTCOMP','SYSTEM','REV2004-08','722','LONGEVITY PAY','detail','',NULL),('REV2004-08-723','REV2004-08-OTCOMP','SYSTEM','REV2004-08','723','OVERTIME AND NIGHT PAY','detail','',NULL),('REV2004-08-724','REV2004-08-OTCOMP','SYSTEM','REV2004-08','724','CASH GIFT','detail','',NULL),('REV2004-08-725','REV2004-08-OTCOMP','SYSTEM','REV2004-08','725','YEAR END BONUS','detail','',NULL),('REV2004-08-731','REV2004-08-PEBEC','SYSTEM','REV2004-08','731','LIFE AND RETIREMENT INSURANCE CONTRIBUTIONS','detail','',NULL),('REV2004-08-732','REV2004-08-PEBEC','SYSTEM','REV2004-08','732','PAG-IBIG CONTRIBUTIONS','detail','',NULL),('REV2004-08-733','REV2004-08-PEBEC','SYSTEM','REV2004-08','733','PHILHEALTH CONTRIBUTIONS','detail','',NULL),('REV2004-08-734','REV2004-08-PEBEC','SYSTEM','REV2004-08','734','ECC CONTRIBUTIONS','detail','',NULL),('REV2004-08-738','REV2004-08-OPB','SYSTEM','REV2004-08','738','PENSION BENEFITS- CIVILIAN','detail','',NULL),('REV2004-08-739','REV2004-08-OPB','SYSTEM','REV2004-08','739','PENSION BENEFITS- MILITARY/ UNIFORMED','detail','',NULL),('REV2004-08-740','REV2004-08-OPB','SYSTEM','REV2004-08','740','RETIREMENT BENEFITS- CIVILIAN','detail','',NULL),('REV2004-08-741','REV2004-08-OPB','SYSTEM','REV2004-08','741','RETIREMENT BENEFITS- MILITARY/ UNIFORMED','detail','',NULL),('REV2004-08-742','REV2004-08-OPB','SYSTEM','REV2004-08','742','TERMINAL LEAVE BENEFITS','detail','',NULL),('REV2004-08-743','REV2004-08-OPB','SYSTEM','REV2004-08','743','HEALTH WORKERS BENEFITS','detail','',NULL),('REV2004-08-749','REV2004-08-OPB','SYSTEM','REV2004-08','749','OTHER PERSONNEL BENEFITS','detail','',NULL),('REV2004-08-751','REV2004-08-TRAEX','SYSTEM','REV2004-08','751','TRAVELING EXPENSES- LOCAL','detail','',NULL),('REV2004-08-752','REV2004-08-TRAEX','SYSTEM','REV2004-08','752','TRAVELING EXPENSES- FOREIGN','detail','',NULL),('REV2004-08-753','REV2004-08-TSE','SYSTEM','REV2004-08','753','TRAINING EXPENSES','detail','',NULL),('REV2004-08-754','REV2004-08-TSE','SYSTEM','REV2004-08','754','SCHOLARSHIP EXPENSES','detail','',NULL),('REV2004-08-755','REV2004-08-SME','SYSTEM','REV2004-08','755','OFFICE SUPPLIES EXPENSES','detail','',NULL),('REV2004-08-756','REV2004-08-SME','SYSTEM','REV2004-08','756','ACCOUNTABLE FORMS EXPENSE','detail','',NULL),('REV2004-08-757','REV2004-08-SME','SYSTEM','REV2004-08','757','ANIMAL/ZOOLOGICAL SUPPLIES EXPENSE','detail','',NULL),('REV2004-08-758','REV2004-08-SME','SYSTEM','REV2004-08','758','FOOD SUPPLIES EXPENSES','detail','',NULL),('REV2004-08-759','REV2004-08-SME','SYSTEM','REV2004-08','759','DRUGS AND MEDICINES EXPENSES','detail','',NULL),('REV2004-08-760','REV2004-08-SME','SYSTEM','REV2004-08','760','MEDICAL, DENTAL AND LABORATORY SUPPLIES EXPENSES','detail','',NULL),('REV2004-08-761','REV2004-08-SME','SYSTEM','REV2004-08','761','GASOLINE, OIL AND LUBRICANTS EXPENSES','detail','',NULL),('REV2004-08-762','REV2004-08-SME','SYSTEM','REV2004-08','762','AGRICULTURAL SUPPLIES EXPENSE','detail','',NULL),('REV2004-08-763','REV2004-08-SME','SYSTEM','REV2004-08','763','TEXTBOOKS AND INSTRUCTIONAL MATERIALS','detail','',NULL),('REV2004-08-764','REV2004-08-SME','SYSTEM','REV2004-08','764','MILITARY AND POLICE SUPPLIES EXPENSES','detail','',NULL),('REV2004-08-765','REV2004-08-SME','SYSTEM','REV2004-08','765','OTHER SUPPLIES EXPENSES','detail','',NULL),('REV2004-08-766','REV2004-08-UEXP','SYSTEM','REV2004-08','766','WATER EXPENSES','detail','',NULL),('REV2004-08-767','REV2004-08-UEXP','SYSTEM','REV2004-08','767','ELECTRICITY EXPENSES','detail','',NULL),('REV2004-08-768','REV2004-08-UEXP','SYSTEM','REV2004-08','768','COOKING GAS EXPENSES','detail','',NULL),('REV2004-08-771','REV2004-08-COEXP','SYSTEM','REV2004-08','771','POSTAGE AND DELIVIRIES','detail','',NULL),('REV2004-08-772','REV2004-08-COEXP','SYSTEM','REV2004-08','772','TELEPHONE EXPENSES- LANDLINE','detail','',NULL),('REV2004-08-773','REV2004-08-COEXP','SYSTEM','REV2004-08','773','TELEPHONE EXPENSES- MOBILE','detail','',NULL),('REV2004-08-774','REV2004-08-COEXP','SYSTEM','REV2004-08','774','INTERNET EXPENSES','detail','',NULL),('REV2004-08-775','REV2004-08-COEXP','SYSTEM','REV2004-08','775','CABLE, SATELLITE, TELEGRAPH AND RADIO EXPENSES','detail','',NULL),('REV2004-08-778','REV2004-08-MDCO','SYSTEM','REV2004-08','778','MEMBERSHIP DUES AND CONTRIBUTION TO ORGANIZATIONS','detail','',NULL),('REV2004-08-779','REV2004-08-AWIN','SYSTEM','REV2004-08','779','AWARDS AND INDEMNITIES','detail','',NULL),('REV2004-08-780','REV2004-08-ADEX','SYSTEM','REV2004-08','780','ADVERTISING EXPENSES','detail','',NULL),('REV2004-08-781','REV2004-08-PBE','SYSTEM','REV2004-08','781','PRINTING AND BINDING EXPENSES','detail','',NULL),('REV2004-08-782','REV2004-08-REEX','SYSTEM','REV2004-08','782','RENT EXPENSES','detail','',NULL),('REV2004-08-783','REV2004-08-REPEX','SYSTEM','REV2004-08','783','REPRESENTATION EXPENSES','detail','',NULL),('REV2004-08-784','REV2004-08-TRADE','SYSTEM','REV2004-08','784','TRANSPORTATION AND DELIVERY EXPENSES','detail','',NULL),('REV2004-08-785','REV2004-08-STOEX','SYSTEM','REV2004-08','785','STORAGE EXPENSES','detail','',NULL),('REV2004-08-786','REV2004-08-SUBEX','SYSTEM','REV2004-08','786','SUBSCRIPTION EXPENSES','detail','',NULL),('REV2004-08-787','REV2004-08-SUREX','SYSTEM','REV2004-08','787','SURVEY EXPENSES','detail','',NULL),('REV2004-08-788','REV2004-08-REOC','SYSTEM','REV2004-08','788','REWARDS AND OTHER CLAIMS','detail','',NULL),('REV2004-08-791','REV2004-08-PROSE','SYSTEM','REV2004-08','791','LEGAL SERVICES','detail','',NULL),('REV2004-08-792','REV2004-08-PROSE','SYSTEM','REV2004-08','792','AUDITING SERVICES','detail','',NULL),('REV2004-08-793','REV2004-08-PROSE','SYSTEM','REV2004-08','793','CONSULTANCY SERVICES','detail','',NULL),('REV2004-08-794','REV2004-08-PROSE','SYSTEM','REV2004-08','794','ENVIRONMENT/SANITARY SERVICES','detail','',NULL),('REV2004-08-795','REV2004-08-PROSE','SYSTEM','REV2004-08','795','GENERAL SERVICES','detail','',NULL),('REV2004-08-796','REV2004-08-PROSE','SYSTEM','REV2004-08','796','JANITORIAL SERVICES','detail','',NULL),('REV2004-08-797','REV2004-08-PROSE','SYSTEM','REV2004-08','797','SECURITY SERVICES','detail','',NULL),('REV2004-08-799','REV2004-08-PROSE','SYSTEM','REV2004-08','799','OTHER PROFESSIONAL SERVICES','detail','',NULL),('REV2004-08-802','REV2004-08-LIMP','SYSTEM','REV2004-08','802','REPAIRS AND MAINTENANCE- LAND IMPROVEMENTS','detail','',NULL),('REV2004-08-803','REV2004-08-LIMP','SYSTEM','REV2004-08','803','REPAIRS AND MAINTENANCE- RUNWAYS/TAXIWAYS','detail','',NULL),('REV2004-08-804','REV2004-08-LIMP','SYSTEM','REV2004-08','804','REPAIRS AND MAINTENANCE- RAILWAYS','detail','',NULL),('REV2004-08-805','REV2004-08-LIMP','SYSTEM','REV2004-08','805','REPAIRS AND MAINTENANCE- ELECTRIFICATION, POWER AND ENERGY STRUCTURES','detail','',NULL),('REV2004-08-811','REV2004-08-BLDGS','SYSTEM','REV2004-08','811','REPAIRS AND MAINTENANCE- OFFICE BUILDINGS','detail','',NULL),('REV2004-08-812','REV2004-08-BLDGS','SYSTEM','REV2004-08','812','REPAIRS AND MAINTENANCE- SCHOOL BUILDINGS','detail','',NULL),('REV2004-08-813','REV2004-08-BLDGS','SYSTEM','REV2004-08','813','REPAIRS AND MAINTENANCE- HOSPITALS AND HEALTH CENTERS','detail','',NULL),('REV2004-08-814','REV2004-08-BLDGS','SYSTEM','REV2004-08','814','REPAIRS AND MAINTENANCE- MARKETS AND SLAUGHTERHOUSES','detail','',NULL),('REV2004-08-815','REV2004-08-BLDGS','SYSTEM','REV2004-08','815','REPAIRS AND MAINTENANCE- OTHER STRUCTURES','detail','',NULL),('REV2004-08-818','REV2014-08-LIMPR','SYSTEM','REV2004-08','818','REPAIRS AND MAINTENANCE- LEASEHOLD IMPROVEMENTS, LAND','detail','',NULL),('REV2004-08-819','REV2014-08-LIMPR','SYSTEM','REV2004-08','819','REPAIRS AND MAINTENANCE- LEASEHOLD IMPROVEMENTS, BUILDINGS','detail','',NULL),('REV2004-08-820','REV2014-08-LIMPR','SYSTEM','REV2004-08','820','REPAIRS AND MAINTENANCE- OTHER LEASEHOLD IMPROVEMENTS','detail','',NULL),('REV2004-08-821','REV2014-08-OEFAF','SYSTEM','REV2004-08','821','REPAIRS AND MAINTENANCE- OFFICE EQUIPMENT','detail','',NULL),('REV2004-08-822','REV2014-08-OEFAF','SYSTEM','REV2004-08','822','REPAIRS AND MAINTENANCE- FURNITURE AND FIXTURES','detail','',NULL),('REV2004-08-823','REV2014-08-OEFAF','SYSTEM','REV2004-08','823','REPAIRS AND MAINTENANCE- IT EQUIPMENT AND SOFTWARE','detail','',NULL),('REV2004-08-826','REV2004-08-MAE','SYSTEM','REV2004-08','826','REPAIRS AND MAINTENANCE- MACHINERY','detail','',NULL),('REV2004-08-827','REV2004-08-MAE','SYSTEM','REV2004-08','827','REPAIRS AND MAINTENANCE- AGRICULTURAL, FISHERY AND FORESTRY EQUIPMENT','detail','',NULL),('REV2004-08-828','REV2004-08-MAE','SYSTEM','REV2004-08','828','REPAIRS AND MAINTENANCE- AIRPORT EQUIPMENT','detail','',NULL),('REV2004-08-829','REV2004-08-MAE','SYSTEM','REV2004-08','829','REPAIRS AND MAINTENANCE- COMMUNICATION EQUIPMENT','detail','',NULL),('REV2004-08-830','REV2004-08-MAE','SYSTEM','REV2004-08','830','REPAIRS AND MAINTENANCE- CONSTRUCTION AND HEAVY EQUIPMENT','detail','',NULL),('REV2004-08-831','REV2004-08-MAE','SYSTEM','REV2004-08','831','REPAIRS AND MAINTENANCE- FIREFIGHTING EQUIPMENT AND ACCESSORIES','detail','',NULL),('REV2004-08-832','REV2004-08-MAE','SYSTEM','REV2004-08','832','REPAIRS AND MAINTENANCE- HOSPITAL EQUIPMENT','detail','',NULL),('REV2004-08-833','REV2004-08-MAE','SYSTEM','REV2004-08','833','REPAIRS AND MAINTENANCE- MEDICAL, DENTAL AND LABORATORY EQUIPMENT','detail','',NULL),('REV2004-08-834','REV2004-08-MAE','SYSTEM','REV2004-08','834','REPAIRS AND MAINTENANCE- MILITARY AND POLICE EQUIPMENT','detail','',NULL),('REV2004-08-835','REV2004-08-MAE','SYSTEM','REV2004-08','835','REPAIRS AND MAINTENANCE- SPORTS EQUIPMENT ','detail','',NULL),('REV2004-08-836','REV2004-08-MAE','SYSTEM','REV2004-08','836','REPAIRS AND MAINTENANCE- TECHNICAL AND SCIENTIFIC EQUIPMENT ','detail','',NULL),('REV2004-08-840','REV2004-08-MAE','SYSTEM','REV2004-08','840','REPAIRS AND MAINTENANCE- OTHER MACHINERY AND EQUIPMENT','detail','',NULL),('REV2004-08-841','REV2004-08-TRAEQ','SYSTEM','REV2004-08','841','REPAIRS AND MAINTENANCE- MOTOR VEHICLES','detail','',NULL),('REV2004-08-842','REV2004-08-TRAEQ','SYSTEM','REV2004-08','842','REPAIRS AND MAINTENANCE- TRAINS','detail','',NULL),('REV2004-08-843','REV2004-08-TRAEQ','SYSTEM','REV2004-08','843','REPAIRS AND MAINTENANCE- AIRCRAFTS AND AIRCRAFT GROUND EQUIPMENT','detail','',NULL),('REV2004-08-844','REV2004-08-TRAEQ','SYSTEM','REV2004-08','844','REPAIRS AND MAINTENANCE- WATERCRAFTS','detail','',NULL),('REV2004-08-848','REV2004-08-TRAEQ','SYSTEM','REV2004-08','848','REPAIRS AND MAINTENANCE- OTHER TRANSPORTATION EQUIPMENT','detail','',NULL),('REV2004-08-850','OPPAE','SYSTEM','REV2004-08','850','REPAIRS AND MAINTENANCE - OTHER PROPERTY, PLANT AND EQUIPMENT','detail','',NULL),('REV2004-08-851','PINFRA','SYSTEM','REV2004-08','851','REPAIRS AND MAINTENANCE- ROADS, HIGHWAYS AND BRIDGES','detail','',NULL),('REV2004-08-852','PINFRA','SYSTEM','REV2004-08','852','REPAIRS AND MAINTENANCE- PARKS, PLAZAS AND MONUMENTS','detail','',NULL),('REV2004-08-853','PINFRA','SYSTEM','REV2004-08','853','REPAIRS AND MAINTENANCE- PORTS, LIGHTHOUSES AND HARBORS ','detail','',NULL),('REV2004-08-854','PINFRA','SYSTEM','REV2004-08','854','REPAIRS AND MAINTENANCE- ARTESIAN WELLS, RESERVIORS, PUMPING STATIONS AND CONDUITS','detail','',NULL),('REV2004-08-855','PINFRA','SYSTEM','REV2004-08','855','REPAIRS AND MAINTENANCE- IRRIGATION, CANALS AND LATERALS','detail','',NULL),('REV2004-08-856','PINFRA','SYSTEM','REV2004-08','856','REPAIRS AND MAINTENANCE- FLOOD CONTROLS','detail','',NULL),('REV2004-08-857','PINFRA','SYSTEM','REV2004-08','857','REPAIRS AND MAINTENANCE- WATERWAYS, AQUEDUCTS, SEAWALLS, RIVER WALLS AND OTHERS','detail','',NULL),('REV2004-08-860','PINFRA','SYSTEM','REV2004-08','860','REPAIRS AND MAINTENANCE- OTHER PUBLIC INFRASTRUCTURES','detail','',NULL),('REV2004-08-861','REV2004-08-REPRO','SYSTEM','REV2004-08','861','REPAIRS AND MAINTENANCE- REFORESTATION- UPLAND','detail','',NULL),('REV2004-08-862','REV2004-08-REPRO','SYSTEM','REV2004-08','862','REPAIRS AND MAINTENANCE- REFORESTATION- MARSHLAND/ SWAMPLAND','detail','',NULL),('REV2004-08-871','REV2004-08-SUDO','SYSTEM','REV2004-08','871','SUBSIDY TO NATIONAL GOVERNMENT AGENCIES','detail','',NULL),('REV2004-08-872','REV2004-08-SUDO','SYSTEM','REV2004-08','872','SUBSIDY TO REGIONAL OFFICES/STAFF BUREAUS/BRANCH OFFICES','detail','',NULL),('REV2004-08-873','REV2004-08-SUDO','SYSTEM','REV2004-08','873','SUBSIDY TO OPERATING UNITS','detail','',NULL),('REV2004-08-874','REV2004-08-SUDO','SYSTEM','REV2004-08','874','SUBSIDY TO LOCAL GOVERNMENT UNITS','detail','',NULL),('REV2004-08-875','REV2004-08-SUDO','SYSTEM','REV2004-08','875','SUBSIDY TO LOCAL GOVERNMENT OWNED AND/OR CONTROLLED OPERATIONS','detail','',NULL),('REV2004-08-876','REV2004-08-SUDO','SYSTEM','REV2004-08','876','SUBSIDY TO NGOs/POs','detail','',NULL),('REV2004-08-877','REV2004-08-SUDO','SYSTEM','REV2004-08','877','SUBSIDY TO OTHER FUNDS','detail','',NULL),('REV2004-08-878','REV2004-08-SUDO','SYSTEM','REV2004-08','878','DONATIONS','detail','',NULL),('REV2004-08-881','REV2004-08-CIEME','SYSTEM','REV2004-08','881','CONFIDENTIAL EXPENSES','detail','',NULL),('REV2004-08-882','REV2004-08-CIEME','SYSTEM','REV2004-08','882','INTELLIGENCE EXPENSES','detail','',NULL),('REV2004-08-883','REV2004-08-CIEME','SYSTEM','REV2004-08','883','EXTRAORDINARY EXPENSES','detail','',NULL),('REV2004-08-884','REV2004-08-CIEME','SYSTEM','REV2004-08','884','MISCELLANEOUS EXPENSES','detail','',NULL),('REV2004-08-891','REV2004-08-TIPOF','SYSTEM','REV2004-08','891','TAXES, DUTIES AND LICENSES','detail','',NULL),('REV2004-08-892','REV2004-08-TIPOF','SYSTEM','REV2004-08','892','FIDELITY BOND PREMIUMS','detail','',NULL),('REV2004-08-893','REV2004-08-TIPOF','SYSTEM','REV2004-08','893','INSURANCE EXPENSES','detail','',NULL),('REV2004-08-901','REV2004-08-BDE','SYSTEM','REV2004-08','901','BAD DEBTS EXPENSES','detail','',NULL),('REV2004-08-902','LANDIMPR','SYSTEM','REV2004-08','902','DEPRECIATION- LAND IMPROVEMENTS','detail','',NULL),('REV2004-08-903','LANDIMPR','SYSTEM','REV2004-08','903','DEPRECIATION- RUNWAYS/TAXIWASYS','detail','',NULL),('REV2004-08-904','LANDIMPR','SYSTEM','REV2004-08','904','DEPRECIATION- RAILWAYS','detail','',NULL),('REV2004-08-905','LANDIMPR','SYSTEM','REV2004-08','905','DEPRECIATION- ELECTRIFICATION, POWER AND ENERGY STRUCTURES','detail','',NULL),('REV2004-08-911','BUILDGS','SYSTEM','REV2004-08','911','DEPRECIATION- OFFICE BUILDINGS','detail','',NULL),('REV2004-08-912','BUILDGS','SYSTEM','REV2004-08','912','DEPRECIATION- SCHOOL BUILDINGS','detail','',NULL),('REV2004-08-913','BUILDGS','SYSTEM','REV2004-08','913','DEPRECIATION- HOSPITALS AND HEALTH CENTERS','detail','',NULL),('REV2004-08-914','BUILDGS','SYSTEM','REV2004-08','914','DEPRECIATION- MARKETS AND SLAUGHTERHOUSES','detail','',NULL),('REV2004-08-915','BUILDGS','SYSTEM','REV2004-08','915','DEPRECIATION- OTHER STRUCTURES','detail','',NULL),('REV2004-08-918','LHIMPR','SYSTEM','REV2004-08','918','DEPRECIATION- LEASEHOLD IMPROVEMENTS, LAND','detail','',NULL),('REV2004-08-919','LHIMPR','SYSTEM','REV2004-08','919','DEPRECIATION- LEASEHOLD IMPROVEMENTS, BUILDINGS','detail','',NULL),('REV2004-08-920','LHIMPR','SYSTEM','REV2004-08','920','DEPRECIATION- OTHER LEASEHOLD IMPROVEMENTS','detail','',NULL),('REV2004-08-921','OFEFF','SYSTEM','REV2004-08','921','DEPRECIATION- OFFICE EQUIPMENT','detail','',NULL),('REV2004-08-922','OFEFF','SYSTEM','REV2004-08','922','DEPRECIATION- FURNITURE AND FIXTURES','detail','',NULL),('REV2004-08-923','OFEFF','SYSTEM','REV2004-08','923','DEPRECIATION- IT EQUIPMENT','detail','',NULL),('REV2004-08-924','OFEFF','SYSTEM','REV2004-08','924','DEPRECIATION- LIBRARY BOOKS','detail','',NULL),('REV2004-08-926','REV2004-08-MACEQ','SYSTEM','REV2004-08','926','DEPRECIATION- MACHINERY','detail','',NULL),('REV2004-08-927','REV2004-08-MACEQ','SYSTEM','REV2004-08','927','DEPRECIATION- AGRICULTURAL, FISHERY AND FORESTRY EQUIPMENT','detail','',NULL),('REV2004-08-928','REV2004-08-MACEQ','SYSTEM','REV2004-08','928','DEPRECIATION- AIRPORT EQUIPMENT','detail','',NULL),('REV2004-08-929','REV2004-08-MACEQ','SYSTEM','REV2004-08','929','DEPRECIATION- COMMUNICATION EQUIPMENT','detail','',NULL),('REV2004-08-930','REV2004-08-MACEQ','SYSTEM','REV2004-08','930','DEPRECIATION- CONSTRUCTION AND HEAVY EQUIPMENT','detail','',NULL),('REV2004-08-931','REV2004-08-MACEQ','SYSTEM','REV2004-08','931','DEPRECIATION- FIREFIGHTING EQUIPMENT AND ACCESSORIES','detail','',NULL),('REV2004-08-932','REV2004-08-MACEQ','SYSTEM','REV2004-08','932','DEPRECIATION- HOSPITAL EQUIPMENT','detail','',NULL),('REV2004-08-933','REV2004-08-MACEQ','SYSTEM','REV2004-08','933','DEPRECIATION- HOSPITAL EQUIPMENT','detail','',NULL),('REV2004-08-934','REV2004-08-MACEQ','SYSTEM','REV2004-08','934','DEPRECIATION- MILITARY AND POLICE EQUIPMENT','detail','',NULL),('REV2004-08-935','REV2004-08-MACEQ','SYSTEM','REV2004-08','935','DEPRECIATION- SPORTS EQUIPMENT','detail','',NULL),('REV2004-08-936','REV2004-08-MACEQ','SYSTEM','REV2004-08','936','DEPRECIATION- TECHNICAL AND SCIENTIFIC EQUIPMENT','detail','',NULL),('REV2004-08-940','REV2004-08-MACEQ','SYSTEM','REV2004-08','940','DEPRECIATION- OTHER MACHINERIES ANDE EQUIPMENT','detail','',NULL),('REV2004-08-941','TRASPOEQ','SYSTEM','REV2004-08','941','DEPRECIATION- MOTOR VEHICLES','detail','',NULL),('REV2004-08-942','TRASPOEQ','SYSTEM','REV2004-08','942','DEPRECIATION- TRAINS','detail','',NULL),('REV2004-08-943','TRASPOEQ','SYSTEM','REV2004-08','943','DEPRECIATION- AIRCRAFTS AND AIRCRAFT GROUND EQUIPMENT','detail','',NULL),('REV2004-08-944','TRASPOEQ','SYSTEM','REV2004-08','944','DEPRECIATION- WATERCRAFTS','detail','',NULL),('REV2004-08-948','TRASPOEQ','SYSTEM','REV2004-08','948','DEPRECIATION- OTHER TRANSPORATION EQUIPMENT','detail','',NULL),('REV2004-08-950','DOPPE','SYSTEM','REV2004-08','950','DEPRECIATION- OTHER PROPERTY, PLANT AND EQUIPMENT','detail','',NULL),('REV2004-08-951','DEPL','SYSTEM','REV2004-08','951','OBSOLESCENCE- IT SOFTWARE','detail','',NULL),('REV2004-08-954','REV2004-08-DIS','SYSTEM','REV2004-08','954','DISCOUNT ON REAL PROPERTY TAXES','detail','',NULL),('REV2004-08-955','REV2004-08-DIS','SYSTEM','REV2004-08','955','DISCOUNT ON SPECIAL EDUCATION TAX','detail','',NULL),('REV2004-08-957','TEAR','SYSTEM','REV2004-08','957','LOSS FROM TAX EXEMPTIONS','detail','',NULL),('REV2004-08-958','TEAR','SYSTEM','REV2004-08','958','TAX REFUNDS','detail','',NULL),('REV2004-08-959','REV2004-08-RNTT','SYSTEM','REV2004-08','959','REMITTANCE TO NATIONAL TREASURY FROM ASSET DISPOSAL','detail','',NULL),('REV2004-08-961','REV2004-08-OMOE','SYSTEM','REV2004-08','961','LOSS OF ASSETS','detail','',NULL),('REV2004-08-962','REV2004-08-OMOE','SYSTEM','REV2004-08','962','LOSS OF GUARANTY','detail','',NULL),('REV2004-08-969','REV2004-08-OMOE','SYSTEM','REV2004-08','969','OTHER MAINTENANCE AND OPERATING EXPENSES','detail','',NULL),('REV2004-08-971','REV2004-08-FIEX','SYSTEM','REV2004-08','971','BANK CHARGES','detail','',NULL),('REV2004-08-972','REV2004-08-FIEX','SYSTEM','REV2004-08','972','COMMITMENT FEES','detail','',NULL),('REV2004-08-973','REV2004-08-FIEX','SYSTEM','REV2004-08','973','DEBT SERVICE SUBSIDY TO GOCCs','detail','',NULL),('REV2004-08-974','REV2004-08-FIEX','SYSTEM','REV2004-08','974','DOCUMENTARY STAMP EXPENSES','detail','',NULL),('REV2004-08-975','REV2004-08-FIEX','SYSTEM','REV2004-08','975','INTEREST EXPENSES','detail','',NULL),('REV2004-08-979','REV2004-08-FIEX','SYSTEM','REV2004-08','979','OTHER FINANCIAL CHARGES','detail','',NULL),('REV2004-08-AASSET','REV2004-08-COP','SYSTEM','REV2004-08','AASSET','AGENCY ASSETS','group','',NULL),('REV2004-08-ADEX','REV2004-08-MOOE','SYSTEM','REV2004-08','ADEX','ADVERTISING EXPENSES','group','',NULL),('REV2004-08-AFF','REV2004-08-INV','SYSTEM','REV2004-08','AFF','AGRICULTURAL, FISHERY AND FORESTRY PRODUCTS','group','',NULL),('REV2004-08-AWIN','REV2004-08-MOOE','SYSTEM','REV2004-08','AWIN ','AWARDS AND INDEMNITIES','group','',NULL),('REV2004-08-BDE','REV2004-08-NONCASH','SYSTEM','REV2004-08','BDE','BAD DEBTS EXPENSES','group','',NULL),('REV2004-08-BLDGS','REV2004-08-RAM','SYSTEM','REV2004-08','BLDGS','BUILDINGS','group','',NULL),('REV2004-08-BUI','REV2004-08-PPE','SYSTEM','REV2004-08','BUI','BUILDING','group','',NULL),('REV2004-08-BUIN','REV2004-08-GENIN','SYSTEM','REV2004-08','BUIN','BUSINESS INCOME','group','',NULL),('REV2004-08-CA','REV2004-08-CASSETS','SYSTEM','REV2004-08','A*','CASH','group','',NULL),('REV2004-08-CABFC','REV2004-08-CA','SYSTEM','REV2004-08','CABFC','CASH IN BANK- FOREIGN CURRENCY ','group','',NULL),('REV2004-08-CABLC','REV2004-08-CA','SYSTEM','REV2004-08','CABLC','CASH IN BANK- LOCAL CURRENCY','group','',NULL),('REV2004-08-CAH','REV2004-08-CA','SYSTEM','REV2004-08','CAH','CASH ON HAND','group','',NULL),('REV2004-08-CANT','REV2004-08-CA','SYSTEM','REV2004-08','CANT','CASH IN NATIONAL TREASURY','group','',NULL),('REV2004-08-CASSETS','01','SYSTEM','REV2004-08','CASSETS','CURRENT ASSETS','group','',NULL),('REV2004-08-CIEME','REV2004-08-MOOE','SYSTEM','REV2004-08','CIEME','CONFIDENCE, INTELLIGENCE, EXTRAORIDINARY AND MISCELLANEOUS EXPENSES','group','',NULL),('REV2004-08-CLIA','02','SYSTEM','REV2004-08','LA','CURRENT LIABILITIES','group','',NULL),('REV2004-08-COEXP','REV2004-08-MOOE','SYSTEM','REV2004-08','COEXP','COMMUNICATION EXPENSES','group','',NULL),('REV2004-08-COP','REV2004-08-PPE','SYSTEM','REV2004-08','COP','CONSTRUTION IN PROGRESS','group','',NULL),('REV2004-08-DEC','02','SYSTEM','REV2004-08','LB','DEFERRED CREDITS','group','',NULL),('REV2004-08-DEP','REV2004-08-NONCASH','SYSTEM','REV2004-08','DEP','DEPRECIATION','group','',NULL),('REV2004-08-DIS','REV2004-08-NONCASH','SYSTEM','REV2004-08','DIS','DISCOUNTS','group','',NULL),('REV2004-08-FIEX','05','SYSTEM','REV2004-08','FIEX','FINANCIAL EXPENSES ','group','',NULL),('REV2004-08-GALO','04','SYSTEM','REV2004-08','GALO','GAIN/LOSS','group','',NULL),('REV2004-08-GENIN','04','SYSTEM','REV2004-08','GENIN','GENERAL INCOME','group','',NULL),('REV2004-08-GOVEQ','03','SYSTEM','REV2004-08','GOVEQ','GOVERNMENT EQUITY','group','',NULL),('REV2004-08-IARE','REV2004-08-RE','SYSTEM','REV2004-08','IARE','INTER-AGENCY RECEIVABLES','group','',NULL),('REV2004-08-IN','01','SYSTEM','REV2004-08','IN','INVESTMENTS','group','',NULL),('REV2004-08-INARE','REV2004-08-RE','SYSTEM','REV2004-08','INARE','INTRA-AGENCY RECEIVABLES','group','',NULL),('REV2004-08-INS','REV2004-08-IN','SYSTEM','REV2004-08','INS','INVESTMENTS IN SECURITIES','group','',NULL),('REV2004-08-INTACCT','03','SYSTEM','REV2004-08','INTACCT','INTERMEDIATE ACCOUNTS','group','',NULL),('REV2004-08-INTERAP','REV2004-08-CLIA','SYSTEM','REV2004-08','INTERAP','INTER-AGENCY PAYABLES','group','',NULL),('REV2004-08-INTRAP','REV2004-08-CLIA','SYSTEM','REV2004-08','INTRAP','INTRA-AGENCY PAYABLES','group','',NULL),('REV2004-08-INV','REV2004-08-CASSETS','SYSTEM','REV2004-08','C*','INVENTORIES','group','',NULL),('REV2004-08-LEIM','REV2004-08-PPE','SYSTEM','REV2004-08','LEIM','LEASEHOLD IMPROVEMENTS','group','',NULL),('REV2004-08-LIMP','REV2004-08-RAM','SYSTEM','REV2004-08','LIMP','LAND IMPROVEMENTS','group','',NULL),('REV2004-08-LLI','REV2004-08-PPE','SYSTEM','REV2004-08','LLI','LAND AND LAND IMPROVEMENTS','group','',NULL),('REV2004-08-LTAX','REV2004-08-TAXREV','SYSTEM','REV2004-08','LTAX','LOCAL TAXES','group','',NULL),('REV2004-08-LTLIA','02','SYSTEM','REV2004-08','LC','LONG-TERM LIABILITIES','group','',NULL),('REV2004-08-MACEQ','REV2004-08-DEP','SYSTEM','REV2004-08','MACEQ','MACHINERY AND EQUIPMENT','group','',NULL),('REV2004-08-MAE','REV2004-08-RAM','SYSTEM','REV2004-08','MAE','MACHINERY AND EQUIPMENT','group','',NULL),('REV2004-08-MAEQ','REV2004-08-PPE','SYSTEM','REV2004-08','MAEQ','MACHINERY AND EQUIPMENT','group','',NULL),('REV2004-08-MAT','REV2004-08-INV','SYSTEM','REV2004-08','MAT','MATERIALS','group','',NULL),('REV2004-08-MBLP','REV2004-08-LTLIA','SYSTEM','REV2004-08','MBLP','MORTGAGE/ BONDS/ LOANS PAYABLE','group','',NULL),('REV2004-08-MDCO','REV2004-08-MOOE','SYSTEM','REV2004-08','MDCO','MEMBERSHIP DUES AND CONTRIBUTION TO ORGANIZATIONS','group','',NULL),('REV2004-08-MOOE','05','SYSTEM','REV2004-08','MOOE','MAINTENANCE AND OTHER OPERATING EXPENSES','group','',NULL),('REV2004-08-NATTAX','REV2004-08-TAXREV','SYSTEM','REV2004-08','NATTAX','NATIONAL TAXES','group','',NULL),('REV2004-08-NONCASH','REV2004-08-MOOE','SYSTEM','REV2004-08','NONCASH','NON-CASH EXPENSES','group','',NULL),('REV2004-08-OA','01','SYSTEM','REV2004-08','OA','OTHER ASSETS','group','',NULL),('REV2004-08-OCA','REV2004-08-CASSETS','SYSTEM','REV2004-08','E*','OTHER CURRENT ASSETS','group','',NULL),('REV2004-08-OCLIA','REV2004-08-CLIA','SYSTEM','REV2004-08','OCLIA','OTHER CURRENT LIABILITY ACCOUNTS','group','',NULL),('REV2004-08-OEFF','REV2004-08-PPE','SYSTEM','REV2004-08','OEFF','OFFICE EQUIPMENT, FURNITURE AND FIXTURES','group','',NULL),('REV2004-08-OGIN','REV2004-08-GENIN','SYSTEM','REV2004-08','OGIN','OTHER GENERAL INCOME','group','',NULL),('REV2004-08-OMOE','REV2004-08-MOOE','SYSTEM','REV2004-08','OMOE','OTHER MAINTENANCE AND OPERATING EXPENSES','group','',NULL),('REV2004-08-OPB','REV2004-08-PSER','SYSTEM','REV2004-08','OPB','OTHER PERSONNEL BENEFITS','group','',NULL),('REV2004-08-OPPE','REV2004-08-PPE','SYSTEM','REV2004-08','OPPE','OTHER PROPERTY, PLANT AND EQUIPMENT','group','',NULL),('REV2004-08-ORE','REV2004-08-RE','SYSTEM','REV2004-08','ORE','OTHER RECEIVABLES','group','',NULL),('REV2004-08-OTCOMP','REV2004-08-PSER','SYSTEM','REV2004-08','OTCOMP','OTHER COMPENSATION','group','',NULL),('REV2004-08-PA','REV2004-08-CLIA','SYSTEM','REV2004-08','PA','PAYABLE ACCOUNTS','group','',NULL),('REV2004-08-PBE','REV2004-08-MOOE','SYSTEM','REV2004-08','PBE','PRINTING AND BINDING EXPENSES','group','',NULL),('REV2004-08-PEBEC','REV2004-08-PSER','SYSTEM','REV2004-08','PEBEC','PERSONNEL BENEFIT CONTRIBUTIONS','group','',NULL),('REV2004-08-PERALI','REV2004-08-GENIN','SYSTEM','REV2004-08','PERALI','PERMIT AND LICENSES','group','',NULL),('REV2004-08-PIRP','REV2004-08-COP','SYSTEM','REV2004-08','PIRP','PUBLIC INFRASTRUCTURES/REFORESTATION PROJECTS','group','',NULL),('REV2004-08-PPE','01','SYSTEM','REV2004-08','PPE','PROPERTY, PLANT AND EQUIPMENT','group','',NULL),('REV2004-08-PRE','REV2004-08-CASSETS','SYSTEM','REV2004-08','D*','PREPAYMENTS','group','',NULL),('REV2004-08-PROSE','REV2004-08-MOOE','SYSTEM','REV2004-08','PROSE','PROFESSIONAL SERVICES','group','',NULL),('REV2004-08-PSER','05','SYSTEM','REV2004-08','PSER','PERSONAL SERVICES','group','',NULL),('REV2004-08-PUI','REV2004-08-PPE','SYSTEM','REV2004-08','PUI','PUBLIC INFRASTRUCTURES','group','',NULL),('REV2004-08-RAM','REV2004-08-MOOE','SYSTEM','REV2004-08','RAM','REPAIRS AND MAINTENANCE','group','',NULL),('REV2004-08-RE','REV2004-08-CASSETS','SYSTEM','REV2004-08','B*','RECEIVABLES','group','',NULL),('REV2004-08-REA','REV2004-08-RE','SYSTEM','REV2004-08','REA','RECEIVABLE ACCOUNTS','group','',NULL),('REV2004-08-REEX','REV2004-08-MOOE','SYSTEM','REV2004-08','REEX','RENT EXPENSES','group','',NULL),('REV2004-08-REOC','REV2004-08-MOOE','SYSTEM','REV2004-08','REOC','REWARDS AND OTHER CLAIMS','group','',NULL),('REV2004-08-REP','REV2004-08-PPE','SYSTEM','REV2004-08','REP','REFORESTATION PROJECTS','group','',NULL),('REV2004-08-REPEX','REV2004-08-MOOE','SYSTEM','REV2004-08','REPEX','REPRESENTATION EXPENSES','group','',NULL),('REV2004-08-REPRO','REV2004-08-RAM','SYSTEM','REV2004-08','REPRO','REFORESTATIONS PROJECTS','group','',NULL),('REV2004-08-RNTT','REV2004-08-NONCASH','SYSTEM','REV2004-08','RNTT','REMITTANCE TO NATIONAL TREASURY FROM ASSET DISPOSAL','group','',NULL),('REV2004-08-SAWA','REV2004-08-PSER','SYSTEM','REV2004-08','SAWA','SALARIES AND WAGES','group','',NULL),('REV2004-08-SF','REV2004-08-IN','SYSTEM','REV2004-08','SF','SINKING FUND','group','',NULL),('REV2004-08-SME','REV2004-08-MOOE','SYSTEM','REV2004-08','SME','SUPPLIES AND MATERIALS EXPENSES ','group','',NULL),('REV2004-08-STOEX','REV2004-08-MOOE','SYSTEM','REV2004-08','STOEX','STORAGE EXPENSES','group','',NULL),('REV2004-08-SUBEX','REV2004-08-MOOE','SYSTEM','REV2004-08','SUBEX','SUBSCRIPTION EXPENSES','group','',NULL),('REV2004-08-SUDO','REV2004-08-MOOE','SYSTEM','REV2004-08','SUDO','SUBSIDIES AND DONATIONS','group','',NULL),('REV2004-08-SUIN','REV2004-08-GENIN','SYSTEM','REV2004-08','SUIN','SUBSIDY INCOME','group','',NULL),('REV2004-08-SUP','REV2004-08-INV','SYSTEM','REV2004-08','SUP','SUPPLIES','group','',NULL),('REV2004-08-SUREX','REV2004-08-MOOE','SYSTEM','REV2004-08','SUREX','SURVEY EXPENSES','group','',NULL),('REV2004-08-TAXREV','04','SYSTEM','REV2004-08','TAXREV','TAX REVENUE','group','',NULL),('REV2004-08-TIPOF','REV2004-08-MOOE','SYSTEM','REV2004-08','TIPOF','TAXES, INSURANCE, PREMIUMS AND OTHER FEES','group','',NULL),('REV2004-08-TRADE','REV2004-08-MOOE','SYSTEM','REV2004-08','TRADE','TRANSPORTATION AND DELIVERY EXPENSES','group','',NULL),('REV2004-08-TRAEQ','REV2004-08-RAM','SYSTEM','REV2004-08','TRAEQ','TRANSPORTATION EQUIPMENT ','group','',NULL),('REV2004-08-TRAEX','REV2004-08-MOOE','SYSTEM','REV2004-08','TRAEX','TRAVELING EXPENSES','group','',NULL),('REV2004-08-TREQ','REV2004-08-PPE','SYSTEM','REV2004-08','TREQ','TRANSPORTATION EQUIPMENT','group','',NULL),('REV2004-08-TSE','REV2004-08-MOOE','SYSTEM','REV2004-08','TSE','TRAINING AND SCHOLARSHIP EXPENSES','group','',NULL),('REV2004-08-UEXP','REV2004-08-MOOE','SYSTEM','REV2004-08','UEXP','UTILITY EXPENSES','group','',NULL),('REV2004-88-SERINC','REV2004-08-GENIN','SYSTEM','REV2004-08','SERINC','SERVICE INCOME','group','',NULL),('REV2014-08-LIMPR','REV2004-08-RAM','SYSTEM','REV2004-08','LIMPR','LEASEHOLD IMPROVEMENTS','group','',NULL),('REV2014-08-OEFAF','REV2004-08-RAM','SYSTEM','REV2004-08','OEFAF','OFFICE EQUIPMENT, FURNITURE AND FIXTURES','group',' ',NULL),('TEAR','REV2004-08-NONCASH','SYSTEM','REV2004-08','TEAR','TAX EXEMPTIONS AND REFUNDS','group','',NULL),('TRASPOEQ','REV2004-08-DEP','SYSTEM','REV2004-08','TRASPOEQ','TRANSPORTATION EQUIPMENT','group','',NULL);
/*!40000 ALTER TABLE `account` ENABLE KEYS */;
UNLOCK TABLES;

--
-- Dumping data for table `account_incometarget`
--

LOCK TABLES `account_incometarget` WRITE;
/*!40000 ALTER TABLE `account_incometarget` DISABLE KEYS */;
/*!40000 ALTER TABLE `account_incometarget` ENABLE KEYS */;
UNLOCK TABLES;

--
-- Dumping data for table `afserial`
--

LOCK TABLES `afserial` WRITE;
/*!40000 ALTER TABLE `afserial` DISABLE KEYS */;
INSERT INTO `afserial` VALUES ('0016',8),('51',7),('52',7),('53',7),('54',7),('56',7),('57',7),('58',7),('907',8);
/*!40000 ALTER TABLE `afserial` ENABLE KEYS */;
UNLOCK TABLES;

--
-- Dumping data for table `afserial_control`
--

LOCK TABLES `afserial_control` WRITE;
/*!40000 ALTER TABLE `afserial_control` DISABLE KEYS */;
/*!40000 ALTER TABLE `afserial_control` ENABLE KEYS */;
UNLOCK TABLES;

--
-- Dumping data for table `afserial_inventory`
--

LOCK TABLES `afserial_inventory` WRITE;
/*!40000 ALTER TABLE `afserial_inventory` DISABLE KEYS */;
/*!40000 ALTER TABLE `afserial_inventory` ENABLE KEYS */;
UNLOCK TABLES;

--
-- Dumping data for table `afserial_inventory_detail`
--

LOCK TABLES `afserial_inventory_detail` WRITE;
/*!40000 ALTER TABLE `afserial_inventory_detail` DISABLE KEYS */;
/*!40000 ALTER TABLE `afserial_inventory_detail` ENABLE KEYS */;
UNLOCK TABLES;

--
-- Dumping data for table `afserial_inventory_detail_cancelseries`
--

LOCK TABLES `afserial_inventory_detail_cancelseries` WRITE;
/*!40000 ALTER TABLE `afserial_inventory_detail_cancelseries` DISABLE KEYS */;
/*!40000 ALTER TABLE `afserial_inventory_detail_cancelseries` ENABLE KEYS */;
UNLOCK TABLES;

--
-- Dumping data for table `afserialcapture`
--

LOCK TABLES `afserialcapture` WRITE;
/*!40000 ALTER TABLE `afserialcapture` DISABLE KEYS */;
/*!40000 ALTER TABLE `afserialcapture` ENABLE KEYS */;
UNLOCK TABLES;

--
-- Dumping data for table `afstockcontrol`
--

LOCK TABLES `afstockcontrol` WRITE;
/*!40000 ALTER TABLE `afstockcontrol` DISABLE KEYS */;
/*!40000 ALTER TABLE `afstockcontrol` ENABLE KEYS */;
UNLOCK TABLES;

--
-- Dumping data for table `ap`
--

LOCK TABLES `ap` WRITE;
/*!40000 ALTER TABLE `ap` DISABLE KEYS */;
/*!40000 ALTER TABLE `ap` ENABLE KEYS */;
UNLOCK TABLES;

--
-- Dumping data for table `ap_detail`
--

LOCK TABLES `ap_detail` WRITE;
/*!40000 ALTER TABLE `ap_detail` DISABLE KEYS */;
/*!40000 ALTER TABLE `ap_detail` ENABLE KEYS */;
UNLOCK TABLES;

--
-- Dumping data for table `ar`
--

LOCK TABLES `ar` WRITE;
/*!40000 ALTER TABLE `ar` DISABLE KEYS */;
/*!40000 ALTER TABLE `ar` ENABLE KEYS */;
UNLOCK TABLES;

--
-- Dumping data for table `ar_detail`
--

LOCK TABLES `ar_detail` WRITE;
/*!40000 ALTER TABLE `ar_detail` DISABLE KEYS */;
/*!40000 ALTER TABLE `ar_detail` ENABLE KEYS */;
UNLOCK TABLES;

--
-- Dumping data for table `assessmentnotice`
--

LOCK TABLES `assessmentnotice` WRITE;
/*!40000 ALTER TABLE `assessmentnotice` DISABLE KEYS */;
/*!40000 ALTER TABLE `assessmentnotice` ENABLE KEYS */;
UNLOCK TABLES;

--
-- Dumping data for table `assessmentnoticeitem`
--

LOCK TABLES `assessmentnoticeitem` WRITE;
/*!40000 ALTER TABLE `assessmentnoticeitem` DISABLE KEYS */;
/*!40000 ALTER TABLE `assessmentnoticeitem` ENABLE KEYS */;
UNLOCK TABLES;

--
-- Dumping data for table `bank`
--

LOCK TABLES `bank` WRITE;
/*!40000 ALTER TABLE `bank` DISABLE KEYS */;
/*!40000 ALTER TABLE `bank` ENABLE KEYS */;
UNLOCK TABLES;

--
-- Dumping data for table `bankaccount`
--

LOCK TABLES `bankaccount` WRITE;
/*!40000 ALTER TABLE `bankaccount` DISABLE KEYS */;
/*!40000 ALTER TABLE `bankaccount` ENABLE KEYS */;
UNLOCK TABLES;

--
-- Dumping data for table `bankaccount_account`
--

LOCK TABLES `bankaccount_account` WRITE;
/*!40000 ALTER TABLE `bankaccount_account` DISABLE KEYS */;
/*!40000 ALTER TABLE `bankaccount_account` ENABLE KEYS */;
UNLOCK TABLES;

--
-- Dumping data for table `bankaccount_entry`
--

LOCK TABLES `bankaccount_entry` WRITE;
/*!40000 ALTER TABLE `bankaccount_entry` DISABLE KEYS */;
/*!40000 ALTER TABLE `bankaccount_entry` ENABLE KEYS */;
UNLOCK TABLES;

--
-- Dumping data for table `bankdeposit`
--

LOCK TABLES `bankdeposit` WRITE;
/*!40000 ALTER TABLE `bankdeposit` DISABLE KEYS */;
/*!40000 ALTER TABLE `bankdeposit` ENABLE KEYS */;
UNLOCK TABLES;

--
-- Dumping data for table `bankdeposit_entry`
--

LOCK TABLES `bankdeposit_entry` WRITE;
/*!40000 ALTER TABLE `bankdeposit_entry` DISABLE KEYS */;
/*!40000 ALTER TABLE `bankdeposit_entry` ENABLE KEYS */;
UNLOCK TABLES;

--
-- Dumping data for table `bankdeposit_entry_check`
--

LOCK TABLES `bankdeposit_entry_check` WRITE;
/*!40000 ALTER TABLE `bankdeposit_entry_check` DISABLE KEYS */;
/*!40000 ALTER TABLE `bankdeposit_entry_check` ENABLE KEYS */;
UNLOCK TABLES;

--
-- Dumping data for table `bankdeposit_liquidation`
--

LOCK TABLES `bankdeposit_liquidation` WRITE;
/*!40000 ALTER TABLE `bankdeposit_liquidation` DISABLE KEYS */;
/*!40000 ALTER TABLE `bankdeposit_liquidation` ENABLE KEYS */;
UNLOCK TABLES;

--
-- Dumping data for table `barangay`
--

LOCK TABLES `barangay` WRITE;
/*!40000 ALTER TABLE `barangay` DISABLE KEYS */;
/*!40000 ALTER TABLE `barangay` ENABLE KEYS */;
UNLOCK TABLES;

--
-- Dumping data for table `batchcapture_collection`
--

LOCK TABLES `batchcapture_collection` WRITE;
/*!40000 ALTER TABLE `batchcapture_collection` DISABLE KEYS */;
/*!40000 ALTER TABLE `batchcapture_collection` ENABLE KEYS */;
UNLOCK TABLES;

--
-- Dumping data for table `batchcapture_collection_entry`
--

LOCK TABLES `batchcapture_collection_entry` WRITE;
/*!40000 ALTER TABLE `batchcapture_collection_entry` DISABLE KEYS */;
/*!40000 ALTER TABLE `batchcapture_collection_entry` ENABLE KEYS */;
UNLOCK TABLES;

--
-- Dumping data for table `batchcapture_collection_entry_item`
--

LOCK TABLES `batchcapture_collection_entry_item` WRITE;
/*!40000 ALTER TABLE `batchcapture_collection_entry_item` DISABLE KEYS */;
/*!40000 ALTER TABLE `batchcapture_collection_entry_item` ENABLE KEYS */;
UNLOCK TABLES;

--
-- Dumping data for table `batchgrerror`
--

LOCK TABLES `batchgrerror` WRITE;
/*!40000 ALTER TABLE `batchgrerror` DISABLE KEYS */;
/*!40000 ALTER TABLE `batchgrerror` ENABLE KEYS */;
UNLOCK TABLES;

--
-- Dumping data for table `bldgadditionalitem`
--

LOCK TABLES `bldgadditionalitem` WRITE;
/*!40000 ALTER TABLE `bldgadditionalitem` DISABLE KEYS */;
/*!40000 ALTER TABLE `bldgadditionalitem` ENABLE KEYS */;
UNLOCK TABLES;

--
-- Dumping data for table `bldgassesslevel`
--

LOCK TABLES `bldgassesslevel` WRITE;
/*!40000 ALTER TABLE `bldgassesslevel` DISABLE KEYS */;
/*!40000 ALTER TABLE `bldgassesslevel` ENABLE KEYS */;
UNLOCK TABLES;

--
-- Dumping data for table `bldgassesslevelrange`
--

LOCK TABLES `bldgassesslevelrange` WRITE;
/*!40000 ALTER TABLE `bldgassesslevelrange` DISABLE KEYS */;
/*!40000 ALTER TABLE `bldgassesslevelrange` ENABLE KEYS */;
UNLOCK TABLES;

--
-- Dumping data for table `bldgfloor`
--

LOCK TABLES `bldgfloor` WRITE;
/*!40000 ALTER TABLE `bldgfloor` DISABLE KEYS */;
/*!40000 ALTER TABLE `bldgfloor` ENABLE KEYS */;
UNLOCK TABLES;

--
-- Dumping data for table `bldgflooradditional`
--

LOCK TABLES `bldgflooradditional` WRITE;
/*!40000 ALTER TABLE `bldgflooradditional` DISABLE KEYS */;
/*!40000 ALTER TABLE `bldgflooradditional` ENABLE KEYS */;
UNLOCK TABLES;

--
-- Dumping data for table `bldgflooradditionalparam`
--

LOCK TABLES `bldgflooradditionalparam` WRITE;
/*!40000 ALTER TABLE `bldgflooradditionalparam` DISABLE KEYS */;
/*!40000 ALTER TABLE `bldgflooradditionalparam` ENABLE KEYS */;
UNLOCK TABLES;

--
-- Dumping data for table `bldgkind`
--

LOCK TABLES `bldgkind` WRITE;
/*!40000 ALTER TABLE `bldgkind` DISABLE KEYS */;
/*!40000 ALTER TABLE `bldgkind` ENABLE KEYS */;
UNLOCK TABLES;

--
-- Dumping data for table `bldgkindbucc`
--

LOCK TABLES `bldgkindbucc` WRITE;
/*!40000 ALTER TABLE `bldgkindbucc` DISABLE KEYS */;
/*!40000 ALTER TABLE `bldgkindbucc` ENABLE KEYS */;
UNLOCK TABLES;

--
-- Dumping data for table `bldgrpu`
--

LOCK TABLES `bldgrpu` WRITE;
/*!40000 ALTER TABLE `bldgrpu` DISABLE KEYS */;
/*!40000 ALTER TABLE `bldgrpu` ENABLE KEYS */;
UNLOCK TABLES;

--
-- Dumping data for table `bldgrysetting`
--

LOCK TABLES `bldgrysetting` WRITE;
/*!40000 ALTER TABLE `bldgrysetting` DISABLE KEYS */;
/*!40000 ALTER TABLE `bldgrysetting` ENABLE KEYS */;
UNLOCK TABLES;

--
-- Dumping data for table `bldgstructure`
--

LOCK TABLES `bldgstructure` WRITE;
/*!40000 ALTER TABLE `bldgstructure` DISABLE KEYS */;
/*!40000 ALTER TABLE `bldgstructure` ENABLE KEYS */;
UNLOCK TABLES;

--
-- Dumping data for table `bldgtype`
--

LOCK TABLES `bldgtype` WRITE;
/*!40000 ALTER TABLE `bldgtype` DISABLE KEYS */;
/*!40000 ALTER TABLE `bldgtype` ENABLE KEYS */;
UNLOCK TABLES;

--
-- Dumping data for table `bldgtype_depreciation`
--

LOCK TABLES `bldgtype_depreciation` WRITE;
/*!40000 ALTER TABLE `bldgtype_depreciation` DISABLE KEYS */;
/*!40000 ALTER TABLE `bldgtype_depreciation` ENABLE KEYS */;
UNLOCK TABLES;

--
-- Dumping data for table `bldgtype_storeyadjustment`
--

LOCK TABLES `bldgtype_storeyadjustment` WRITE;
/*!40000 ALTER TABLE `bldgtype_storeyadjustment` DISABLE KEYS */;
/*!40000 ALTER TABLE `bldgtype_storeyadjustment` ENABLE KEYS */;
UNLOCK TABLES;

--
-- Dumping data for table `bldguse`
--

LOCK TABLES `bldguse` WRITE;
/*!40000 ALTER TABLE `bldguse` DISABLE KEYS */;
/*!40000 ALTER TABLE `bldguse` ENABLE KEYS */;
UNLOCK TABLES;

--
-- Dumping data for table `bpapplication`
--

LOCK TABLES `bpapplication` WRITE;
/*!40000 ALTER TABLE `bpapplication` DISABLE KEYS */;
/*!40000 ALTER TABLE `bpapplication` ENABLE KEYS */;
UNLOCK TABLES;

--
-- Dumping data for table `bpapplication_requirement`
--

LOCK TABLES `bpapplication_requirement` WRITE;
/*!40000 ALTER TABLE `bpapplication_requirement` DISABLE KEYS */;
/*!40000 ALTER TABLE `bpapplication_requirement` ENABLE KEYS */;
UNLOCK TABLES;

--
-- Dumping data for table `bpapplication_task`
--

LOCK TABLES `bpapplication_task` WRITE;
/*!40000 ALTER TABLE `bpapplication_task` DISABLE KEYS */;
/*!40000 ALTER TABLE `bpapplication_task` ENABLE KEYS */;
UNLOCK TABLES;

--
-- Dumping data for table `bpexpirydate`
--

LOCK TABLES `bpexpirydate` WRITE;
/*!40000 ALTER TABLE `bpexpirydate` DISABLE KEYS */;
/*!40000 ALTER TABLE `bpexpirydate` ENABLE KEYS */;
UNLOCK TABLES;

--
-- Dumping data for table `bppayment`
--

LOCK TABLES `bppayment` WRITE;
/*!40000 ALTER TABLE `bppayment` DISABLE KEYS */;
/*!40000 ALTER TABLE `bppayment` ENABLE KEYS */;
UNLOCK TABLES;

--
-- Dumping data for table `bppayment_item`
--

LOCK TABLES `bppayment_item` WRITE;
/*!40000 ALTER TABLE `bppayment_item` DISABLE KEYS */;
/*!40000 ALTER TABLE `bppayment_item` ENABLE KEYS */;
UNLOCK TABLES;

--
-- Dumping data for table `bpreceivable`
--

LOCK TABLES `bpreceivable` WRITE;
/*!40000 ALTER TABLE `bpreceivable` DISABLE KEYS */;
/*!40000 ALTER TABLE `bpreceivable` ENABLE KEYS */;
UNLOCK TABLES;

--
-- Dumping data for table `brgy_taxaccount_mapping`
--

LOCK TABLES `brgy_taxaccount_mapping` WRITE;
/*!40000 ALTER TABLE `brgy_taxaccount_mapping` DISABLE KEYS */;
/*!40000 ALTER TABLE `brgy_taxaccount_mapping` ENABLE KEYS */;
UNLOCK TABLES;

--
-- Dumping data for table `brgyshare`
--

LOCK TABLES `brgyshare` WRITE;
/*!40000 ALTER TABLE `brgyshare` DISABLE KEYS */;
/*!40000 ALTER TABLE `brgyshare` ENABLE KEYS */;
UNLOCK TABLES;

--
-- Dumping data for table `brgyshare_account_mapping`
--

LOCK TABLES `brgyshare_account_mapping` WRITE;
/*!40000 ALTER TABLE `brgyshare_account_mapping` DISABLE KEYS */;
/*!40000 ALTER TABLE `brgyshare_account_mapping` ENABLE KEYS */;
UNLOCK TABLES;

--
-- Dumping data for table `brgyshareitem`
--

LOCK TABLES `brgyshareitem` WRITE;
/*!40000 ALTER TABLE `brgyshareitem` DISABLE KEYS */;
/*!40000 ALTER TABLE `brgyshareitem` ENABLE KEYS */;
UNLOCK TABLES;

--
-- Dumping data for table `business`
--

LOCK TABLES `business` WRITE;
/*!40000 ALTER TABLE `business` DISABLE KEYS */;
/*!40000 ALTER TABLE `business` ENABLE KEYS */;
UNLOCK TABLES;

--
-- Dumping data for table `business_assessment_info`
--

LOCK TABLES `business_assessment_info` WRITE;
/*!40000 ALTER TABLE `business_assessment_info` DISABLE KEYS */;
/*!40000 ALTER TABLE `business_assessment_info` ENABLE KEYS */;
UNLOCK TABLES;

--
-- Dumping data for table `business_changeinfo`
--

LOCK TABLES `business_changeinfo` WRITE;
/*!40000 ALTER TABLE `business_changeinfo` DISABLE KEYS */;
/*!40000 ALTER TABLE `business_changeinfo` ENABLE KEYS */;
UNLOCK TABLES;

--
-- Dumping data for table `business_cityengineer`
--

LOCK TABLES `business_cityengineer` WRITE;
/*!40000 ALTER TABLE `business_cityengineer` DISABLE KEYS */;
/*!40000 ALTER TABLE `business_cityengineer` ENABLE KEYS */;
UNLOCK TABLES;

--
-- Dumping data for table `business_cityengineer_fee`
--

LOCK TABLES `business_cityengineer_fee` WRITE;
/*!40000 ALTER TABLE `business_cityengineer_fee` DISABLE KEYS */;
/*!40000 ALTER TABLE `business_cityengineer_fee` ENABLE KEYS */;
UNLOCK TABLES;

--
-- Dumping data for table `business_info`
--

LOCK TABLES `business_info` WRITE;
/*!40000 ALTER TABLE `business_info` DISABLE KEYS */;
/*!40000 ALTER TABLE `business_info` ENABLE KEYS */;
UNLOCK TABLES;

--
-- Dumping data for table `business_lob`
--

LOCK TABLES `business_lob` WRITE;
/*!40000 ALTER TABLE `business_lob` DISABLE KEYS */;
/*!40000 ALTER TABLE `business_lob` ENABLE KEYS */;
UNLOCK TABLES;

--
-- Dumping data for table `business_redflag`
--

LOCK TABLES `business_redflag` WRITE;
/*!40000 ALTER TABLE `business_redflag` DISABLE KEYS */;
/*!40000 ALTER TABLE `business_redflag` ENABLE KEYS */;
UNLOCK TABLES;

--
-- Dumping data for table `business_sms`
--

LOCK TABLES `business_sms` WRITE;
/*!40000 ALTER TABLE `business_sms` DISABLE KEYS */;
/*!40000 ALTER TABLE `business_sms` ENABLE KEYS */;
UNLOCK TABLES;

--
-- Dumping data for table `business_taxcredit`
--

LOCK TABLES `business_taxcredit` WRITE;
/*!40000 ALTER TABLE `business_taxcredit` DISABLE KEYS */;
/*!40000 ALTER TABLE `business_taxcredit` ENABLE KEYS */;
UNLOCK TABLES;

--
-- Dumping data for table `business_taxcredit_detail`
--

LOCK TABLES `business_taxcredit_detail` WRITE;
/*!40000 ALTER TABLE `business_taxcredit_detail` DISABLE KEYS */;
/*!40000 ALTER TABLE `business_taxcredit_detail` ENABLE KEYS */;
UNLOCK TABLES;

--
-- Dumping data for table `businesspermit`
--

LOCK TABLES `businesspermit` WRITE;
/*!40000 ALTER TABLE `businesspermit` DISABLE KEYS */;
/*!40000 ALTER TABLE `businesspermit` ENABLE KEYS */;
UNLOCK TABLES;

--
-- Dumping data for table `businessrequirement`
--

LOCK TABLES `businessrequirement` WRITE;
/*!40000 ALTER TABLE `businessrequirement` DISABLE KEYS */;
/*!40000 ALTER TABLE `businessrequirement` ENABLE KEYS */;
UNLOCK TABLES;

--
-- Dumping data for table `businessvariable`
--

LOCK TABLES `businessvariable` WRITE;
/*!40000 ALTER TABLE `businessvariable` DISABLE KEYS */;
INSERT INTO `businessvariable` VALUES ('AREA_SQM','DRAFT','AREA_SQM','decimal','BUSINESS AREA IN SQ METERS',NULL,'[]',1,0,'BUSINESS AREA',NULL),('CAPITAL','DRAFT','CAPITAL','decimal','CAPITAL',NULL,'[]',1,0,NULL,NULL),('GROSS','DRAFT','GROSS','decimal','GROSS',NULL,'[]',1,0,NULL,NULL),('HAS_TAX_INCENTIVE','DRAFT','HAS_TAX_INCENTIVE','boolean','HAS TAX INCENTIVE?',NULL,'[]',1,0,'GENERAL',NULL),('NUM_EMPLOYEE','DRAFT','NUM_EMPLOYEE','integer','NO. OF EMPLOYEES',NULL,'[]',1,0,'EMPLOYEE INFO',NULL),('NUM_EMPLOYEE_FEMALE','DRAFT','NUM_EMPLOYEE_FEMALE','integer','NO. OF FEMALE EMPLOYEES',NULL,'[]',1,0,'EMPLOYEE INFO',NULL),('NUM_EMPLOYEE_MALE','DRAFT','NUM_EMPLOYEE_MALE','integer','NO. OF MALE EMPLOYEES',NULL,'[]',1,0,'EMPLOYEE INFO',NULL),('NUM_EMPLOYEE_RESIDENT','DRAFT','NUM_EMPLOYEE_RESIDENT','integer','NO. OF RESIDENT EMPLOYEES',NULL,'[]',1,0,'EMPLOYEE RESIDING IN LGU',NULL),('OFFICE_TYPE','DRAFT','OFFICE_TYPE','string_array','OFFICE TYPE',NULL,'[\"MAIN\",\"BRANCH\"]',1,0,'GENERAL',NULL);
/*!40000 ALTER TABLE `businessvariable` ENABLE KEYS */;
UNLOCK TABLES;

--
-- Dumping data for table `cancelannotation`
--

LOCK TABLES `cancelannotation` WRITE;
/*!40000 ALTER TABLE `cancelannotation` DISABLE KEYS */;
/*!40000 ALTER TABLE `cancelannotation` ENABLE KEYS */;
UNLOCK TABLES;

--
-- Dumping data for table `cancelledfaas`
--

LOCK TABLES `cancelledfaas` WRITE;
/*!40000 ALTER TABLE `cancelledfaas` DISABLE KEYS */;
/*!40000 ALTER TABLE `cancelledfaas` ENABLE KEYS */;
UNLOCK TABLES;

--
-- Dumping data for table `canceltdreason`
--

LOCK TABLES `canceltdreason` WRITE;
/*!40000 ALTER TABLE `canceltdreason` DISABLE KEYS */;
/*!40000 ALTER TABLE `canceltdreason` ENABLE KEYS */;
UNLOCK TABLES;

--
-- Dumping data for table `cashbook`
--

LOCK TABLES `cashbook` WRITE;
/*!40000 ALTER TABLE `cashbook` DISABLE KEYS */;
/*!40000 ALTER TABLE `cashbook` ENABLE KEYS */;
UNLOCK TABLES;

--
-- Dumping data for table `cashbook_entry`
--

LOCK TABLES `cashbook_entry` WRITE;
/*!40000 ALTER TABLE `cashbook_entry` DISABLE KEYS */;
/*!40000 ALTER TABLE `cashbook_entry` ENABLE KEYS */;
UNLOCK TABLES;

--
-- Dumping data for table `cashreceipt`
--

LOCK TABLES `cashreceipt` WRITE;
/*!40000 ALTER TABLE `cashreceipt` DISABLE KEYS */;
/*!40000 ALTER TABLE `cashreceipt` ENABLE KEYS */;
UNLOCK TABLES;

--
-- Dumping data for table `cashreceipt_burial`
--

LOCK TABLES `cashreceipt_burial` WRITE;
/*!40000 ALTER TABLE `cashreceipt_burial` DISABLE KEYS */;
/*!40000 ALTER TABLE `cashreceipt_burial` ENABLE KEYS */;
UNLOCK TABLES;

--
-- Dumping data for table `cashreceipt_business`
--

LOCK TABLES `cashreceipt_business` WRITE;
/*!40000 ALTER TABLE `cashreceipt_business` DISABLE KEYS */;
/*!40000 ALTER TABLE `cashreceipt_business` ENABLE KEYS */;
UNLOCK TABLES;

--
-- Dumping data for table `cashreceipt_business_item`
--

LOCK TABLES `cashreceipt_business_item` WRITE;
/*!40000 ALTER TABLE `cashreceipt_business_item` DISABLE KEYS */;
/*!40000 ALTER TABLE `cashreceipt_business_item` ENABLE KEYS */;
UNLOCK TABLES;

--
-- Dumping data for table `cashreceipt_cancelseries`
--

LOCK TABLES `cashreceipt_cancelseries` WRITE;
/*!40000 ALTER TABLE `cashreceipt_cancelseries` DISABLE KEYS */;
/*!40000 ALTER TABLE `cashreceipt_cancelseries` ENABLE KEYS */;
UNLOCK TABLES;

--
-- Dumping data for table `cashreceipt_cashticket`
--

LOCK TABLES `cashreceipt_cashticket` WRITE;
/*!40000 ALTER TABLE `cashreceipt_cashticket` DISABLE KEYS */;
/*!40000 ALTER TABLE `cashreceipt_cashticket` ENABLE KEYS */;
UNLOCK TABLES;

--
-- Dumping data for table `cashreceipt_ctc_corporate`
--

LOCK TABLES `cashreceipt_ctc_corporate` WRITE;
/*!40000 ALTER TABLE `cashreceipt_ctc_corporate` DISABLE KEYS */;
/*!40000 ALTER TABLE `cashreceipt_ctc_corporate` ENABLE KEYS */;
UNLOCK TABLES;

--
-- Dumping data for table `cashreceipt_ctc_individual`
--

LOCK TABLES `cashreceipt_ctc_individual` WRITE;
/*!40000 ALTER TABLE `cashreceipt_ctc_individual` DISABLE KEYS */;
/*!40000 ALTER TABLE `cashreceipt_ctc_individual` ENABLE KEYS */;
UNLOCK TABLES;

--
-- Dumping data for table `cashreceipt_largecattleownership`
--

LOCK TABLES `cashreceipt_largecattleownership` WRITE;
/*!40000 ALTER TABLE `cashreceipt_largecattleownership` DISABLE KEYS */;
/*!40000 ALTER TABLE `cashreceipt_largecattleownership` ENABLE KEYS */;
UNLOCK TABLES;

--
-- Dumping data for table `cashreceipt_largecattletransfer`
--

LOCK TABLES `cashreceipt_largecattletransfer` WRITE;
/*!40000 ALTER TABLE `cashreceipt_largecattletransfer` DISABLE KEYS */;
/*!40000 ALTER TABLE `cashreceipt_largecattletransfer` ENABLE KEYS */;
UNLOCK TABLES;

--
-- Dumping data for table `cashreceipt_marriage`
--

LOCK TABLES `cashreceipt_marriage` WRITE;
/*!40000 ALTER TABLE `cashreceipt_marriage` DISABLE KEYS */;
/*!40000 ALTER TABLE `cashreceipt_marriage` ENABLE KEYS */;
UNLOCK TABLES;

--
-- Dumping data for table `cashreceipt_rpt`
--

LOCK TABLES `cashreceipt_rpt` WRITE;
/*!40000 ALTER TABLE `cashreceipt_rpt` DISABLE KEYS */;
/*!40000 ALTER TABLE `cashreceipt_rpt` ENABLE KEYS */;
UNLOCK TABLES;

--
-- Dumping data for table `cashreceipt_slaughter`
--

LOCK TABLES `cashreceipt_slaughter` WRITE;
/*!40000 ALTER TABLE `cashreceipt_slaughter` DISABLE KEYS */;
/*!40000 ALTER TABLE `cashreceipt_slaughter` ENABLE KEYS */;
UNLOCK TABLES;

--
-- Dumping data for table `cashreceipt_void`
--

LOCK TABLES `cashreceipt_void` WRITE;
/*!40000 ALTER TABLE `cashreceipt_void` DISABLE KEYS */;
/*!40000 ALTER TABLE `cashreceipt_void` ENABLE KEYS */;
UNLOCK TABLES;

--
-- Dumping data for table `cashreceiptitem`
--

LOCK TABLES `cashreceiptitem` WRITE;
/*!40000 ALTER TABLE `cashreceiptitem` DISABLE KEYS */;
/*!40000 ALTER TABLE `cashreceiptitem` ENABLE KEYS */;
UNLOCK TABLES;

--
-- Dumping data for table `cashreceiptitem_discount`
--

LOCK TABLES `cashreceiptitem_discount` WRITE;
/*!40000 ALTER TABLE `cashreceiptitem_discount` DISABLE KEYS */;
/*!40000 ALTER TABLE `cashreceiptitem_discount` ENABLE KEYS */;
UNLOCK TABLES;

--
-- Dumping data for table `cashreceiptitem_rpt`
--

LOCK TABLES `cashreceiptitem_rpt` WRITE;
/*!40000 ALTER TABLE `cashreceiptitem_rpt` DISABLE KEYS */;
/*!40000 ALTER TABLE `cashreceiptitem_rpt` ENABLE KEYS */;
UNLOCK TABLES;

--
-- Dumping data for table `cashreceiptitem_rpt_account`
--

LOCK TABLES `cashreceiptitem_rpt_account` WRITE;
/*!40000 ALTER TABLE `cashreceiptitem_rpt_account` DISABLE KEYS */;
/*!40000 ALTER TABLE `cashreceiptitem_rpt_account` ENABLE KEYS */;
UNLOCK TABLES;

--
-- Dumping data for table `cashreceiptitem_rpt_noledger`
--

LOCK TABLES `cashreceiptitem_rpt_noledger` WRITE;
/*!40000 ALTER TABLE `cashreceiptitem_rpt_noledger` DISABLE KEYS */;
/*!40000 ALTER TABLE `cashreceiptitem_rpt_noledger` ENABLE KEYS */;
UNLOCK TABLES;

--
-- Dumping data for table `cashreceiptitem_rpt_online`
--

LOCK TABLES `cashreceiptitem_rpt_online` WRITE;
/*!40000 ALTER TABLE `cashreceiptitem_rpt_online` DISABLE KEYS */;
/*!40000 ALTER TABLE `cashreceiptitem_rpt_online` ENABLE KEYS */;
UNLOCK TABLES;

--
-- Dumping data for table `cashreceiptpayment_check`
--

LOCK TABLES `cashreceiptpayment_check` WRITE;
/*!40000 ALTER TABLE `cashreceiptpayment_check` DISABLE KEYS */;
/*!40000 ALTER TABLE `cashreceiptpayment_check` ENABLE KEYS */;
UNLOCK TABLES;

--
-- Dumping data for table `cashreceipts`
--

LOCK TABLES `cashreceipts` WRITE;
/*!40000 ALTER TABLE `cashreceipts` DISABLE KEYS */;
/*!40000 ALTER TABLE `cashreceipts` ENABLE KEYS */;
UNLOCK TABLES;

--
-- Dumping data for table `cashticket`
--

LOCK TABLES `cashticket` WRITE;
/*!40000 ALTER TABLE `cashticket` DISABLE KEYS */;
INSERT INTO `cashticket` VALUES ('CT1','1.00'),('CT10','10.00'),('CT2','2.00'),('CT5','5.00');
/*!40000 ALTER TABLE `cashticket` ENABLE KEYS */;
UNLOCK TABLES;

--
-- Dumping data for table `cashticket_control`
--

LOCK TABLES `cashticket_control` WRITE;
/*!40000 ALTER TABLE `cashticket_control` DISABLE KEYS */;
/*!40000 ALTER TABLE `cashticket_control` ENABLE KEYS */;
UNLOCK TABLES;

--
-- Dumping data for table `cashticket_inventory`
--

LOCK TABLES `cashticket_inventory` WRITE;
/*!40000 ALTER TABLE `cashticket_inventory` DISABLE KEYS */;
/*!40000 ALTER TABLE `cashticket_inventory` ENABLE KEYS */;
UNLOCK TABLES;

--
-- Dumping data for table `cashticket_inventory_detail`
--

LOCK TABLES `cashticket_inventory_detail` WRITE;
/*!40000 ALTER TABLE `cashticket_inventory_detail` DISABLE KEYS */;
/*!40000 ALTER TABLE `cashticket_inventory_detail` ENABLE KEYS */;
UNLOCK TABLES;

--
-- Dumping data for table `certification`
--

LOCK TABLES `certification` WRITE;
/*!40000 ALTER TABLE `certification` DISABLE KEYS */;
/*!40000 ALTER TABLE `certification` ENABLE KEYS */;
UNLOCK TABLES;

--
-- Dumping data for table `city`
--

LOCK TABLES `city` WRITE;
/*!40000 ALTER TABLE `city` DISABLE KEYS */;
/*!40000 ALTER TABLE `city` ENABLE KEYS */;
UNLOCK TABLES;

--
-- Dumping data for table `collectionform`
--

LOCK TABLES `collectionform` WRITE;
/*!40000 ALTER TABLE `collectionform` DISABLE KEYS */;
INSERT INTO `collectionform` VALUES ('0016','COMMUNITY TAX CERTIFICATE (INDIVIDUAL)','serial'),('51','ACCOUNTABLE FORM #51','serial'),('52','LARGE CATTLE TRANSFER','serial'),('53','LARGE CATTLE OWNERSHIP','serial'),('54','MARRIAGE LICENSE FEE','serial'),('56','REAL PROPERTY TAX RECEIPT','serial'),('57','SLAUGHTER PERMIT','serial'),('58','BURIAL PERMIT FEE','serial'),('907','COMMUNITY TAX(CORPORATE)','serial'),('CT1','CASH TICKETS P1.00','cashticket'),('CT10','CASH TICKET P10.00','cashticket'),('CT2','CASH TICKETS P2.00','cashticket'),('CT5','CASH TICKETS P 5.00','cashticket');
/*!40000 ALTER TABLE `collectionform` ENABLE KEYS */;
UNLOCK TABLES;

--
-- Dumping data for table `collectiongroup`
--

LOCK TABLES `collectiongroup` WRITE;
/*!40000 ALTER TABLE `collectiongroup` DISABLE KEYS */;
/*!40000 ALTER TABLE `collectiongroup` ENABLE KEYS */;
UNLOCK TABLES;

--
-- Dumping data for table `collectiongroup_revenueitem`
--

LOCK TABLES `collectiongroup_revenueitem` WRITE;
/*!40000 ALTER TABLE `collectiongroup_revenueitem` DISABLE KEYS */;
/*!40000 ALTER TABLE `collectiongroup_revenueitem` ENABLE KEYS */;
UNLOCK TABLES;

--
-- Dumping data for table `collectiontype`
--

LOCK TABLES `collectiontype` WRITE;
/*!40000 ALTER TABLE `collectiontype` DISABLE KEYS */;
INSERT INTO `collectiontype` VALUES ('BUSINESS_COL','APPROVED','BUSINESS_COLLECTION','BUSINESS COLLECTION','51','bpls',NULL,'51001'),('GEN_COL','APPROVED','GENERAL_COLLECTION','GENERAL COLLECTION','51','misc',1,NULL),('RPT_COL','APPROVED','REAL_PROPERTY_TAX','REALTY TAX COLLECTION','56','rpt',NULL,'56001');
/*!40000 ALTER TABLE `collectiontype` ENABLE KEYS */;
UNLOCK TABLES;

--
-- Dumping data for table `consolidatedland`
--

LOCK TABLES `consolidatedland` WRITE;
/*!40000 ALTER TABLE `consolidatedland` DISABLE KEYS */;
/*!40000 ALTER TABLE `consolidatedland` ENABLE KEYS */;
UNLOCK TABLES;

--
-- Dumping data for table `consolidation`
--

LOCK TABLES `consolidation` WRITE;
/*!40000 ALTER TABLE `consolidation` DISABLE KEYS */;
/*!40000 ALTER TABLE `consolidation` ENABLE KEYS */;
UNLOCK TABLES;

--
-- Dumping data for table `consolidationaffectedrpu`
--

LOCK TABLES `consolidationaffectedrpu` WRITE;
/*!40000 ALTER TABLE `consolidationaffectedrpu` DISABLE KEYS */;
/*!40000 ALTER TABLE `consolidationaffectedrpu` ENABLE KEYS */;
UNLOCK TABLES;

--
-- Dumping data for table `directcash_collection`
--

LOCK TABLES `directcash_collection` WRITE;
/*!40000 ALTER TABLE `directcash_collection` DISABLE KEYS */;
/*!40000 ALTER TABLE `directcash_collection` ENABLE KEYS */;
UNLOCK TABLES;

--
-- Dumping data for table `directcash_collection_item`
--

LOCK TABLES `directcash_collection_item` WRITE;
/*!40000 ALTER TABLE `directcash_collection_item` DISABLE KEYS */;
/*!40000 ALTER TABLE `directcash_collection_item` ENABLE KEYS */;
UNLOCK TABLES;

--
-- Dumping data for table `discounttype`
--

LOCK TABLES `discounttype` WRITE;
/*!40000 ALTER TABLE `discounttype` DISABLE KEYS */;
/*!40000 ALTER TABLE `discounttype` ENABLE KEYS */;
UNLOCK TABLES;

--
-- Dumping data for table `district`
--

LOCK TABLES `district` WRITE;
/*!40000 ALTER TABLE `district` DISABLE KEYS */;
/*!40000 ALTER TABLE `district` ENABLE KEYS */;
UNLOCK TABLES;

--
-- Dumping data for table `entity`
--

LOCK TABLES `entity` WRITE;
/*!40000 ALTER TABLE `entity` DISABLE KEYS */;
/*!40000 ALTER TABLE `entity` ENABLE KEYS */;
UNLOCK TABLES;

--
-- Dumping data for table `entity_address`
--

LOCK TABLES `entity_address` WRITE;
/*!40000 ALTER TABLE `entity_address` DISABLE KEYS */;
/*!40000 ALTER TABLE `entity_address` ENABLE KEYS */;
UNLOCK TABLES;

--
-- Dumping data for table `entityid`
--

LOCK TABLES `entityid` WRITE;
/*!40000 ALTER TABLE `entityid` DISABLE KEYS */;
/*!40000 ALTER TABLE `entityid` ENABLE KEYS */;
UNLOCK TABLES;

--
-- Dumping data for table `entityindividual`
--

LOCK TABLES `entityindividual` WRITE;
/*!40000 ALTER TABLE `entityindividual` DISABLE KEYS */;
/*!40000 ALTER TABLE `entityindividual` ENABLE KEYS */;
UNLOCK TABLES;

--
-- Dumping data for table `entityjuridical`
--

LOCK TABLES `entityjuridical` WRITE;
/*!40000 ALTER TABLE `entityjuridical` DISABLE KEYS */;
/*!40000 ALTER TABLE `entityjuridical` ENABLE KEYS */;
UNLOCK TABLES;

--
-- Dumping data for table `entitymember`
--

LOCK TABLES `entitymember` WRITE;
/*!40000 ALTER TABLE `entitymember` DISABLE KEYS */;
/*!40000 ALTER TABLE `entitymember` ENABLE KEYS */;
UNLOCK TABLES;

--
-- Dumping data for table `entitymultiple`
--

LOCK TABLES `entitymultiple` WRITE;
/*!40000 ALTER TABLE `entitymultiple` DISABLE KEYS */;
/*!40000 ALTER TABLE `entitymultiple` ENABLE KEYS */;
UNLOCK TABLES;

--
-- Dumping data for table `examiner_finding`
--

LOCK TABLES `examiner_finding` WRITE;
/*!40000 ALTER TABLE `examiner_finding` DISABLE KEYS */;
/*!40000 ALTER TABLE `examiner_finding` ENABLE KEYS */;
UNLOCK TABLES;

--
-- Dumping data for table `exemptiontype`
--

LOCK TABLES `exemptiontype` WRITE;
/*!40000 ALTER TABLE `exemptiontype` DISABLE KEYS */;
INSERT INTO `exemptiontype` VALUES ('CH','APPROVED','CH','CHARITABLE',3),('ED','APPROVED','ED','EDUCATIONAL',4),('GO','APPROVED','GO','GOVERNMENT',1),('OT','APPROVED','OT','OTHERS',100),('RE','APPROVED','RE','RELIGIOUS',2);
/*!40000 ALTER TABLE `exemptiontype` ENABLE KEYS */;
UNLOCK TABLES;

--
-- Dumping data for table `faas`
--

LOCK TABLES `faas` WRITE;
/*!40000 ALTER TABLE `faas` DISABLE KEYS */;
/*!40000 ALTER TABLE `faas` ENABLE KEYS */;
UNLOCK TABLES;

--
-- Dumping data for table `faas_txntype`
--

LOCK TABLES `faas_txntype` WRITE;
/*!40000 ALTER TABLE `faas_txntype` DISABLE KEYS */;
INSERT INTO `faas_txntype` VALUES ('CC','Change Classification',0,1,0,NULL),('CD','Change Depreciation',0,1,0,NULL),('CE','Correction of Entry',0,1,1,NULL),('CS','Consolidation',1,1,1,NULL),('CT','Change Taxability',0,1,0,NULL),('CTD','Cancellation',0,0,0,NULL),('DC','Data Capture',1,1,1,NULL),('GR','General Revision',0,1,1,NULL),('MC','Multiple Claim',1,1,1,NULL),('MCS','Multiple Claim Settlement',0,1,1,NULL),('ND','New Discovery',1,1,1,NULL),('RE','Reassessment',0,1,0,NULL),('RS','Resection',0,1,1,NULL),('RV','Revision',0,1,1,NULL),('SD','Subdivision',1,1,1,NULL),('TR','Transfer of Ownership',0,0,0,NULL),('TRC','Transfer with Correction',0,1,1,NULL),('TRE','Transfer with Reassessment',0,1,0,NULL);
/*!40000 ALTER TABLE `faas_txntype` ENABLE KEYS */;
UNLOCK TABLES;

--
-- Dumping data for table `faasannotation`
--

LOCK TABLES `faasannotation` WRITE;
/*!40000 ALTER TABLE `faasannotation` DISABLE KEYS */;
/*!40000 ALTER TABLE `faasannotation` ENABLE KEYS */;
UNLOCK TABLES;

--
-- Dumping data for table `faasannotationtype`
--

LOCK TABLES `faasannotationtype` WRITE;
/*!40000 ALTER TABLE `faasannotationtype` DISABLE KEYS */;
INSERT INTO `faasannotationtype` VALUES ('CCJ','CIVIL CASE JUDGEMENT'),('MOA','MEMORANDUM OF AGREEMENT'),('MT','MORTGAGE'),('NAC','NOTICE OF ADVERSE CLAIM'),('NB','NOTICE OF BOND'),('NOA','NOTICE OF ATTACHMENT'),('NOAL','NOTICE OF ATTACHMENT/LEVY UPON REALTY'),('NOL','NOTICE OF LEVY'),('NOLES','NOTICE OF LIS PENDENS'),('NOS','NOTICE OF SHERIFF\'S'),('OFC','ORDER FROM THE COURT'),('SLVY','SHERIFF\'S NOTICE OF LEVY UPON REAL PROPERTY'),('SR','SHERIFF\'S CERTIFICATE OF SALE'),('UL','UNDER LITIGATION'),('WL','WARRANT OF LEVY');
/*!40000 ALTER TABLE `faasannotationtype` ENABLE KEYS */;
UNLOCK TABLES;

--
-- Dumping data for table `faasbacktax`
--

LOCK TABLES `faasbacktax` WRITE;
/*!40000 ALTER TABLE `faasbacktax` DISABLE KEYS */;
/*!40000 ALTER TABLE `faasbacktax` ENABLE KEYS */;
UNLOCK TABLES;

--
-- Dumping data for table `faasupdate`
--

LOCK TABLES `faasupdate` WRITE;
/*!40000 ALTER TABLE `faasupdate` DISABLE KEYS */;
/*!40000 ALTER TABLE `faasupdate` ENABLE KEYS */;
UNLOCK TABLES;

--
-- Dumping data for table `fund`
--

LOCK TABLES `fund` WRITE;
/*!40000 ALTER TABLE `fund` DISABLE KEYS */;
INSERT INTO `fund` VALUES ('GENERAL',NULL,'APPROVED','01','GENERAL',NULL,1,1),('SEF',NULL,'APPROVED','02','SEF',NULL,1,1),('TRUST',NULL,'APPROVED','03','TRUST',NULL,1,1);
/*!40000 ALTER TABLE `fund` ENABLE KEYS */;
UNLOCK TABLES;

--
-- Dumping data for table `landadjustment`
--

LOCK TABLES `landadjustment` WRITE;
/*!40000 ALTER TABLE `landadjustment` DISABLE KEYS */;
/*!40000 ALTER TABLE `landadjustment` ENABLE KEYS */;
UNLOCK TABLES;

--
-- Dumping data for table `landadjustmentparameter`
--

LOCK TABLES `landadjustmentparameter` WRITE;
/*!40000 ALTER TABLE `landadjustmentparameter` DISABLE KEYS */;
/*!40000 ALTER TABLE `landadjustmentparameter` ENABLE KEYS */;
UNLOCK TABLES;

--
-- Dumping data for table `landadjustmenttype`
--

LOCK TABLES `landadjustmenttype` WRITE;
/*!40000 ALTER TABLE `landadjustmenttype` DISABLE KEYS */;
/*!40000 ALTER TABLE `landadjustmenttype` ENABLE KEYS */;
UNLOCK TABLES;

--
-- Dumping data for table `landadjustmenttype_classification`
--

LOCK TABLES `landadjustmenttype_classification` WRITE;
/*!40000 ALTER TABLE `landadjustmenttype_classification` DISABLE KEYS */;
/*!40000 ALTER TABLE `landadjustmenttype_classification` ENABLE KEYS */;
UNLOCK TABLES;

--
-- Dumping data for table `landassesslevel`
--

LOCK TABLES `landassesslevel` WRITE;
/*!40000 ALTER TABLE `landassesslevel` DISABLE KEYS */;
/*!40000 ALTER TABLE `landassesslevel` ENABLE KEYS */;
UNLOCK TABLES;

--
-- Dumping data for table `landassesslevelrange`
--

LOCK TABLES `landassesslevelrange` WRITE;
/*!40000 ALTER TABLE `landassesslevelrange` DISABLE KEYS */;
/*!40000 ALTER TABLE `landassesslevelrange` ENABLE KEYS */;
UNLOCK TABLES;

--
-- Dumping data for table `landdetail`
--

LOCK TABLES `landdetail` WRITE;
/*!40000 ALTER TABLE `landdetail` DISABLE KEYS */;
/*!40000 ALTER TABLE `landdetail` ENABLE KEYS */;
UNLOCK TABLES;

--
-- Dumping data for table `landrpu`
--

LOCK TABLES `landrpu` WRITE;
/*!40000 ALTER TABLE `landrpu` DISABLE KEYS */;
/*!40000 ALTER TABLE `landrpu` ENABLE KEYS */;
UNLOCK TABLES;

--
-- Dumping data for table `landrysetting`
--

LOCK TABLES `landrysetting` WRITE;
/*!40000 ALTER TABLE `landrysetting` DISABLE KEYS */;
/*!40000 ALTER TABLE `landrysetting` ENABLE KEYS */;
UNLOCK TABLES;

--
-- Dumping data for table `lcuvspecificclass`
--

LOCK TABLES `lcuvspecificclass` WRITE;
/*!40000 ALTER TABLE `lcuvspecificclass` DISABLE KEYS */;
/*!40000 ALTER TABLE `lcuvspecificclass` ENABLE KEYS */;
UNLOCK TABLES;

--
-- Dumping data for table `lcuvstripping`
--

LOCK TABLES `lcuvstripping` WRITE;
/*!40000 ALTER TABLE `lcuvstripping` DISABLE KEYS */;
/*!40000 ALTER TABLE `lcuvstripping` ENABLE KEYS */;
UNLOCK TABLES;

--
-- Dumping data for table `lcuvsubclass`
--

LOCK TABLES `lcuvsubclass` WRITE;
/*!40000 ALTER TABLE `lcuvsubclass` DISABLE KEYS */;
/*!40000 ALTER TABLE `lcuvsubclass` ENABLE KEYS */;
UNLOCK TABLES;

--
-- Dumping data for table `lessor_building`
--

LOCK TABLES `lessor_building` WRITE;
/*!40000 ALTER TABLE `lessor_building` DISABLE KEYS */;
/*!40000 ALTER TABLE `lessor_building` ENABLE KEYS */;
UNLOCK TABLES;

--
-- Dumping data for table `liquidation`
--

LOCK TABLES `liquidation` WRITE;
/*!40000 ALTER TABLE `liquidation` DISABLE KEYS */;
/*!40000 ALTER TABLE `liquidation` ENABLE KEYS */;
UNLOCK TABLES;

--
-- Dumping data for table `liquidation_cashier_fund`
--

LOCK TABLES `liquidation_cashier_fund` WRITE;
/*!40000 ALTER TABLE `liquidation_cashier_fund` DISABLE KEYS */;
/*!40000 ALTER TABLE `liquidation_cashier_fund` ENABLE KEYS */;
UNLOCK TABLES;

--
-- Dumping data for table `liquidation_checkpayment`
--

LOCK TABLES `liquidation_checkpayment` WRITE;
/*!40000 ALTER TABLE `liquidation_checkpayment` DISABLE KEYS */;
/*!40000 ALTER TABLE `liquidation_checkpayment` ENABLE KEYS */;
UNLOCK TABLES;

--
-- Dumping data for table `liquidation_remittance`
--

LOCK TABLES `liquidation_remittance` WRITE;
/*!40000 ALTER TABLE `liquidation_remittance` DISABLE KEYS */;
/*!40000 ALTER TABLE `liquidation_remittance` ENABLE KEYS */;
UNLOCK TABLES;

--
-- Dumping data for table `lob`
--

LOCK TABLES `lob` WRITE;
/*!40000 ALTER TABLE `lob` DISABLE KEYS */;
/*!40000 ALTER TABLE `lob` ENABLE KEYS */;
UNLOCK TABLES;

--
-- Dumping data for table `lob_lobattribute`
--

LOCK TABLES `lob_lobattribute` WRITE;
/*!40000 ALTER TABLE `lob_lobattribute` DISABLE KEYS */;
/*!40000 ALTER TABLE `lob_lobattribute` ENABLE KEYS */;
UNLOCK TABLES;

--
-- Dumping data for table `lobattribute`
--

LOCK TABLES `lobattribute` WRITE;
/*!40000 ALTER TABLE `lobattribute` DISABLE KEYS */;
/*!40000 ALTER TABLE `lobattribute` ENABLE KEYS */;
UNLOCK TABLES;

--
-- Dumping data for table `lobclassification`
--

LOCK TABLES `lobclassification` WRITE;
/*!40000 ALTER TABLE `lobclassification` DISABLE KEYS */;
INSERT INTO `lobclassification` VALUES ('RETAILER','APPROVED','RETAILER',NULL),('AMUSEMENT','APPROVED','AMUSEMENT',NULL),('CONTRACTOR','APPROVED','CONTRACTOR',NULL),('FINANCIAL','APPROVED','FINANCIAL',NULL),('FRANCHISE','APPROVED','FRANCHISE',NULL),('MANUFACTURER','APPROVED','MANUFACTURER',NULL),('MINING','APPROVED','MINING',NULL),('OTHER','APPROVED','OTHER',NULL),('RESTAURANT','APPROVED','RESTAURANT',NULL),('WHOLESALER','APPROVED','WHOLESALER',NULL);
/*!40000 ALTER TABLE `lobclassification` ENABLE KEYS */;
UNLOCK TABLES;

--
-- Dumping data for table `machassesslevel`
--

LOCK TABLES `machassesslevel` WRITE;
/*!40000 ALTER TABLE `machassesslevel` DISABLE KEYS */;
/*!40000 ALTER TABLE `machassesslevel` ENABLE KEYS */;
UNLOCK TABLES;

--
-- Dumping data for table `machassesslevelrange`
--

LOCK TABLES `machassesslevelrange` WRITE;
/*!40000 ALTER TABLE `machassesslevelrange` DISABLE KEYS */;
/*!40000 ALTER TABLE `machassesslevelrange` ENABLE KEYS */;
UNLOCK TABLES;

--
-- Dumping data for table `machdetail`
--

LOCK TABLES `machdetail` WRITE;
/*!40000 ALTER TABLE `machdetail` DISABLE KEYS */;
/*!40000 ALTER TABLE `machdetail` ENABLE KEYS */;
UNLOCK TABLES;

--
-- Dumping data for table `machforex`
--

LOCK TABLES `machforex` WRITE;
/*!40000 ALTER TABLE `machforex` DISABLE KEYS */;
/*!40000 ALTER TABLE `machforex` ENABLE KEYS */;
UNLOCK TABLES;

--
-- Dumping data for table `machine`
--

LOCK TABLES `machine` WRITE;
/*!40000 ALTER TABLE `machine` DISABLE KEYS */;
/*!40000 ALTER TABLE `machine` ENABLE KEYS */;
UNLOCK TABLES;

--
-- Dumping data for table `machrpu`
--

LOCK TABLES `machrpu` WRITE;
/*!40000 ALTER TABLE `machrpu` DISABLE KEYS */;
/*!40000 ALTER TABLE `machrpu` ENABLE KEYS */;
UNLOCK TABLES;

--
-- Dumping data for table `machrysetting`
--

LOCK TABLES `machrysetting` WRITE;
/*!40000 ALTER TABLE `machrysetting` DISABLE KEYS */;
/*!40000 ALTER TABLE `machrysetting` ENABLE KEYS */;
UNLOCK TABLES;

--
-- Dumping data for table `machuse`
--

LOCK TABLES `machuse` WRITE;
/*!40000 ALTER TABLE `machuse` DISABLE KEYS */;
/*!40000 ALTER TABLE `machuse` ENABLE KEYS */;
UNLOCK TABLES;

--
-- Dumping data for table `material`
--

LOCK TABLES `material` WRITE;
/*!40000 ALTER TABLE `material` DISABLE KEYS */;
/*!40000 ALTER TABLE `material` ENABLE KEYS */;
UNLOCK TABLES;

--
-- Dumping data for table `mcsettlement`
--

LOCK TABLES `mcsettlement` WRITE;
/*!40000 ALTER TABLE `mcsettlement` DISABLE KEYS */;
/*!40000 ALTER TABLE `mcsettlement` ENABLE KEYS */;
UNLOCK TABLES;

--
-- Dumping data for table `mcsettlement_affectedrpu`
--

LOCK TABLES `mcsettlement_affectedrpu` WRITE;
/*!40000 ALTER TABLE `mcsettlement_affectedrpu` DISABLE KEYS */;
/*!40000 ALTER TABLE `mcsettlement_affectedrpu` ENABLE KEYS */;
UNLOCK TABLES;

--
-- Dumping data for table `mcsettlement_otherclaim`
--

LOCK TABLES `mcsettlement_otherclaim` WRITE;
/*!40000 ALTER TABLE `mcsettlement_otherclaim` DISABLE KEYS */;
/*!40000 ALTER TABLE `mcsettlement_otherclaim` ENABLE KEYS */;
UNLOCK TABLES;

--
-- Dumping data for table `miscassesslevel`
--

LOCK TABLES `miscassesslevel` WRITE;
/*!40000 ALTER TABLE `miscassesslevel` DISABLE KEYS */;
/*!40000 ALTER TABLE `miscassesslevel` ENABLE KEYS */;
UNLOCK TABLES;

--
-- Dumping data for table `miscassesslevelrange`
--

LOCK TABLES `miscassesslevelrange` WRITE;
/*!40000 ALTER TABLE `miscassesslevelrange` DISABLE KEYS */;
/*!40000 ALTER TABLE `miscassesslevelrange` ENABLE KEYS */;
UNLOCK TABLES;

--
-- Dumping data for table `miscitem`
--

LOCK TABLES `miscitem` WRITE;
/*!40000 ALTER TABLE `miscitem` DISABLE KEYS */;
/*!40000 ALTER TABLE `miscitem` ENABLE KEYS */;
UNLOCK TABLES;

--
-- Dumping data for table `miscitemvalue`
--

LOCK TABLES `miscitemvalue` WRITE;
/*!40000 ALTER TABLE `miscitemvalue` DISABLE KEYS */;
/*!40000 ALTER TABLE `miscitemvalue` ENABLE KEYS */;
UNLOCK TABLES;

--
-- Dumping data for table `miscrpu`
--

LOCK TABLES `miscrpu` WRITE;
/*!40000 ALTER TABLE `miscrpu` DISABLE KEYS */;
/*!40000 ALTER TABLE `miscrpu` ENABLE KEYS */;
UNLOCK TABLES;

--
-- Dumping data for table `miscrpuitem`
--

LOCK TABLES `miscrpuitem` WRITE;
/*!40000 ALTER TABLE `miscrpuitem` DISABLE KEYS */;
/*!40000 ALTER TABLE `miscrpuitem` ENABLE KEYS */;
UNLOCK TABLES;

--
-- Dumping data for table `miscrpuitem_rptparameter`
--

LOCK TABLES `miscrpuitem_rptparameter` WRITE;
/*!40000 ALTER TABLE `miscrpuitem_rptparameter` DISABLE KEYS */;
/*!40000 ALTER TABLE `miscrpuitem_rptparameter` ENABLE KEYS */;
UNLOCK TABLES;

--
-- Dumping data for table `miscrysetting`
--

LOCK TABLES `miscrysetting` WRITE;
/*!40000 ALTER TABLE `miscrysetting` DISABLE KEYS */;
/*!40000 ALTER TABLE `miscrysetting` ENABLE KEYS */;
UNLOCK TABLES;

--
-- Dumping data for table `municipality`
--

LOCK TABLES `municipality` WRITE;
/*!40000 ALTER TABLE `municipality` DISABLE KEYS */;
/*!40000 ALTER TABLE `municipality` ENABLE KEYS */;
UNLOCK TABLES;

--
-- Dumping data for table `ngas_revenue`
--

LOCK TABLES `ngas_revenue` WRITE;
/*!40000 ALTER TABLE `ngas_revenue` DISABLE KEYS */;
/*!40000 ALTER TABLE `ngas_revenue` ENABLE KEYS */;
UNLOCK TABLES;

--
-- Dumping data for table `ngas_revenue_deposit`
--

LOCK TABLES `ngas_revenue_deposit` WRITE;
/*!40000 ALTER TABLE `ngas_revenue_deposit` DISABLE KEYS */;
/*!40000 ALTER TABLE `ngas_revenue_deposit` ENABLE KEYS */;
UNLOCK TABLES;

--
-- Dumping data for table `ngas_revenue_remittance`
--

LOCK TABLES `ngas_revenue_remittance` WRITE;
/*!40000 ALTER TABLE `ngas_revenue_remittance` DISABLE KEYS */;
/*!40000 ALTER TABLE `ngas_revenue_remittance` ENABLE KEYS */;
UNLOCK TABLES;

--
-- Dumping data for table `ngas_revenueitem`
--

LOCK TABLES `ngas_revenueitem` WRITE;
/*!40000 ALTER TABLE `ngas_revenueitem` DISABLE KEYS */;
/*!40000 ALTER TABLE `ngas_revenueitem` ENABLE KEYS */;
UNLOCK TABLES;

--
-- Dumping data for table `paymentorder`
--

LOCK TABLES `paymentorder` WRITE;
/*!40000 ALTER TABLE `paymentorder` DISABLE KEYS */;
/*!40000 ALTER TABLE `paymentorder` ENABLE KEYS */;
UNLOCK TABLES;

--
-- Dumping data for table `pin`
--

LOCK TABLES `pin` WRITE;
/*!40000 ALTER TABLE `pin` DISABLE KEYS */;
/*!40000 ALTER TABLE `pin` ENABLE KEYS */;
UNLOCK TABLES;

--
-- Dumping data for table `planttree`
--

LOCK TABLES `planttree` WRITE;
/*!40000 ALTER TABLE `planttree` DISABLE KEYS */;
/*!40000 ALTER TABLE `planttree` ENABLE KEYS */;
UNLOCK TABLES;

--
-- Dumping data for table `planttreeassesslevel`
--

LOCK TABLES `planttreeassesslevel` WRITE;
/*!40000 ALTER TABLE `planttreeassesslevel` DISABLE KEYS */;
/*!40000 ALTER TABLE `planttreeassesslevel` ENABLE KEYS */;
UNLOCK TABLES;

--
-- Dumping data for table `planttreedetail`
--

LOCK TABLES `planttreedetail` WRITE;
/*!40000 ALTER TABLE `planttreedetail` DISABLE KEYS */;
/*!40000 ALTER TABLE `planttreedetail` ENABLE KEYS */;
UNLOCK TABLES;

--
-- Dumping data for table `planttreerpu`
--

LOCK TABLES `planttreerpu` WRITE;
/*!40000 ALTER TABLE `planttreerpu` DISABLE KEYS */;
/*!40000 ALTER TABLE `planttreerpu` ENABLE KEYS */;
UNLOCK TABLES;

--
-- Dumping data for table `planttreerysetting`
--

LOCK TABLES `planttreerysetting` WRITE;
/*!40000 ALTER TABLE `planttreerysetting` DISABLE KEYS */;
/*!40000 ALTER TABLE `planttreerysetting` ENABLE KEYS */;
UNLOCK TABLES;

--
-- Dumping data for table `planttreeunitvalue`
--

LOCK TABLES `planttreeunitvalue` WRITE;
/*!40000 ALTER TABLE `planttreeunitvalue` DISABLE KEYS */;
/*!40000 ALTER TABLE `planttreeunitvalue` ENABLE KEYS */;
UNLOCK TABLES;

--
-- Dumping data for table `previousfaas`
--

LOCK TABLES `previousfaas` WRITE;
/*!40000 ALTER TABLE `previousfaas` DISABLE KEYS */;
/*!40000 ALTER TABLE `previousfaas` ENABLE KEYS */;
UNLOCK TABLES;

--
-- Dumping data for table `profession`
--

LOCK TABLES `profession` WRITE;
/*!40000 ALTER TABLE `profession` DISABLE KEYS */;
/*!40000 ALTER TABLE `profession` ENABLE KEYS */;
UNLOCK TABLES;

--
-- Dumping data for table `propertyclassification`
--

LOCK TABLES `propertyclassification` WRITE;
/*!40000 ALTER TABLE `propertyclassification` DISABLE KEYS */;
INSERT INTO `propertyclassification` VALUES ('AGRICULTURAL','APPROVED','AGR','AGRICULTURAL',0,2),('CEMETERY','APPROVED','CEM','CEMETERY',1,23),('COMMERCIAL','APPROVED','COM','COMMERCIAL',0,3),('CULTURAL','APPROVED','CUL','CULTURAL',1,22),('EDUCATIONAL','APPROVED','EDU','EDUCATIONAL',1,26),('GOCC','APPROVED','GOC','GOCC',1,27),('HOSPITAL','APPROVED','HOS','HOSPITAL',1,20),('INDUSTRIAL','APPROVED','IND','INDUSTRIAL',0,4),('MINERAL','APPROVED','MIN','MINERAL',0,5),('MINERAL LAND','APPROVED','MIL','MINERAL LAND',0,6),('OTHERS','APPROVED','OTH','SPECIAL-OTHERS',1,100),('RECREATIONAL ','APPROVED','REC','RECREATIONAL ',1,24),('RELIGIOUS ','APPROVED','REL','RELIGIOUS ',1,25),('RESIDENTIAL','APPROVED','RES','RESIDENTIAL',0,1),('SCIENTIFIC','APPROVED','SCI','SCIENTIFIC',1,21),('SPECIAL CLASS','APPROVED','SPE','SPECIAL CLASS',0,8),('TIMBER','APPROVED','TIM','TIMBER',0,7);
/*!40000 ALTER TABLE `propertyclassification` ENABLE KEYS */;
UNLOCK TABLES;

--
-- Dumping data for table `province`
--

LOCK TABLES `province` WRITE;
/*!40000 ALTER TABLE `province` DISABLE KEYS */;
/*!40000 ALTER TABLE `province` ENABLE KEYS */;
UNLOCK TABLES;

--
-- Dumping data for table `realproperty`
--

LOCK TABLES `realproperty` WRITE;
/*!40000 ALTER TABLE `realproperty` DISABLE KEYS */;
/*!40000 ALTER TABLE `realproperty` ENABLE KEYS */;
UNLOCK TABLES;

--
-- Dumping data for table `remittance`
--

LOCK TABLES `remittance` WRITE;
/*!40000 ALTER TABLE `remittance` DISABLE KEYS */;
/*!40000 ALTER TABLE `remittance` ENABLE KEYS */;
UNLOCK TABLES;

--
-- Dumping data for table `remittance_afserial`
--

LOCK TABLES `remittance_afserial` WRITE;
/*!40000 ALTER TABLE `remittance_afserial` DISABLE KEYS */;
/*!40000 ALTER TABLE `remittance_afserial` ENABLE KEYS */;
UNLOCK TABLES;

--
-- Dumping data for table `remittance_cashreceipt`
--

LOCK TABLES `remittance_cashreceipt` WRITE;
/*!40000 ALTER TABLE `remittance_cashreceipt` DISABLE KEYS */;
/*!40000 ALTER TABLE `remittance_cashreceipt` ENABLE KEYS */;
UNLOCK TABLES;

--
-- Dumping data for table `remittance_cashticket`
--

LOCK TABLES `remittance_cashticket` WRITE;
/*!40000 ALTER TABLE `remittance_cashticket` DISABLE KEYS */;
/*!40000 ALTER TABLE `remittance_cashticket` ENABLE KEYS */;
UNLOCK TABLES;

--
-- Dumping data for table `remittance_checkpayment`
--

LOCK TABLES `remittance_checkpayment` WRITE;
/*!40000 ALTER TABLE `remittance_checkpayment` DISABLE KEYS */;
/*!40000 ALTER TABLE `remittance_checkpayment` ENABLE KEYS */;
UNLOCK TABLES;

--
-- Dumping data for table `remittance_fund`
--

LOCK TABLES `remittance_fund` WRITE;
/*!40000 ALTER TABLE `remittance_fund` DISABLE KEYS */;
/*!40000 ALTER TABLE `remittance_fund` ENABLE KEYS */;
UNLOCK TABLES;

--
-- Dumping data for table `remoteserverdata`
--

LOCK TABLES `remoteserverdata` WRITE;
/*!40000 ALTER TABLE `remoteserverdata` DISABLE KEYS */;
/*!40000 ALTER TABLE `remoteserverdata` ENABLE KEYS */;
UNLOCK TABLES;

--
-- Dumping data for table `report_rptdelinquency`
--

LOCK TABLES `report_rptdelinquency` WRITE;
/*!40000 ALTER TABLE `report_rptdelinquency` DISABLE KEYS */;
/*!40000 ALTER TABLE `report_rptdelinquency` ENABLE KEYS */;
UNLOCK TABLES;

--
-- Dumping data for table `resection`
--

LOCK TABLES `resection` WRITE;
/*!40000 ALTER TABLE `resection` DISABLE KEYS */;
/*!40000 ALTER TABLE `resection` ENABLE KEYS */;
UNLOCK TABLES;

--
-- Dumping data for table `resectionaffectedrpu`
--

LOCK TABLES `resectionaffectedrpu` WRITE;
/*!40000 ALTER TABLE `resectionaffectedrpu` DISABLE KEYS */;
/*!40000 ALTER TABLE `resectionaffectedrpu` ENABLE KEYS */;
UNLOCK TABLES;

--
-- Dumping data for table `resectionitem`
--

LOCK TABLES `resectionitem` WRITE;
/*!40000 ALTER TABLE `resectionitem` DISABLE KEYS */;
/*!40000 ALTER TABLE `resectionitem` ENABLE KEYS */;
UNLOCK TABLES;

--
-- Dumping data for table `revenueitem`
--

LOCK TABLES `revenueitem` WRITE;
/*!40000 ALTER TABLE `revenueitem` DISABLE KEYS */;
/*!40000 ALTER TABLE `revenueitem` ENABLE KEYS */;
UNLOCK TABLES;

--
-- Dumping data for table `revenueitem_attribute`
--

LOCK TABLES `revenueitem_attribute` WRITE;
/*!40000 ALTER TABLE `revenueitem_attribute` DISABLE KEYS */;
/*!40000 ALTER TABLE `revenueitem_attribute` ENABLE KEYS */;
UNLOCK TABLES;

--
-- Dumping data for table `revenueitem_attribute_type`
--

LOCK TABLES `revenueitem_attribute_type` WRITE;
/*!40000 ALTER TABLE `revenueitem_attribute_type` DISABLE KEYS */;
INSERT INTO `revenueitem_attribute_type` VALUES ('ngasstandard','NGAS Standard','accountdetail:lookup'),('srestandard','SRE Standard','sreaccount:lookup');
/*!40000 ALTER TABLE `revenueitem_attribute_type` ENABLE KEYS */;
UNLOCK TABLES;

--
-- Dumping data for table `revenueitem_collectiongroup`
--

LOCK TABLES `revenueitem_collectiongroup` WRITE;
/*!40000 ALTER TABLE `revenueitem_collectiongroup` DISABLE KEYS */;
/*!40000 ALTER TABLE `revenueitem_collectiongroup` ENABLE KEYS */;
UNLOCK TABLES;

--
-- Dumping data for table `rpt_requirement`
--

LOCK TABLES `rpt_requirement` WRITE;
/*!40000 ALTER TABLE `rpt_requirement` DISABLE KEYS */;
/*!40000 ALTER TABLE `rpt_requirement` ENABLE KEYS */;
UNLOCK TABLES;

--
-- Dumping data for table `rpt_requirement_type`
--

LOCK TABLES `rpt_requirement_type` WRITE;
/*!40000 ALTER TABLE `rpt_requirement_type` DISABLE KEYS */;
/*!40000 ALTER TABLE `rpt_requirement_type` ENABLE KEYS */;
UNLOCK TABLES;

--
-- Dumping data for table `rpt_sales_data`
--

LOCK TABLES `rpt_sales_data` WRITE;
/*!40000 ALTER TABLE `rpt_sales_data` DISABLE KEYS */;
/*!40000 ALTER TABLE `rpt_sales_data` ENABLE KEYS */;
UNLOCK TABLES;

--
-- Dumping data for table `rpt_sms`
--

LOCK TABLES `rpt_sms` WRITE;
/*!40000 ALTER TABLE `rpt_sms` DISABLE KEYS */;
/*!40000 ALTER TABLE `rpt_sms` ENABLE KEYS */;
UNLOCK TABLES;

--
-- Dumping data for table `rpt_sms_registration`
--

LOCK TABLES `rpt_sms_registration` WRITE;
/*!40000 ALTER TABLE `rpt_sms_registration` DISABLE KEYS */;
/*!40000 ALTER TABLE `rpt_sms_registration` ENABLE KEYS */;
UNLOCK TABLES;

--
-- Dumping data for table `rptbill`
--

LOCK TABLES `rptbill` WRITE;
/*!40000 ALTER TABLE `rptbill` DISABLE KEYS */;
/*!40000 ALTER TABLE `rptbill` ENABLE KEYS */;
UNLOCK TABLES;

--
-- Dumping data for table `rptbill_ledger`
--

LOCK TABLES `rptbill_ledger` WRITE;
/*!40000 ALTER TABLE `rptbill_ledger` DISABLE KEYS */;
/*!40000 ALTER TABLE `rptbill_ledger` ENABLE KEYS */;
UNLOCK TABLES;

--
-- Dumping data for table `rptbill_ledger_account`
--

LOCK TABLES `rptbill_ledger_account` WRITE;
/*!40000 ALTER TABLE `rptbill_ledger_account` DISABLE KEYS */;
/*!40000 ALTER TABLE `rptbill_ledger_account` ENABLE KEYS */;
UNLOCK TABLES;

--
-- Dumping data for table `rptbill_ledger_item`
--

LOCK TABLES `rptbill_ledger_item` WRITE;
/*!40000 ALTER TABLE `rptbill_ledger_item` DISABLE KEYS */;
/*!40000 ALTER TABLE `rptbill_ledger_item` ENABLE KEYS */;
UNLOCK TABLES;

--
-- Dumping data for table `rptcertification`
--

LOCK TABLES `rptcertification` WRITE;
/*!40000 ALTER TABLE `rptcertification` DISABLE KEYS */;
/*!40000 ALTER TABLE `rptcertification` ENABLE KEYS */;
UNLOCK TABLES;

--
-- Dumping data for table `rptcertificationitem`
--

LOCK TABLES `rptcertificationitem` WRITE;
/*!40000 ALTER TABLE `rptcertificationitem` DISABLE KEYS */;
/*!40000 ALTER TABLE `rptcertificationitem` ENABLE KEYS */;
UNLOCK TABLES;

--
-- Dumping data for table `rptexpiry`
--

LOCK TABLES `rptexpiry` WRITE;
/*!40000 ALTER TABLE `rptexpiry` DISABLE KEYS */;
/*!40000 ALTER TABLE `rptexpiry` ENABLE KEYS */;
UNLOCK TABLES;

--
-- Dumping data for table `rptledger`
--

LOCK TABLES `rptledger` WRITE;
/*!40000 ALTER TABLE `rptledger` DISABLE KEYS */;
/*!40000 ALTER TABLE `rptledger` ENABLE KEYS */;
UNLOCK TABLES;

--
-- Dumping data for table `rptledgerbill`
--

LOCK TABLES `rptledgerbill` WRITE;
/*!40000 ALTER TABLE `rptledgerbill` DISABLE KEYS */;
/*!40000 ALTER TABLE `rptledgerbill` ENABLE KEYS */;
UNLOCK TABLES;

--
-- Dumping data for table `rptledgerbillitem`
--

LOCK TABLES `rptledgerbillitem` WRITE;
/*!40000 ALTER TABLE `rptledgerbillitem` DISABLE KEYS */;
/*!40000 ALTER TABLE `rptledgerbillitem` ENABLE KEYS */;
UNLOCK TABLES;

--
-- Dumping data for table `rptledgerfaas`
--

LOCK TABLES `rptledgerfaas` WRITE;
/*!40000 ALTER TABLE `rptledgerfaas` DISABLE KEYS */;
/*!40000 ALTER TABLE `rptledgerfaas` ENABLE KEYS */;
UNLOCK TABLES;

--
-- Dumping data for table `rptledgeritem`
--

LOCK TABLES `rptledgeritem` WRITE;
/*!40000 ALTER TABLE `rptledgeritem` DISABLE KEYS */;
/*!40000 ALTER TABLE `rptledgeritem` ENABLE KEYS */;
UNLOCK TABLES;

--
-- Dumping data for table `rptledgeritem_qtrly`
--

LOCK TABLES `rptledgeritem_qtrly` WRITE;
/*!40000 ALTER TABLE `rptledgeritem_qtrly` DISABLE KEYS */;
/*!40000 ALTER TABLE `rptledgeritem_qtrly` ENABLE KEYS */;
UNLOCK TABLES;

--
-- Dumping data for table `rptparameter`
--

LOCK TABLES `rptparameter` WRITE;
/*!40000 ALTER TABLE `rptparameter` DISABLE KEYS */;
INSERT INTO `rptparameter` VALUES ('AREA_SQM','APPROVED','AREA_SQM','AREA IN SQM','AREA IN SQUARE METER','decimal','0.00','0.00'),('NO_OF_SETS','APPROVED','NO_OF_SETS','NO. OF SETS',NULL,'integer','0.00','0.00');
/*!40000 ALTER TABLE `rptparameter` ENABLE KEYS */;
UNLOCK TABLES;

--
-- Dumping data for table `rptreceipt_capture`
--

LOCK TABLES `rptreceipt_capture` WRITE;
/*!40000 ALTER TABLE `rptreceipt_capture` DISABLE KEYS */;
/*!40000 ALTER TABLE `rptreceipt_capture` ENABLE KEYS */;
UNLOCK TABLES;

--
-- Dumping data for table `rpttask`
--

LOCK TABLES `rpttask` WRITE;
/*!40000 ALTER TABLE `rpttask` DISABLE KEYS */;
/*!40000 ALTER TABLE `rpttask` ENABLE KEYS */;
UNLOCK TABLES;

--
-- Dumping data for table `rpttaxclearance`
--

LOCK TABLES `rpttaxclearance` WRITE;
/*!40000 ALTER TABLE `rpttaxclearance` DISABLE KEYS */;
/*!40000 ALTER TABLE `rpttaxclearance` ENABLE KEYS */;
UNLOCK TABLES;

--
-- Dumping data for table `rpttaxincentive`
--

LOCK TABLES `rpttaxincentive` WRITE;
/*!40000 ALTER TABLE `rpttaxincentive` DISABLE KEYS */;
/*!40000 ALTER TABLE `rpttaxincentive` ENABLE KEYS */;
UNLOCK TABLES;

--
-- Dumping data for table `rpttaxincentive_item`
--

LOCK TABLES `rpttaxincentive_item` WRITE;
/*!40000 ALTER TABLE `rpttaxincentive_item` DISABLE KEYS */;
/*!40000 ALTER TABLE `rpttaxincentive_item` ENABLE KEYS */;
UNLOCK TABLES;

--
-- Dumping data for table `rpttracking`
--

LOCK TABLES `rpttracking` WRITE;
/*!40000 ALTER TABLE `rpttracking` DISABLE KEYS */;
/*!40000 ALTER TABLE `rpttracking` ENABLE KEYS */;
UNLOCK TABLES;

--
-- Dumping data for table `rptvariable`
--

LOCK TABLES `rptvariable` WRITE;
/*!40000 ALTER TABLE `rptvariable` DISABLE KEYS */;
/*!40000 ALTER TABLE `rptvariable` ENABLE KEYS */;
UNLOCK TABLES;

--
-- Dumping data for table `rptworkflow`
--

LOCK TABLES `rptworkflow` WRITE;
/*!40000 ALTER TABLE `rptworkflow` DISABLE KEYS */;
INSERT INTO `rptworkflow` VALUES ('ALL','FAAS WORKFLOW','TR,TRE,TRC,CE,CC,CT,CD,RE,GR,ND,MC,RV'),('CS','CS WORKFLOW','CS'),('SD','SD WORKFLOW','SD');
/*!40000 ALTER TABLE `rptworkflow` ENABLE KEYS */;
UNLOCK TABLES;

--
-- Dumping data for table `rptworkflow_state`
--

LOCK TABLES `rptworkflow_state` WRITE;
/*!40000 ALTER TABLE `rptworkflow_state` DISABLE KEYS */;
INSERT INTO `rptworkflow_state` VALUES ('ALL-W01','ALL',NULL,'receive','start',1,'receiver','#{docname} documents are received and verified.'),('ALL-W02','ALL','receive','assign-examiner','process',1,'examiner','#{docname} is already forwarded for examination.'),('ALL-W03','ALL','assign-examiner','forexamination','process',1,'examiner','#{docname} is currently examined by the group of #{name}.'),('ALL-W04','ALL','forexamination','assign-taxmapper','process',1,'taxmapper','#{docname} is already submitted for taxmapping.'),('ALL-W05','ALL','assign-taxmapper','fortaxmapping','process',1,'taxmapper','#{docname} is currently taxmapped by #{name}.'),('ALL-W06','ALL','fortaxmapping','assign-taxmapping-approval','process',1,'taxmapping_chief','#{docname} is submitted for taxmapping approval.'),('ALL-W07','ALL','assign-taxmapping-approval','fortaxmapping-approval','process',1,'taxmapping_chief','#{docname} taxmapping is currently verified by #{name}.'),('ALL-W08','ALL','fortaxmapping-approval','assign-appraiser','process',1,'appraiser','#{docname} is already submitted for appraisal.'),('ALL-W09','ALL','assign-appraiser','forappraisal','process',1,'appraiser','#{docname} is currenty appraised by #{name}.'),('ALL-W10','ALL','forappraisal','assign-appraisal-chief','process',1,'appraisal_chief','#{docname} appraisal is already submitted for approval.'),('ALL-W11','ALL','assign-appraisal-chief','forappraisal-approval','process',1,'appraisal_chief','#{docname} appraisal is currently verified by #{name}.'),('ALL-W12','ALL','forappraisal-approval','assign-assistant-approval','process',1,'assistant_assessor','#{docname} is already submitted to assistant assessor for approval.'),('ALL-W13','ALL','assign-assistant-approval','forassistant-approval','process',1,'assistant_assessor','#{docname} is currently reviewed by assistant assessor #{name}.'),('ALL-W14','ALL','forassistant-approval','assign-approver','process',1,'approver','#{docname} is already submitted to assistant assessor for approval.'),('ALL-W15','ALL','assign-approver','forapproval','process',1,'approver','#{docname} is currently approved by #{name}.'),('ALL-W16','ALL','forapproval','approved','end',1,'approver','#{docname} is already approved and current.'),('CS-W01','CS',NULL,'receive','start',1,'receiver','#{docname} documents are received and undergoing verification.'),('CS-W02','CS','receive','assign-examiner','process',1,'examiner','#{docname} is already forwarded for examination.'),('CS-W03','CS','assign-examiner','forexamination','process',1,'examiner','#{docname} is currently examined by the group of #{name}.'),('CS-W04','CS','forexamination','assign-taxmapper','process',1,'taxmapper','#{docname} is already submitted for taxmapping.'),('CS-W05','CS','assign-taxmapper','fortaxmapping','process',1,'taxmapper','#{docname} is currently taxmapped by #{name}.'),('CS-W06','CS','fortaxmapping','assign-taxmapping-approval','process',1,'taxmapping_chief','#{docname} is submitted for taxmapping approval.'),('CS-W07','CS','assign-taxmapping-approval','fortaxmapping-approval','process',1,'taxmapping_chief','#{docname} taxmapping approval is currently verified by #{name}.'),('CS-W08','CS','fortaxmapping-approval','assign-appraiser','process',1,'appraiser','#{docname} is already submitted for appraisal.'),('CS-W09','CS','assign-appraiser','forappraisal','process',1,'appraiser','#{docname} is currenty appraised by #{name}.'),('CS-W10','CS','forappraisal','assign-appraisal-chief','process',1,'appraisal_chief','#{docname} appraisal is already submitted for approval.'),('CS-W11','CS','assign-appraisal-chief','forappraisal-approval','process',1,'appraisal_chief','#{docname} appraisal is currently verified by #{name}.'),('CS-W12','CS','forappraisal-approval','assign-assistant-approval','process',1,'assistant_assessor','#{docname} is already submitted to assistant assessor for approval.'),('CS-W13','CS','assign-assistant-approval','forassistant-approval','process',1,'assistant_assessor','#{docname} is currently reviewed by assistant assessor #{name}.'),('CS-W14','CS','forassistant-approval','assign-approver','process',1,'approver','#{docname} is already submitted to assistant assessor for approval.'),('CS-W15','CS','assign-approver','forapproval','process',1,'approver','#{docname} is currently approved by #{name}.'),('CS-W16','CS','forapproval','approved','end',1,'approver','#{docname} is already approved and current.'),('SD-W01','SD',NULL,'receive','start',1,'receiver','#{docname} documents are received and undergoing verification.'),('SD-W02','SD','receive','assign-examiner','process',1,'examiner','#{docname} is already forwarded for examination.'),('SD-W03','SD','assign-examiner','forexamination','process',1,'examiner','#{docname} is currently examined by the group of #{name}.'),('SD-W04','SD','forexamination','assign-taxmapper','process',1,'taxmapper','#{docname} is already submitted for taxmapping.'),('SD-W05','SD','assign-taxmapper','fortaxmapping','process',1,'taxmapper','#{docname} is currently taxmapped by #{name}.'),('SD-W06','SD','fortaxmapping','assign-taxmapping-approval','process',1,'taxmapping_chief','#{docname} is submitted for taxmapping approval.'),('SD-W07','SD','assign-taxmapping-approval','fortaxmapping-approval','process',1,'taxmapping_chief','#{docname} taxmapping approval is currently verified by #{name}.'),('SD-W08','SD','fortaxmapping-approval','assign-appraiser','process',1,'appraiser','#{docname} is already submitted for appraisal.'),('SD-W09','SD','assign-appraiser','forappraisal','process',1,'appraiser','#{docname} is currenty appraised by #{name}.'),('SD-W10','SD','forappraisal','assign-appraisal-chief','process',1,'appraisal_chief','#{docname} appraisal is already submitted for approval.'),('SD-W11','SD','assign-appraisal-chief','forappraisal-approval','process',1,'appraisal_chief','#{docname} appraisal is currently verified by #{name}.'),('SD-W12','SD','forappraisal-approval','assign-assistant-approval','process',1,'assistant_assessor','#{docname} is already submitted to assistant assessor for approval.'),('SD-W13','SD','assign-assistant-approval','forassistant-approval','process',1,'assistant_assessor','#{docname} is currently reviewed by assistant assessor #{name}.'),('SD-W14','SD','forassistant-approval','assign-approver','process',1,'approver','#{docname} is already submitted to assistant assessor for approval.'),('SD-W15','SD','assign-approver','forapproval','process',1,'approver','#{docname} is currently approved by #{name}.'),('SD-W16','SD','forapproval','approved','end',1,'approver','#{docname} is already approved and current.');
/*!40000 ALTER TABLE `rptworkflow_state` ENABLE KEYS */;
UNLOCK TABLES;

--
-- Dumping data for table `rpu`
--

LOCK TABLES `rpu` WRITE;
/*!40000 ALTER TABLE `rpu` DISABLE KEYS */;
/*!40000 ALTER TABLE `rpu` ENABLE KEYS */;
UNLOCK TABLES;

--
-- Dumping data for table `rpumaster`
--

LOCK TABLES `rpumaster` WRITE;
/*!40000 ALTER TABLE `rpumaster` DISABLE KEYS */;
/*!40000 ALTER TABLE `rpumaster` ENABLE KEYS */;
UNLOCK TABLES;

--
-- Dumping data for table `rysetting_lgu`
--

LOCK TABLES `rysetting_lgu` WRITE;
/*!40000 ALTER TABLE `rysetting_lgu` DISABLE KEYS */;
/*!40000 ALTER TABLE `rysetting_lgu` ENABLE KEYS */;
UNLOCK TABLES;

--
-- Dumping data for table `rysettinginfo`
--

LOCK TABLES `rysettinginfo` WRITE;
/*!40000 ALTER TABLE `rysettinginfo` DISABLE KEYS */;
/*!40000 ALTER TABLE `rysettinginfo` ENABLE KEYS */;
UNLOCK TABLES;

--
-- Dumping data for table `signatory`
--

LOCK TABLES `signatory` WRITE;
/*!40000 ALTER TABLE `signatory` DISABLE KEYS */;
/*!40000 ALTER TABLE `signatory` ENABLE KEYS */;
UNLOCK TABLES;

--
-- Dumping data for table `sms_rpt_registration`
--

LOCK TABLES `sms_rpt_registration` WRITE;
/*!40000 ALTER TABLE `sms_rpt_registration` DISABLE KEYS */;
/*!40000 ALTER TABLE `sms_rpt_registration` ENABLE KEYS */;
UNLOCK TABLES;

--
-- Dumping data for table `specialaccountsetting`
--

LOCK TABLES `specialaccountsetting` WRITE;
/*!40000 ALTER TABLE `specialaccountsetting` DISABLE KEYS */;
/*!40000 ALTER TABLE `specialaccountsetting` ENABLE KEYS */;
UNLOCK TABLES;

--
-- Dumping data for table `sreaccount`
--

LOCK TABLES `sreaccount` WRITE;
/*!40000 ALTER TABLE `sreaccount` DISABLE KEYS */;
INSERT INTO `sreaccount` VALUES ('REV2004-08-004',NULL,'SYSTEM','REV2004-08','4','LOCAL SOURCES','group',''),('REV2004-08-005','REV2004-08-004','SYSTEM','REV2004-08','5','TAX REVENUES (6+22+39)','group',''),('REV2004-08-006','REV2004-08-005','SYSTEM','REV2004-08','6','REAL PROPERTY TAX (7+12+17)','group',''),('REV2004-08-007','REV2004-08-006','SYSTEM','REV2004-08','7','REAL PROPERTY TAX- BASIC (8+9+10+11)','group',''),('REV2004-08-008','REV2004-08-007','SYSTEM','REV2004-08','8','CURRENT YEAR','detail',''),('REV2004-08-009','REV2004-08-007','SYSTEM','REV2004-08','9','FINES AND PENALTIES- CUR,,RENT YEAR','detail',''),('REV2004-08-010','REV2004-08-007','SYSTEM','REV2004-08','10','PRIOR YEAR/S','detail',''),('REV2004-08-011','REV2004-08-007','SYSTEM','REV2004-08','11','FINES AND PENALTIES- PRIOR YEAR/S','detail',''),('REV2004-08-012','REV2004-08-006','SYSTEM','REV2004-08','12','SPECIAL LEVY ON IDLE LANDS (13+14+15+16)','group',''),('REV2004-08-013','REV2004-08-012','SYSTEM','REV2004-08','13','CURRENT YEAR','detail',''),('REV2004-08-014','REV2004-08-012','SYSTEM','REV2004-08','14','FINES AND PENALTIES- CURRENT YEAR','detail',''),('REV2004-08-015','REV2004-08-012','SYSTEM','REV2004-08','15','PRIOR YEAR/S','detail',''),('REV2004-08-016','REV2004-08-012','SYSTEM','REV2004-08','16','FINES AND PENALTIES- PRIOR YEAR/S','detail',''),('REV2004-08-017','REV2004-08-006','SYSTEM','REV2004-08','17','SPECIAL LEVY ON LAND BENEFITED BY PUBLIC WORKS PROJECTS (18+19+20+21)','group',''),('REV2004-08-018','REV2004-08-017','SYSTEM','REV2004-08','18','CURRENT YEAR','detail',''),('REV2004-08-019','REV2004-08-017','SYSTEM','REV2004-08','19','FINES AND PENALTIES- CURRENT YEAR','detail',''),('REV2004-08-020','REV2004-08-017','SYSTEM','REV2004-08','20','PRIOR YEAR/S','detail',''),('REV2004-08-021','REV2004-08-017','SYSTEM','REV2004-08','21','FINES AND PENALTIES- PRIOR YEAR/S','detail',''),('REV2004-08-022','REV2004-08-005','SYSTEM','REV2004-08','22','TAX ON BUSINESS (TOTAL OF LINE 23+24+35 TO 38)','group',''),('REV2004-08-023','REV2004-08-022','SYSTEM','REV2004-08','23','AMUSEMENT TAX','detail',''),('REV2004-08-024','REV2004-08-022','SYSTEM','REV2004-08','24','BUSINESS TAX (25 TO 33)','group',''),('REV2004-08-025','REV2004-08-024','SYSTEM','REV2004-08','25','MANUFACTURERS, ASSEMBLERS, ETC.','detail',''),('REV2004-08-026','REV2004-08-024','SYSTEM','REV2004-08','26','WHOLESALERS, DISTRIBUTORS, ETC.','detail',''),('REV2004-08-027','REV2004-08-024','SYSTEM','REV2004-08','27','EXPORTERS, MANUFACTURERS, DEALERS, ETC.','detail',''),('REV2004-08-028','REV2004-08-024','SYSTEM','REV2004-08','28','RETAILERS','detail',''),('REV2004-08-029','REV2004-08-024','SYSTEM','REV2004-08','29','CONTRACTORS AND OTHER INDEPENDENT CONTRACTORS','detail',''),('REV2004-08-030','REV2004-08-024','SYSTEM','REV2004-08','30','BANKS & OTHER FINANCIAL INSTITUTIONS','detail',''),('REV2004-08-031','REV2004-08-024','SYSTEM','REV2004-08','31','PEDDLERS','detail',''),('REV2004-08-032','REV2004-08-024','SYSTEM','REV2004-08','32','PRINTING & PUBLICATION TAX','detail',''),('REV2004-08-033','REV2004-08-024','SYSTEM','REV2004-08','33','TAX ON AMUSEMENT PLACE','detail',''),('REV2004-08-034','REV2004-08-024','SYSTEM','REV2004-08','34','OTHER BUSINESS TAXES','detail',''),('REV2004-08-035','REV2004-08-022','SYSTEM','REV2004-08','35','FRANCHISE TAX','detail',''),('REV2004-08-036','REV2004-08-022','SYSTEM','REV2004-08','36','TAX ON DELIVERY TRUCKS AND VANS','detail',''),('REV2004-08-037','REV2004-08-022','SYSTEM','REV2004-08','37','TAX ON SAND,GRAVEL & OTHER QUARRY RESOURCES','detail',''),('REV2004-08-038','REV2004-08-022','SYSTEM','REV2004-08','38','FINES AND PENALTIES-BUSINESS TAXES','detail',''),('REV2004-08-039','REV2004-08-005','SYSTEM','REV2004-08','39','OTHER TAXES (TOTAL OF LINE 40 TO 45)','group',''),('REV2004-08-040','REV2004-08-039','SYSTEM','REV2004-08','40','COMMUNITY TAX- CORPORATION','detail',''),('REV2004-08-041','REV2004-08-039','SYSTEM','REV2004-08','41','COMMUNITY TAX- INDIVIDUAL','detail',''),('REV2004-08-042','REV2004-08-039','SYSTEM','REV2004-08','42','PROFESSIONAL TAX','detail',''),('REV2004-08-043','REV2004-08-039','SYSTEM','REV2004-08','43','REAL PROPERTY TRANSFER TAX','detail',''),('REV2004-08-044','REV2004-08-039','SYSTEM','REV2004-08','44','OTHER TAXES ','detail',''),('REV2004-08-045','REV2004-08-039','SYSTEM','REV2004-08','45','FINES AND PENALTIES- OTHER TAXES','detail',''),('REV2004-08-046','REV2004-08-004','SYSTEM','REV2004-08','46','NON-TAX REVENUES (47+63+81+99)','group',''),('REV2004-08-047','REV2004-08-046','SYSTEM','REV2004-08','47','REGULATORY FEES (PERMIT AND LICENSES) (48+58+61+62)','group',''),('REV2004-08-048','REV2004-08-047','SYSTEM','REV2004-08','48','PERMIT AND LICENSES (49 TO 57) ','group',''),('REV2004-08-049','REV2004-08-048','SYSTEM','REV2004-08','49','FEES ON WEIGHTS AND MEASURES','detail',''),('REV2004-08-050','REV2004-08-048','SYSTEM','REV2004-08','50','FISHERY RENTAL FEES AND PRIVILEGE FEES','detail',''),('REV2004-08-051','REV2004-08-048','SYSTEM','REV2004-08','51','FRANCHISING AND LICENSING FEES','detail',''),('REV2004-08-052','REV2004-08-048','SYSTEM','REV2004-08','52','BUSINESS PERMIT FEES ','detail',''),('REV2004-08-053','REV2004-08-048','SYSTEM','REV2004-08','53','BUILDING PERMIT FEES','detail',''),('REV2004-08-054','REV2004-08-048','SYSTEM','REV2004-08','54','ZONAL/LOCATION PERMIT FEES','detail',''),('REV2004-08-055','REV2004-08-048','SYSTEM','REV2004-08','55','TRICYCLE OPERATORS PERMIT FEES','detail',''),('REV2004-08-056','REV2004-08-048','SYSTEM','REV2004-08','56','OCCUPATIONAL FEES','detail',''),('REV2004-08-057','REV2004-08-048','SYSTEM','REV2004-08','57','OTHER PERMIT & LICENSES','detail',''),('REV2004-08-058','REV2004-08-047','SYSTEM','REV2004-08','58','REGISTRATION FEES (59+60)','group',''),('REV2004-08-059','REV2004-08-058','SYSTEM','REV2004-08','59','CATTLE/ANIMAL REGISTRATION FEES','detail',''),('REV2004-08-060','REV2004-08-058','SYSTEM','REV2004-08','60','CIVIL REGISTRATION FEES','detail',''),('REV2004-08-061','REV2004-08-047','SYSTEM','REV2004-08','61','INSPECTION FEES','detail',''),('REV2004-08-062','REV2004-08-047','SYSTEM','REV2004-08','62','FINES AND PENALTIES-PERMITS AND LICENSES','detail',''),('REV2004-08-063','REV2004-08-046','SYSTEM','REV2004-08','63','SERVICE/USER CHARGES (SERVICE INCOME) (64+69+74 TO 80)','group',''),('REV2004-08-064','REV2004-08-063','SYSTEM','REV2004-08','64','CLEARANCE AND CERTIFICATION FEES (65 TO 68)','group',''),('REV2004-08-065','REV2004-08-064','SYSTEM','REV2004-08','65','POLICE CLEARANCE','detail',''),('REV2004-08-066','REV2004-08-064','SYSTEM','REV2004-08','66','SECRETARY\'S FEES','detail',''),('REV2004-08-067','REV2004-08-064','SYSTEM','REV2004-08','67','HEALTH CERTIFICATE','detail',''),('REV2004-08-068','REV2004-08-064','SYSTEM','REV2004-08','68','OTHER CLEARANCE AND CERTIFICATION','detail',''),('REV2004-08-069','REV2004-08-063','SYSTEM','REV2004-08','69','OTHER FEES (70 TO 73)','group',''),('REV2004-08-070','REV2004-08-069','SYSTEM','REV2004-08','70','GARBAGE FEES','detail',''),('REV2004-08-071','REV2004-08-069','SYSTEM','REV2004-08','71','WHARFAGE FEES','detail',''),('REV2004-08-072','REV2004-08-069','SYSTEM','REV2004-08','72','TOLL FEES','detail',''),('REV2004-08-073','REV2004-08-069','SYSTEM','REV2004-08','73','OTHER SERVICE INCOME','detail',''),('REV2004-08-074','REV2004-08-063','SYSTEM','REV2004-08','74','FINES AND PENALTIES- SERVICE INCOME','detail',''),('REV2004-08-075','REV2004-08-063','SYSTEM','REV2004-08','75','LANDING AND AERONAUTICAL FEES','detail',''),('REV2004-08-076','REV2004-08-063','SYSTEM','REV2004-08','76','PARKING AND TERMINAL FEES','detail',''),('REV2004-08-077','REV2004-08-063','SYSTEM','REV2004-08','77','HOSPITAL FEES','detail',''),('REV2004-08-078','REV2004-08-063','SYSTEM','REV2004-08','78','MEDICAL, DENTAL AND LABORATORY FEES','detail',''),('REV2004-08-079','REV2004-08-063','SYSTEM','REV2004-08','79','MARKET & SLAUGHTERHOUSE FEES','detail',''),('REV2004-08-080','REV2004-08-063','SYSTEM','REV2004-08','80','PRINTING AND PUBLICATION FEES','detail',''),('REV2004-08-081','REV2004-08-046','SYSTEM','REV2004-08','81','INCOME FROM ECONOMIC ENTERPRISE (BUSINESS INCOME) (82)','group',''),('REV2004-08-082','REV2004-08-081','SYSTEM','REV2004-08','82','INCOME FROM ECONOMIC ENTERPRISES (83 TO 98)','group',''),('REV2004-08-083','REV2004-08-082','SYSTEM','REV2004-08','83','SCHOOL OPERATIONS','detail',''),('REV2004-08-084','REV2004-08-082','SYSTEM','REV2004-08','84','POWER GENERATION/ DISTRIBUTION','detail',''),('REV2004-08-085','REV2004-08-082','SYSTEM','REV2004-08','85','HOSPITAL OPERATIONS','detail',''),('REV2004-08-086','REV2004-08-082','SYSTEM','REV2004-08','86','CANTEEN/RESTAURANT OPERATIONS','detail',''),('REV2004-08-087','REV2004-08-082','SYSTEM','REV2004-08','87','CEMETARY OPERATIONS','detail',''),('REV2004-08-088','REV2004-08-082','SYSTEM','REV2004-08','88','COMMUNICATION FACILITIES & EQUIPMENT OPERATIONS','detail',''),('REV2004-08-089','REV2004-08-082','SYSTEM','REV2004-08','89','DORMITORY OPERATIONS ','detail',''),('REV2004-08-090','REV2004-08-082','SYSTEM','REV2004-08','90','MARKET OPERATIONS','detail',''),('REV2004-08-091','REV2004-08-082','SYSTEM','REV2004-08','91','SLAUGHTERHOUSE OPERATIONS','detail',''),('REV2004-08-092','REV2004-08-082','SYSTEM','REV2004-08','92','TRANSPORTATION SYSTEM OPERATIONS','detail',''),('REV2004-08-093','REV2004-08-082','SYSTEM','REV2004-08','93','WATERWORKS SYSTEM OPERATIONS','detail',''),('REV2004-08-094','REV2004-08-082','SYSTEM','REV2004-08','94','PRINTING & PUBLICATION OPERATIONS','detail',''),('REV2004-08-095','REV2004-08-082','SYSTEM','REV2004-08','95','INCOME FROM LEASE/RENTAL OF FACILITIES','detail',''),('REV2004-08-096','REV2004-08-082','SYSTEM','REV2004-08','96','INCOME FROM TRADING BUSINESS','detail',''),('REV2004-08-097','REV2004-08-082','SYSTEM','REV2004-08','97','OTHER ECONOMIC ENTERPRISES ','detail',''),('REV2004-08-098','REV2004-08-082','SYSTEM','REV2004-08','98','FINES AND PENALTIES- ECONOMIC ENTERPRISES','detail',''),('REV2004-08-099','REV2004-08-046','SYSTEM','REV2004-08','99','OTHER RECEIPTS (OTHER GENERAL INCOME) (100 TO 102)','group',''),('REV2004-08-100','REV2004-08-099','SYSTEM','REV2004-08','100','INTEREST INCOME','detail',''),('REV2004-08-101','REV2004-08-099','SYSTEM','REV2004-08','101','DIVIDEND INCOME','detail',''),('REV2004-08-102','REV2004-08-099','SYSTEM','REV2004-08','102','OTHER GENERAL INCOME (MISCELLANEOUS) (103 TO 105)','group',''),('REV2004-08-103','REV2004-08-102','SYSTEM','REV2004-08','103','REBATES ON MMDA CONTRIBUTION','detail',''),('REV2004-08-104','REV2004-08-102','SYSTEM','REV2004-08','104','SALES OF CONFISCATED/ABANDONED/SEIZED GOODS & PROPERTIES','detail',''),('REV2004-08-105','REV2004-08-102','SYSTEM','REV2004-08','105','OTHERS','detail',''),('REV2004-08-107',NULL,'SYSTEM','REV2004-08','107','EXTERNAL SOURCES','group',''),('REV2004-08-108','REV2004-08-107','SYSTEM','REV2004-08','108','SHARE FROM NATIONAL TAX COLLECTION (109+112)','group',''),('REV2004-08-109','REV2004-08-108','SYSTEM','REV2004-08','109','INTERNAL REVENUE ALLOTMENT (110+111)','group',''),('REV2004-08-110','REV2004-08-109','SYSTEM','REV2004-08','110','CURRENT YEAR','detail',''),('REV2004-08-111','REV2004-08-109','SYSTEM','REV2004-08','111','PRIOR YEAR ','detail',''),('REV2004-08-112','REV2004-08-107','SYSTEM','REV2004-08','112','OTHER SHARES FROM NATIONAL TAX COLLECTION (113 TO 117)','group',''),('REV2004-08-113','REV2004-08-112','SYSTEM','REV2004-08','113','SHARE FROM ECONOMIC ZONE (RA 7227)','detail',''),('REV2004-08-114','REV2004-08-112','SYSTEM','REV2004-08','114','SHARE FROM EVAT','detail',''),('REV2004-08-115','REV2004-08-112','SYSTEM','REV2004-08','115','SHARE FROM NATIONAL WEALTH ','detail',''),('REV2004-08-116','REV2004-08-112','SYSTEM','REV2004-08','116','SHARE FROM PAGCOR/PCSO/LOTTO','detail',''),('REV2004-08-117','REV2004-08-112','SYSTEM','REV2004-08','117','SHARE FROM TOBACCO EXCISE TAX','detail',''),('REV2004-08-118','REV2004-08-107','SYSTEM','REV2004-08','118','EXTRAORDINARY RECEIPTS/GRANTS/DONATIONS/AIDS (119+122+125)','group',''),('REV2004-08-119','REV2004-08-118','SYSTEM','REV2004-08','119','GRANTS AND DONATIONS (120+121)','group',''),('REV2004-08-120','REV2004-08-119','SYSTEM','REV2004-08','120','FOREIGN','detail',''),('REV2004-08-121','REV2004-08-119','SYSTEM','REV2004-08','121','DOMESTIC','detail',''),('REV2004-08-122','REV2004-08-118','SYSTEM','REV2004-08','122','SUBSIDY INCOME (123+124)','group',''),('REV2004-08-123','REV2004-08-122','SYSTEM','REV2004-08','123','OTHER SUBSIDY INCOME','detail',''),('REV2004-08-124','REV2004-08-122','SYSTEM','REV2004-08','124','SUBSIDY FROM GOCCs','detail',''),('REV2004-08-125','REV2004-08-118','SYSTEM','REV2004-08','125','EXTRAORDINARY GAINS AND PREMIUMS (126 TO 129)','group',''),('REV2004-08-126','REV2004-08-125','SYSTEM','REV2004-08','126','GAIN ON FOREX','detail',''),('REV2004-08-127','REV2004-08-125','SYSTEM','REV2004-08','127','GAIN ON SALE OF ASSETS','detail',''),('REV2004-08-128','REV2004-08-125','SYSTEM','REV2004-08','128','PREMIUM ON BONDS PAYABLE','detail',''),('REV2004-08-129','REV2004-08-125','SYSTEM','REV2004-08','129','GAIN ON SALE OF INVESTMENTS','detail',''),('REV2004-08-130','REV2004-08-107','SYSTEM','REV2004-08','130','INTER-LOCAL TRANSFERS (131 +132)','group',''),('REV2004-08-131','REV2004-08-130','SYSTEM','REV2004-08','131','SUBSIDY FROM LGUs','detail',''),('REV2004-08-132','REV2004-08-130','SYSTEM','REV2004-08','132','SUBSIDY FROM OTHER FUNDS','detail',''),('REV2004-08-133','REV2004-08-107','SYSTEM','REV2004-08','133','CAPITAL/ INVESTMENT RECEIPTS (134 TO 136)','group',''),('REV2004-08-134','REV2004-08-133','SYSTEM','REV2004-08','134','PROCEEDS FROM SALE OF ASSETS','detail',''),('REV2004-08-135','REV2004-08-133','SYSTEM','REV2004-08','135','PROCEEDS FROM SALE OF DEBT SECURITIES OF OTHER ENTITIES','detail',''),('REV2004-08-136','REV2004-08-133','SYSTEM','REV2004-08','136','COLLECTION OF LOANS RECEIVABLES (PRINCIPAL)','detail',''),('REV2004-08-137','REV2004-08-107','SYSTEM','REV2004-08','137','RECEIPTS FROM LOANS AND BORROWINGS (PAYABLE) (138 TO140)','group',''),('REV2004-08-138','REV2004-08-137','SYSTEM','REV2004-08','138','LOANS- FOREIGN ','detail',''),('REV2004-08-139','REV2004-08-137','SYSTEM','REV2004-08','139','LOANS- DOMESTIC','detail',''),('REV2004-08-140','REV2004-08-137','SYSTEM','REV2004-08','140','BONDS FLOATATION','detail',''),('REV2004-08-143',NULL,'SYSTEM','REV2004-08','143','SPECIAL EDUCATION FUND','group',''),('REV2004-08-144','REV2004-08-143','SYSTEM','REV2004-08','144','SPECIAL EDUCATION TAX (145 TO 148)','group',''),('REV2004-08-145','REV2004-08-144','SYSTEM','REV2004-08','145','CURRENT YEAR','detail',''),('REV2004-08-146','REV2004-08-144','SYSTEM','REV2004-08','146','FINES AND PENALTIES-CURRENT YEAR','detail',''),('REV2004-08-147','REV2004-08-144','SYSTEM','REV2004-08','147','PRIOR YEAR/S','detail',''),('REV2004-08-148','REV2004-08-144','SYSTEM','REV2004-08','148','FINES AND PENALTIES-PRIOR YEAR/S','detail',''),('REV2004-08-149','REV2004-08-143','SYSTEM','REV2004-08','149','DONATION/GRANTS/AID(150)','group',''),('REV2004-08-150','REV2004-08-149','SYSTEM','REV2004-08','150','GRANTS AND DONATIONS (151+152)','group',''),('REV2004-08-151','REV2004-08-150','SYSTEM','REV2004-08','151','FOREIGN ','detail',''),('REV2004-08-152','REV2004-08-150','SYSTEM','REV2004-08','152','DOMESTIC','detail',''),('REV2004-08-153','REV2004-08-143','SYSTEM','REV2004-08','153','OTHER RECEIPTS (154+155)','group',''),('REV2004-08-154','REV2004-08-153','SYSTEM','REV2004-08','154','INTEREST INCOME','detail',''),('REV2004-08-155','REV2004-08-153','SYSTEM','REV2004-08','155','OTHER BUSINESS INCOME (MISCELLANEOUS)','detail',''),('REV2004-08-156','REV2004-08-156','SYSTEM','REV2004-08','156','OTHER SUBSIDY INCOME','group',''),('REV2004-08-157','REV2004-08-143','SYSTEM','REV2004-08','157','INTER-LOCAL TRANSFERS (158+159)','detail',''),('REV2004-08-158','REV2004-08-157','SYSTEM','REV2004-08','158','SUBSIDY FROM LGUs','detail',''),('REV2004-08-159','REV2004-08-157','SYSTEM','REV2004-08','159','SUBSIDY FROM OTHER FUNDS','detail',''),('REV2004-08-160','REV2004-08-143','SYSTEM','REV2004-08','160','RECEIPTS FROM LOANS AND BORROWINGS (PAYABLE) (161+162)','group',''),('REV2004-08-161','REV2004-08-160','SYSTEM','REV2004-08','161','LOANS-FOREIGN','detail',''),('REV2004-08-162','REV2004-08-160','SYSTEM','REV2004-08','162','LAONS-DOMESTIC','detail','');
/*!40000 ALTER TABLE `sreaccount` ENABLE KEYS */;
UNLOCK TABLES;

--
-- Dumping data for table `sreaccount_incometarget`
--

LOCK TABLES `sreaccount_incometarget` WRITE;
/*!40000 ALTER TABLE `sreaccount_incometarget` DISABLE KEYS */;
/*!40000 ALTER TABLE `sreaccount_incometarget` ENABLE KEYS */;
UNLOCK TABLES;

--
-- Dumping data for table `stockissue`
--

LOCK TABLES `stockissue` WRITE;
/*!40000 ALTER TABLE `stockissue` DISABLE KEYS */;
/*!40000 ALTER TABLE `stockissue` ENABLE KEYS */;
UNLOCK TABLES;

--
-- Dumping data for table `stockissueitem`
--

LOCK TABLES `stockissueitem` WRITE;
/*!40000 ALTER TABLE `stockissueitem` DISABLE KEYS */;
/*!40000 ALTER TABLE `stockissueitem` ENABLE KEYS */;
UNLOCK TABLES;

--
-- Dumping data for table `stockitem`
--

LOCK TABLES `stockitem` WRITE;
/*!40000 ALTER TABLE `stockitem` DISABLE KEYS */;
INSERT INTO `stockitem` VALUES ('0016','APPROVED','0016','AFSERIAL','AF','COMMUNITY TAX CERTIFICATE (INDIVIDUAL)','COMMUNITY TAX CERTIFICATE (INDIVIDUAL)','EA','STUB'),('51','APPROVED','51','AFSERIAL','AF','ACCOUNTABLE FORM #51','ACCOUNTABLE FORM #51','EA','STUB'),('52','APPROVED','52','AFSERIAL','AF','LARGE CATTLE TRANSFER','LARGE CATTLE TRANSFER','EA','STUB'),('53','APPROVED','53','AFSERIAL','AF','LARGE CATTLE OWNERSHIP','LARGE CATTLE OWNERSHIP','EA','STUB'),('54','APPROVED','54','AFSERIAL','AF','MARRIAGE LICENSE FEE','MARRIAGE LICENSE FEE','EA','STUB'),('56','APPROVED','56','AFSERIAL','AF','REAL PROPERTY TAX RECEIPT','REAL PROPERTY TAX RECEIPT','EA','STUB'),('57','APPROVED','57','AFSERIAL','AF','SLAUGHTER PERMIT','SLAUGHTER PERMIT','EA','STUB'),('58','APPROVED','58','AFSERIAL','AF','BURIAL PERMIT FEE','BURIAL PERMIT FEE','EA','STUB'),('907','APPROVED','907','AFSERIAL','AF','COMMUNITY TAX(CORPORATE)','COMMUNITY TAX(CORPORATE)','EA','STUB'),('CT1','APPROVED','CT1','CASHTICKET','AF','CASH TICKETS P1.00','CASH TICKETS P1.00','EA','PAD'),('CT10','APPROVED','CT10','CASHTICKET','AF','CASH TICKET P10.00','CASH TICKET P10.00','EA','PAD'),('CT2','APPROVED','CT2','CASHTICKET','AF','CASH TICKETS P2.00','CASH TICKETS P2.00','EA','PAD'),('CT5','APPROVED','CT5','CASHTICKET','AF','CASH TICKETS P 5.00','CASH TICKETS P 5.00','EA','PAD');
/*!40000 ALTER TABLE `stockitem` ENABLE KEYS */;
UNLOCK TABLES;

--
-- Dumping data for table `stockitem_unit`
--

LOCK TABLES `stockitem_unit` WRITE;
/*!40000 ALTER TABLE `stockitem_unit` DISABLE KEYS */;
INSERT INTO `stockitem_unit` VALUES ('0016','STUB',50),('51','STUB',50),('52','STUB',50),('53','STUB',50),('54','STUB',50),('56','STUB',50),('57','STUB',50),('58','STUB',50),('907','STUB',50),('CT1','PAD',2000),('CT10','PAD',2000),('CT2','PAD',2000),('CT5','PAD',2000);
/*!40000 ALTER TABLE `stockitem_unit` ENABLE KEYS */;
UNLOCK TABLES;

--
-- Dumping data for table `stockreceipt`
--

LOCK TABLES `stockreceipt` WRITE;
/*!40000 ALTER TABLE `stockreceipt` DISABLE KEYS */;
/*!40000 ALTER TABLE `stockreceipt` ENABLE KEYS */;
UNLOCK TABLES;

--
-- Dumping data for table `stockreceiptitem`
--

LOCK TABLES `stockreceiptitem` WRITE;
/*!40000 ALTER TABLE `stockreceiptitem` DISABLE KEYS */;
/*!40000 ALTER TABLE `stockreceiptitem` ENABLE KEYS */;
UNLOCK TABLES;

--
-- Dumping data for table `stockrequest`
--

LOCK TABLES `stockrequest` WRITE;
/*!40000 ALTER TABLE `stockrequest` DISABLE KEYS */;
/*!40000 ALTER TABLE `stockrequest` ENABLE KEYS */;
UNLOCK TABLES;

--
-- Dumping data for table `stockrequestitem`
--

LOCK TABLES `stockrequestitem` WRITE;
/*!40000 ALTER TABLE `stockrequestitem` DISABLE KEYS */;
/*!40000 ALTER TABLE `stockrequestitem` ENABLE KEYS */;
UNLOCK TABLES;

--
-- Dumping data for table `stocksale`
--

LOCK TABLES `stocksale` WRITE;
/*!40000 ALTER TABLE `stocksale` DISABLE KEYS */;
/*!40000 ALTER TABLE `stocksale` ENABLE KEYS */;
UNLOCK TABLES;

--
-- Dumping data for table `stocksaleitem`
--

LOCK TABLES `stocksaleitem` WRITE;
/*!40000 ALTER TABLE `stocksaleitem` DISABLE KEYS */;
/*!40000 ALTER TABLE `stocksaleitem` ENABLE KEYS */;
UNLOCK TABLES;

--
-- Dumping data for table `structure`
--

LOCK TABLES `structure` WRITE;
/*!40000 ALTER TABLE `structure` DISABLE KEYS */;
/*!40000 ALTER TABLE `structure` ENABLE KEYS */;
UNLOCK TABLES;

--
-- Dumping data for table `structurematerial`
--

LOCK TABLES `structurematerial` WRITE;
/*!40000 ALTER TABLE `structurematerial` DISABLE KEYS */;
/*!40000 ALTER TABLE `structurematerial` ENABLE KEYS */;
UNLOCK TABLES;

--
-- Dumping data for table `subcollector_remittance`
--

LOCK TABLES `subcollector_remittance` WRITE;
/*!40000 ALTER TABLE `subcollector_remittance` DISABLE KEYS */;
/*!40000 ALTER TABLE `subcollector_remittance` ENABLE KEYS */;
UNLOCK TABLES;

--
-- Dumping data for table `subcollector_remittance_cashreceipt`
--

LOCK TABLES `subcollector_remittance_cashreceipt` WRITE;
/*!40000 ALTER TABLE `subcollector_remittance_cashreceipt` DISABLE KEYS */;
/*!40000 ALTER TABLE `subcollector_remittance_cashreceipt` ENABLE KEYS */;
UNLOCK TABLES;

--
-- Dumping data for table `subdividedland`
--

LOCK TABLES `subdividedland` WRITE;
/*!40000 ALTER TABLE `subdividedland` DISABLE KEYS */;
/*!40000 ALTER TABLE `subdividedland` ENABLE KEYS */;
UNLOCK TABLES;

--
-- Dumping data for table `subdivision`
--

LOCK TABLES `subdivision` WRITE;
/*!40000 ALTER TABLE `subdivision` DISABLE KEYS */;
/*!40000 ALTER TABLE `subdivision` ENABLE KEYS */;
UNLOCK TABLES;

--
-- Dumping data for table `subdivisionaffectedrpu`
--

LOCK TABLES `subdivisionaffectedrpu` WRITE;
/*!40000 ALTER TABLE `subdivisionaffectedrpu` DISABLE KEYS */;
/*!40000 ALTER TABLE `subdivisionaffectedrpu` ENABLE KEYS */;
UNLOCK TABLES;

--
-- Dumping data for table `sys_dataset`
--

LOCK TABLES `sys_dataset` WRITE;
/*!40000 ALTER TABLE `sys_dataset` DISABLE KEYS */;
/*!40000 ALTER TABLE `sys_dataset` ENABLE KEYS */;
UNLOCK TABLES;

--
-- Dumping data for table `sys_org`
--

LOCK TABLES `sys_org` WRITE;
/*!40000 ALTER TABLE `sys_org` DISABLE KEYS */;
/*!40000 ALTER TABLE `sys_org` ENABLE KEYS */;
UNLOCK TABLES;

--
-- Dumping data for table `sys_orgclass`
--

LOCK TABLES `sys_orgclass` WRITE;
/*!40000 ALTER TABLE `sys_orgclass` DISABLE KEYS */;
/*!40000 ALTER TABLE `sys_orgclass` ENABLE KEYS */;
UNLOCK TABLES;

--
-- Dumping data for table `sys_quarter`
--

LOCK TABLES `sys_quarter` WRITE;
/*!40000 ALTER TABLE `sys_quarter` DISABLE KEYS */;
/*!40000 ALTER TABLE `sys_quarter` ENABLE KEYS */;
UNLOCK TABLES;

--
-- Dumping data for table `sys_report`
--

LOCK TABLES `sys_report` WRITE;
/*!40000 ALTER TABLE `sys_report` DISABLE KEYS */;
/*!40000 ALTER TABLE `sys_report` ENABLE KEYS */;
UNLOCK TABLES;

--
-- Dumping data for table `sys_report_admin`
--

LOCK TABLES `sys_report_admin` WRITE;
/*!40000 ALTER TABLE `sys_report_admin` DISABLE KEYS */;
/*!40000 ALTER TABLE `sys_report_admin` ENABLE KEYS */;
UNLOCK TABLES;

--
-- Dumping data for table `sys_report_folder`
--

LOCK TABLES `sys_report_folder` WRITE;
/*!40000 ALTER TABLE `sys_report_folder` DISABLE KEYS */;
/*!40000 ALTER TABLE `sys_report_folder` ENABLE KEYS */;
UNLOCK TABLES;

--
-- Dumping data for table `sys_report_member`
--

LOCK TABLES `sys_report_member` WRITE;
/*!40000 ALTER TABLE `sys_report_member` DISABLE KEYS */;
/*!40000 ALTER TABLE `sys_report_member` ENABLE KEYS */;
UNLOCK TABLES;

--
-- Dumping data for table `sys_rule`
--

LOCK TABLES `sys_rule` WRITE;
/*!40000 ALTER TABLE `sys_rule` DISABLE KEYS */;
INSERT INTO `sys_rule` VALUES ('RUL-20919e10:141e3f76dc8:-6107','DRAFT','ADVANCE_DISCOUNT_QTRLY','rptbilling','DISCOUNT','ADVANCE DISCOUNT QTRLY',NULL,50000,'2013-10-23',NULL,'2013-10-23 15:26:06','USR11700b22:1407632636b:-7e71','JZ'),('RUL-20919e10:141e3f76dc8:-651b','DRAFT','ADVANCE_DISCOUNT_FULL','rptbilling','DISCOUNT','ADVANCE DISCOUNT FULL',NULL,50000,'2013-10-23',NULL,'2013-10-23 15:22:04','USR11700b22:1407632636b:-7e71','JZ'),('RUL-20919e10:141e3f76dc8:-6fa4','DRAFT','BASIC_SEF_CURRENT_INTEREST','rptbilling','PENALTY','BASIC SEF CURRENT INTEREST',NULL,50000,'2013-10-23',NULL,'2013-10-23 15:11:11','USR11700b22:1407632636b:-7e71','JZ'),('RUL-20919e10:141e3f76dc8:-777f','DRAFT','BASIC_SEF_PREVIOUS_INTEREST','rptbilling','PENALTY','BASIC SEF PREVIOUS INTEREST',NULL,50000,NULL,NULL,'2013-10-23 14:45:48','USR11700b22:1407632636b:-7e71','JZ'),('RUL-20919e10:141e3f76dc8:-7be8','DRAFT','BASIC_SEF_ADVANCE_TAX','rptbilling','TAX','BASIC SEF ADVANCE TAX',NULL,50000,NULL,NULL,'2013-10-23 14:36:32','USR11700b22:1407632636b:-7e71','JZ'),('RUL-20919e10:141e3f76dc8:-7e4f','DRAFT','BASIC_SEF_CURRENT_TAX','rptbilling','TAX','BASIC SEF CURRENT TAX',NULL,50000,NULL,NULL,'2013-10-23 14:32:26','USR11700b22:1407632636b:-7e71','JZ'),('RUL-2a4d2fa5:1422bad4acc:-7957','DRAFT','FIRE_CODE','rptbilling','AFTER_TAX','FIRE CODE',NULL,50000,NULL,NULL,'2013-11-06 12:33:22','USR11700b22:1407632636b:-7e71','JZ'),('RUL-36ba5ccb:1430894b791:-6677','DRAFT','CALCULATE_INTEREST','bpbilling','interest','calculates interest',NULL,50000,NULL,NULL,'2014-01-05 10:25:47','USR2b9dbb39:141c905a2b9:-7e30','NENE'),('RUL-4fd26d3d:142fa7a65f9:-7200','DRAFT','CALCULATE_SURCHARGE','bpbilling','surcharge','Calculate surcharge for renew',NULL,50000,NULL,NULL,'2014-01-02 16:39:11','USR-477c34ca:1424b1892e7:-7fd2','ANNIE'),('RUL-6ce4c9de:143fa4fc8ee:-79f5','DRAFT','CALCULATE_SURCHARGE_REGFEE','bpbilling','surcharge','surcharge for regfee',NULL,50000,NULL,NULL,'2014-02-04 10:23:36','USR-305e983c:1409a56d534:-7ff7','RAOUL'),('RUL-72a9958a:141e4770339:-6728','DRAFT','BASIC_SEF_CURRENT_DISCOUNT','rptbilling','DISCOUNT','BASIC SEF CURRENT DISCOUNT',NULL,50000,'2013-10-23',NULL,'2013-10-23 17:31:36','USR11700b22:1407632636b:-7e71','JZ'),('RUL-7c13908b:1435065d2a1:-66d7','DRAFT','BASIC_SEF_PREVIOUS_TAX','rptbilling','TAX','calculate previous tax',NULL,50000,NULL,NULL,'2014-01-02 11:00:04','USR-305e983c:1409a56d534:-7ff7','RAOUL'),('RUL-7e9d4ac4:1421b9d7ba4:-7d51','DRAFT','BASIC_SEF_DISCOUNT_FULLPAYMENT','rptbilling','AFTER_DISCOUNT','BASIC SEF DISCOUNT FULLPAYMENT',NULL,50000,NULL,NULL,'2013-11-03 09:45:29','USR11700b22:1407632636b:-7e71','JZ'),('RUL1dc7a3de:142b70df9f8:-7fb7','APPROVED','SUMMARIZE_EMPLOYEE','bpinfo','postinfo','create a total number of employee variable based on male and female count',NULL,50000,NULL,NULL,'2013-12-03 14:04:46','USR11700b22:1407632636b:-7e71','jz'),('RUL2491462a:142fa35d130:-5a95','DRAFT','BUSINESS_TAX_BY_QTR','bpbilling','initial','split business tax by qtr',NULL,50000,NULL,NULL,'2014-01-02 15:48:51','USR-477c34ca:1424b1892e7:-7fd2','ANNIE'),('RUL2659bca9:142b667ccd3:-7f3f','APPROVED','ASK_EMPLOYEE_INFO','bpinfo','default','Ask employee info',NULL,50000,NULL,NULL,'2013-12-03 11:03:28','USR11700b22:1407632636b:-7e71','jz'),('RUL270217d9:143576614a1:-7c3c','DRAFT','STAGGERED_BASIC_SEF_2015','rptbilling','AFTER_TAX','STAGGERED BASIC AND SEF 2015',NULL,50000,NULL,NULL,'2014-01-03 17:20:02','USR11700b22:1407632636b:-7e71','JZ'),('RUL29ba689e:144612b8ef4:-7def','DRAFT','NEW_DISCOVERY_PENALTY_ADJ','rptbilling','AFTER_PENALTY','NEW DISCOVERY PENALTY ADJ TO ZERO',NULL,50000,NULL,NULL,'2014-02-24 07:58:36','USR11700b22:1407632636b:-7e71','JZ'),('RUL36552f88:142c18ff1a4:-7f16','APPROVED','ASK_BUSINESS_AREA','bpinfo','default','Ask Business Area in sqm requirement for unified form',NULL,50000,NULL,NULL,'2013-12-05 15:04:28','USR11700b22:1407632636b:-7e71','jz'),('RUL441bb08f:1436c079bff:-6fa7','DRAFT','BRGY_POBLACION_SHARE','rptbilling','BRGY_SHARE','BRGY POBLACION SHARE',NULL,50000,NULL,NULL,'2014-01-07 17:48:56','USR11700b22:1407632636b:-7e71','JZ'),('RUL441bb08f:1436c079bff:-6fa7-0002','DRAFT','BRGY_ABUNO_SHARE','rptbilling','BRGY_SHARE','BRGY. ABUNO SHARE',NULL,50000,NULL,NULL,'2014-01-07 17:48:56','USR11700b22:1407632636b:-7e71','JZ'),('RUL441bb08f:1436c079bff:-6fa7-0003','DRAFT','BRGY_ACMAC_SHARE','rptbilling','BRGY_SHARE','BRGY. ACMAC SHARE',NULL,50000,NULL,NULL,'2014-01-07 17:48:56','USR11700b22:1407632636b:-7e71','JZ'),('RUL441bb08f:1436c079bff:-6fa7-0004','DRAFT','BRGY_BAGONG_SILANG_SHARE','rptbilling','BRGY_SHARE','BRGY. BAGONG SILANG SHARE',NULL,50000,NULL,NULL,'2014-01-07 17:48:56','USR11700b22:1407632636b:-7e71','JZ'),('RUL441bb08f:1436c079bff:-6fa7-0005','DRAFT','BRGY_BONBONON_SHARE','rptbilling','BRGY_SHARE','BRGY. BONBONON SHARE',NULL,50000,NULL,NULL,'2014-01-07 17:48:56','USR11700b22:1407632636b:-7e71','JZ'),('RUL441bb08f:1436c079bff:-6fa7-0006','DRAFT','BRGY_BUNAWAN_SHARE','rptbilling','BRGY_SHARE','BRGY. BUNAWAN SHARE',NULL,50000,NULL,NULL,'2014-01-07 17:48:56','USR11700b22:1407632636b:-7e71','JZ'),('RUL441bb08f:1436c079bff:-6fa7-0007','DRAFT','BRGY_BURUUN_SHARE','rptbilling','BRGY_SHARE','BRGY. BURU-UN SHARE',NULL,50000,NULL,NULL,'2014-01-07 17:48:56','USR11700b22:1407632636b:-7e71','JZ'),('RUL441bb08f:1436c079bff:-6fa7-0008','DRAFT','BRGY_CABACSANAN_SHARE','rptbilling','BRGY_SHARE','BRGY. CABACSANAN SHARE',NULL,50000,NULL,NULL,'2014-01-07 17:48:56','USR11700b22:1407632636b:-7e71','JZ'),('RUL441bb08f:1436c079bff:-6fa7-0009','DRAFT','BRGY_DALIPUGA_SHARE','rptbilling','BRGY_SHARE','BRGY. DALIPUGA SHARE',NULL,50000,NULL,NULL,'2014-01-07 17:48:56','USR11700b22:1407632636b:-7e71','JZ'),('RUL441bb08f:1436c079bff:-6fa7-0010','DRAFT','BRGY_DEL_CARMEN_SHARE','rptbilling','BRGY_SHARE','BRGY. DEL CARMEN SHARE',NULL,50000,NULL,NULL,'2014-01-07 17:48:56','USR11700b22:1407632636b:-7e71','JZ'),('RUL441bb08f:1436c079bff:-6fa7-0011','DRAFT','BRGY_DIGKILAAN_SHARE','rptbilling','BRGY_SHARE','BRGY. DIGKILAAN SHARE',NULL,50000,NULL,NULL,'2014-01-07 17:48:56','USR11700b22:1407632636b:-7e71','JZ'),('RUL441bb08f:1436c079bff:-6fa7-0012','DRAFT','BRGY_DITUCALAN_SHARE','rptbilling','BRGY_SHARE','BRGY. DITUCALAN SHARE',NULL,50000,NULL,NULL,'2014-01-07 17:48:56','USR11700b22:1407632636b:-7e71','JZ'),('RUL441bb08f:1436c079bff:-6fa7-0013','DRAFT','BRGY_DULAG_SHARE','rptbilling','BRGY_SHARE','BRGY. DULAG SHARE',NULL,50000,NULL,NULL,'2014-01-07 17:48:56','USR11700b22:1407632636b:-7e71','JZ'),('RUL441bb08f:1436c079bff:-6fa7-0014','DRAFT','BRGY_HINAPLANON_SHARE','rptbilling','BRGY_SHARE','BRGY. HINAPLANON SHARE',NULL,50000,NULL,NULL,'2014-01-07 17:48:56','USR11700b22:1407632636b:-7e71','JZ'),('RUL441bb08f:1436c079bff:-6fa7-0015','DRAFT','BRGY_HINDANG_SHARE','rptbilling','BRGY_SHARE','BRGY. HINDANG SHARE',NULL,50000,NULL,NULL,'2014-01-07 17:48:56','USR11700b22:1407632636b:-7e71','JZ'),('RUL441bb08f:1436c079bff:-6fa7-0016','DRAFT','BRGY_KALILANGAN_SHARE','rptbilling','BRGY_SHARE','BRGY. KALILANGAN SHARE',NULL,50000,NULL,NULL,'2014-01-07 17:48:56','USR11700b22:1407632636b:-7e71','JZ'),('RUL441bb08f:1436c079bff:-6fa7-0017','DRAFT','BRGY_KIWALAN_SHARE','rptbilling','BRGY_SHARE','BRGY. KIWALAN SHARE',NULL,50000,NULL,NULL,'2014-01-07 17:48:56','USR11700b22:1407632636b:-7e71','JZ'),('RUL441bb08f:1436c079bff:-6fa7-0018','DRAFT','BRGY_LANIPAO_SHARE','rptbilling','BRGY_SHARE','BRGY. LANIPAO SHARE',NULL,50000,NULL,NULL,'2014-01-07 17:48:56','USR11700b22:1407632636b:-7e71','JZ'),('RUL441bb08f:1436c079bff:-6fa7-0019','DRAFT','BRGY_LUINAB_SHARE','rptbilling','BRGY_SHARE','BRGY. LUINAB SHARE',NULL,50000,NULL,NULL,'2014-01-07 17:48:56','USR11700b22:1407632636b:-7e71','JZ'),('RUL441bb08f:1436c079bff:-6fa7-0020','DRAFT','BRGY_MAHAYAHAY_SHARE','rptbilling','BRGY_SHARE','BRGY. MAHAYAHAY SHARE',NULL,50000,NULL,NULL,'2014-01-07 17:48:56','USR11700b22:1407632636b:-7e71','JZ'),('RUL441bb08f:1436c079bff:-6fa7-0021','DRAFT','BRGY_MAINIT_SHARE','rptbilling','BRGY_SHARE','BRGY. MAINIT SHARE',NULL,50000,NULL,NULL,'2014-01-07 17:48:56','USR11700b22:1407632636b:-7e71','JZ'),('RUL441bb08f:1436c079bff:-6fa7-0022','DRAFT','BRGY_MANDULOG_SHARE','rptbilling','BRGY_SHARE','BRGY. MANDULOG SHARE',NULL,50000,NULL,NULL,'2014-01-07 17:48:56','USR11700b22:1407632636b:-7e71','JZ'),('RUL441bb08f:1436c079bff:-6fa7-0023','DRAFT','BRGY_MA_CRISTINA_SHARE','rptbilling','BRGY_SHARE','BRGY. MA. CRISTINA SHARE',NULL,50000,NULL,NULL,'2014-01-07 17:48:56','USR11700b22:1407632636b:-7e71','JZ'),('RUL441bb08f:1436c079bff:-6fa7-0024','DRAFT','BRGY_PALAO_SHARE','rptbilling','BRGY_SHARE','BRGY. PALA-O SHARE',NULL,50000,NULL,NULL,'2014-01-07 17:48:56','USR11700b22:1407632636b:-7e71','JZ'),('RUL441bb08f:1436c079bff:-6fa7-0025','DRAFT','BRGY_PANOROGANAN_SHARE','rptbilling','BRGY_SHARE','BRGY. PANOROGANAN SHARE',NULL,50000,NULL,NULL,'2014-01-07 17:48:56','USR11700b22:1407632636b:-7e71','JZ'),('RUL441bb08f:1436c079bff:-6fa7-0026','DRAFT','BRGY_PUGAAN_SHARE','rptbilling','BRGY_SHARE','BRGY. PUGA-AN SHARE',NULL,50000,NULL,NULL,'2014-01-07 17:48:56','USR11700b22:1407632636b:-7e71','JZ'),('RUL441bb08f:1436c079bff:-6fa7-0027','DRAFT','BRGY_TOMINOBO_PROPER_SHARE','rptbilling','BRGY_SHARE','BRGY. TOMINOBO PROPER SHARE',NULL,50000,NULL,NULL,'2014-01-07 17:48:56','USR11700b22:1407632636b:-7e71','JZ'),('RUL441bb08f:1436c079bff:-6fa7-0028','DRAFT','BRGY_ROGONGON_SHARE','rptbilling','BRGY_SHARE','BRGY. ROGONGON SHARE',NULL,50000,NULL,NULL,'2014-01-07 17:48:56','USR11700b22:1407632636b:-7e71','JZ'),('RUL441bb08f:1436c079bff:-6fa7-0029','DRAFT','BRGY_SAN_MIGUEL_SHARE','rptbilling','BRGY_SHARE','BRGY. SAN MIGUEL SHARE',NULL,50000,NULL,NULL,'2014-01-07 17:48:56','USR11700b22:1407632636b:-7e71','JZ'),('RUL441bb08f:1436c079bff:-6fa7-0030','DRAFT','BRGY_SAN_ROQUE_SHARE','rptbilling','BRGY_SHARE','BRGY. SAN ROQUE SHARE',NULL,50000,NULL,NULL,'2014-01-07 17:48:56','USR11700b22:1407632636b:-7e71','JZ'),('RUL441bb08f:1436c079bff:-6fa7-0031','DRAFT','BRGY_SANTIAGO_SHARE','rptbilling','BRGY_SHARE','BRGY. SANTIAGO SHARE',NULL,50000,NULL,NULL,'2014-01-07 17:48:56','USR11700b22:1407632636b:-7e71','JZ'),('RUL441bb08f:1436c079bff:-6fa7-0032','DRAFT','BRGY_STA_ELENA_SHARE','rptbilling','BRGY_SHARE','BRGY. STA. ELENA SHARE',NULL,50000,NULL,NULL,'2014-01-07 17:48:56','USR11700b22:1407632636b:-7e71','JZ'),('RUL441bb08f:1436c079bff:-6fa7-0033','DRAFT','BRGY_STA_FILOMENA_SHARE','rptbilling','BRGY_SHARE','BRGY. STA. FILOMENA SHARE',NULL,50000,NULL,NULL,'2014-01-07 17:48:56','USR11700b22:1407632636b:-7e71','JZ'),('RUL441bb08f:1436c079bff:-6fa7-0034','DRAFT','BRGY_STO_ROSARIO_SHARE','rptbilling','BRGY_SHARE','BRGY. STO. ROSARIO SHARE',NULL,50000,NULL,NULL,'2014-01-07 17:48:56','USR11700b22:1407632636b:-7e71','JZ'),('RUL441bb08f:1436c079bff:-6fa7-0035','DRAFT','BRGY_SARAY_SHARE','rptbilling','BRGY_SHARE','BRGY. SARAY SHARE',NULL,50000,NULL,NULL,'2014-01-07 17:48:56','USR11700b22:1407632636b:-7e71','JZ'),('RUL441bb08f:1436c079bff:-6fa7-0036','DRAFT','BRGY_SUAREZ_SHARE','rptbilling','BRGY_SHARE','BRGY. SUAREZ SHARE',NULL,50000,NULL,NULL,'2014-01-07 17:48:56','USR11700b22:1407632636b:-7e71','JZ'),('RUL441bb08f:1436c079bff:-6fa7-0037','DRAFT','BRGY_TAMBACAN_SHARE','rptbilling','BRGY_SHARE','BRGY. TAMBACAN SHARE',NULL,50000,NULL,NULL,'2014-01-07 17:48:56','USR11700b22:1407632636b:-7e71','JZ'),('RUL441bb08f:1436c079bff:-6fa7-0038','DRAFT','BRGY_TIBANGA_SHARE','rptbilling','BRGY_SHARE','BRGY. TIBANGA SHARE',NULL,50000,NULL,NULL,'2014-01-07 17:48:56','USR11700b22:1407632636b:-7e71','JZ'),('RUL441bb08f:1436c079bff:-6fa7-0039','DRAFT','BRGY_TIPANOY_SHARE','rptbilling','BRGY_SHARE','BRGY. TIPANOY SHARE',NULL,50000,NULL,NULL,'2014-01-07 17:48:56','USR11700b22:1407632636b:-7e71','JZ'),('RUL441bb08f:1436c079bff:-6fa7-0040','DRAFT','BRGY_TUBOD_SHARE','rptbilling','BRGY_SHARE','BRGY. TUBOD SHARE',NULL,50000,NULL,NULL,'2014-01-07 17:48:56','USR11700b22:1407632636b:-7e71','JZ'),('RUL441bb08f:1436c079bff:-6fa7-0041','DRAFT','BRGY_UBALDO_LAYA_SHARE','rptbilling','BRGY_SHARE','BRGY. UBALDO LAYA SHARE',NULL,50000,NULL,NULL,'2014-01-07 17:48:56','USR11700b22:1407632636b:-7e71','JZ'),('RUL441bb08f:1436c079bff:-6fa7-0042','DRAFT','BRGY_UPPER_HINAPLANON_SHARE','rptbilling','BRGY_SHARE','BRGY. UPPER HINAPLANON SHARE',NULL,50000,NULL,NULL,'2014-01-07 17:48:56','USR11700b22:1407632636b:-7e71','JZ'),('RUL441bb08f:1436c079bff:-6fa7-0043','DRAFT','BRGY_UPPER_TOMINOBO_SHARE','rptbilling','BRGY_SHARE','BRGY. UPPER TOMINOBO SHARE',NULL,50000,NULL,NULL,'2014-01-07 17:48:56','USR11700b22:1407632636b:-7e71','JZ'),('RUL441bb08f:1436c079bff:-6fa7-0044','DRAFT','BRGY_VILLAVERDE_SHARE','rptbilling','BRGY_SHARE','BRGY. VILLAVERDE SHARE',NULL,50000,NULL,NULL,'2014-01-07 17:48:56','USR11700b22:1407632636b:-7e71','JZ'),('RUL441bb08f:1436c079bff:-755d','DRAFT','LGU_SHARE','rptbilling','LGU_SHARE','LGU SHARE',NULL,50000,NULL,NULL,'2014-01-07 17:43:20','USR11700b22:1407632636b:-7e71','JZ'),('RUL44624045:143fad5bbe3:-4a87','DRAFT','CALCULATE_RF_SURCHARGE','bpbilling','surcharge','calculates other regulatory fees surcharge',NULL,50000,NULL,NULL,'2014-02-04 13:08:50','USR-477c34ca:1424b1892e7:-7fd2','ANNIE'),('RUL44624045:143fad5bbe3:-6586','DRAFT','CALCULATE_FR_INTEREST','bpbilling','interest','calculate interest on regulatory fees',NULL,50000,NULL,NULL,'2014-02-04 11:11:00','USR-477c34ca:1424b1892e7:-7fd2','ANNIE'),('RUL52ab3945:14357604d15:-7c1a','DRAFT','STAGGERED_BASIC_SEF_2014','rptbilling','AFTER_TAX','STAGGERED BASIC SEF 2014',NULL,50000,NULL,NULL,'2014-01-03 17:14:13','USR11700b22:1407632636b:-7e71','JZ'),('RUL53eaacea:143600ac457:-7fb2','APPROVED','ASK_OFFICE_TYPE','bpinfo','default','Ask office type if main or branch',NULL,50000,NULL,NULL,'2014-01-05 09:32:40','USR24bdb45:1422c01c4ee:-7f82','ELMO'),('RUL6d66cc31:1446cc9522e:-7bb3','DRAFT','COMMON_REQUIREMENTS','rptrequirement','REQUIREMENT','COMMON REQUIREMENTS',NULL,50000,NULL,NULL,'2014-02-26 14:10:38','USR11700b22:1407632636b:-7e71','JZ'),('RULaa4e683:143e6f7bbf2:-69f4','DRAFT','DISCOUNT_EXTENSION','rptbilling','AFTER_DISCOUNT','DISCOUNT_EXTTENSION',NULL,50000,NULL,NULL,'2014-01-31 15:15:06','USR-305e983c:1409a56d534:-7ff7','RAOUL');
/*!40000 ALTER TABLE `sys_rule` ENABLE KEYS */;
UNLOCK TABLES;

--
-- Dumping data for table `sys_rule_action`
--

LOCK TABLES `sys_rule_action` WRITE;
/*!40000 ALTER TABLE `sys_rule_action` DISABLE KEYS */;
INSERT INTO `sys_rule_action` VALUES ('RACT-20919e10:141e3f76dc8:-6298','RUL-20919e10:141e3f76dc8:-651b','RULADEF208348b4:141e2d2bd58:-7cba','calc-sefdisc',0),('RACT-20919e10:141e3f76dc8:-62df','RUL-20919e10:141e3f76dc8:-651b','RULADEF208348b4:141e2d2bd58:-7de8','calc-basicdisc',0),('RACT-20919e10:141e3f76dc8:-7448','RUL-20919e10:141e3f76dc8:-777f','RULADEF208348b4:141e2d2bd58:-7d1e','calc-sefint',0),('RACT-20919e10:141e3f76dc8:-74a9','RUL-20919e10:141e3f76dc8:-777f','RULADEF208348b4:141e2d2bd58:-7e60','calc-basicint',0),('RACT-20919e10:141e3f76dc8:-7990','RUL-20919e10:141e3f76dc8:-7be8','RULADEF208348b4:141e2d2bd58:-7d5f','calc-sef',0),('RACT-20919e10:141e3f76dc8:-79e5','RUL-20919e10:141e3f76dc8:-7be8','RULADEF17d6e7ce:141df4b60c2:-7e9e','calc-basic',0),('RACT-20919e10:141e3f76dc8:-7c33','RUL-20919e10:141e3f76dc8:-7e4f','RULADEF208348b4:141e2d2bd58:-7d5f','calc-sef',0),('RACT-20919e10:141e3f76dc8:-7c9b','RUL-20919e10:141e3f76dc8:-7e4f','RULADEF17d6e7ce:141df4b60c2:-7e9e','calc-basic',0),('RACT-2a4d2fa5:1422bad4acc:-776a','RUL-2a4d2fa5:1422bad4acc:-7957','RULADEF208348b4:141e2d2bd58:-7b83','calc-firecode',0),('RACT-43d54639:143600ea5ae:-7db9','RUL53eaacea:143600ac457:-7fb2','RULADEF367174cc:141a62bd0d8:-4486','ask_business_info',0),('RACT-4fd26d3d:142fa7a65f9:-73bb','RUL2491462a:142fa35d130:-5a95','RULADEF-2889615e:142fa67fc85:-7b7c','split_by_qtr',0),('RACT-68ca73a4:142c149a9bf:-7c44','RUL2659bca9:142b667ccd3:-7f3f','RULADEF367174cc:141a62bd0d8:-4486','ask_business_info',0),('RACT-68ca73a4:142c149a9bf:-7c66','RUL2659bca9:142b667ccd3:-7f3f','RULADEF367174cc:141a62bd0d8:-4486','ask_business_info',0),('RACT-68ca73a4:142c149a9bf:-7c88','RUL2659bca9:142b667ccd3:-7f3f','RULADEF367174cc:141a62bd0d8:-4486','ask_business_info',0),('RACT-72a9958a:141e4770339:-63fb','RUL-72a9958a:141e4770339:-6728','RULADEF208348b4:141e2d2bd58:-7cba','calc-sefdisc',0),('RACT-72a9958a:141e4770339:-6442','RUL-72a9958a:141e4770339:-6728','RULADEF208348b4:141e2d2bd58:-7de8','calc-basicdisc',0),('RACT-72a9958a:141e4770339:-7663','RUL-20919e10:141e3f76dc8:-6107','RULADEF208348b4:141e2d2bd58:-7cba','calc-sefdisc',0),('RACT-72a9958a:141e4770339:-76aa','RUL-20919e10:141e3f76dc8:-6107','RULADEF208348b4:141e2d2bd58:-7de8','calc-basicdisc',0),('RACT-72a9958a:141e4770339:-7acc','RUL-20919e10:141e3f76dc8:-6fa4','RULADEF208348b4:141e2d2bd58:-7d1e','calc-sefint',0),('RACT-72a9958a:141e4770339:-7bd8','RUL-20919e10:141e3f76dc8:-6fa4','RULADEF208348b4:141e2d2bd58:-7e60','calc-basicint',0),('RACT-738e3cc6:14459101d11:-796b','RUL44624045:143fad5bbe3:-6586','RULADEF-66879e9a:1422b236b58:-7d24','calc_interest',0),('RACT-738e3cc6:14459101d11:-7b22','RUL-36ba5ccb:1430894b791:-6677','RULADEF-66879e9a:1422b236b58:-7d24','calc_interest',0),('RACT-738e3cc6:14459101d11:-7d1d','RUL44624045:143fad5bbe3:-4a87','RULADEF7ee0ab5e:141b6a15885:-7f52','calc_surcharge',0),('RACT-738e3cc6:14459101d11:-7d9d','RUL-6ce4c9de:143fa4fc8ee:-79f5','RULADEF7ee0ab5e:141b6a15885:-7f52','calc_surcharge',0),('RACT-738e3cc6:14459101d11:-7e23','RUL-4fd26d3d:142fa7a65f9:-7200','RULADEF7ee0ab5e:141b6a15885:-7f52','calc_surcharge',0),('RACT-7c13908b:1435065d2a1:-5c42','RUL-7c13908b:1435065d2a1:-66d7','RULADEF208348b4:141e2d2bd58:-7d5f','calc-sef',0),('RACT-7c13908b:1435065d2a1:-5ced','RUL-7c13908b:1435065d2a1:-66d7','RULADEF17d6e7ce:141df4b60c2:-7e9e','calc-basic',0),('RACT-7e9d4ac4:1421b9d7ba4:-79b2','RUL-7e9d4ac4:1421b9d7ba4:-7d51','RULADEF208348b4:141e2d2bd58:-7cba','calc-sefdisc',0),('RACT-7e9d4ac4:1421b9d7ba4:-7a0e','RUL-7e9d4ac4:1421b9d7ba4:-7d51','RULADEF208348b4:141e2d2bd58:-7de8','calc-basicdisc',0),('RACT1dc7a3de:142b70df9f8:-7ec1','RUL1dc7a3de:142b70df9f8:-7fb7','RULADEF-67ecfd73:141f2b84ce7:-7b54','assert_business_info',0),('RACT270217d9:143576614a1:-793f','RUL270217d9:143576614a1:-7c3c','RULADEF208348b4:141e2d2bd58:-7d5f','calc-sef',0),('RACT270217d9:143576614a1:-79d7','RUL270217d9:143576614a1:-7c3c','RULADEF17d6e7ce:141df4b60c2:-7e9e','calc-basic',0),('RACT270217d9:143576614a1:-7cb2','RUL52ab3945:14357604d15:-7c1a','RULADEF17d6e7ce:141df4b60c2:-7e9e','calc-basic',0),('RACT270217d9:143576614a1:-7d00','RUL52ab3945:14357604d15:-7c1a','RULADEF208348b4:141e2d2bd58:-7d5f','calc-sef',0),('RACT29ba689e:144612b8ef4:-7a92','RUL29ba689e:144612b8ef4:-7def','RULADEF208348b4:141e2d2bd58:-7d1e','calc-sefint',0),('RACT29ba689e:144612b8ef4:-7b08','RUL29ba689e:144612b8ef4:-7def','RULADEF208348b4:141e2d2bd58:-7e60','calc-basicint',0),('RACT35d5ad64:142c5cb42d2:-7f1c','RUL36552f88:142c18ff1a4:-7f16','RULADEF367174cc:141a62bd0d8:-4486','ask_business_info',0),('RACT441bb08f:1436c079bff:-6c30','RUL441bb08f:1436c079bff:-6fa7','RULADEF441bb08f:1436c079bff:-76b4','calc-brgyint-share',0),('RACT441bb08f:1436c079bff:-6c30-0002','RUL441bb08f:1436c079bff:-6fa7-0002','RULADEF441bb08f:1436c079bff:-76b4','calc-brgyint-share',0),('RACT441bb08f:1436c079bff:-6c30-0003','RUL441bb08f:1436c079bff:-6fa7-0003','RULADEF441bb08f:1436c079bff:-76b4','calc-brgyint-share',0),('RACT441bb08f:1436c079bff:-6c30-0004','RUL441bb08f:1436c079bff:-6fa7-0004','RULADEF441bb08f:1436c079bff:-76b4','calc-brgyint-share',0),('RACT441bb08f:1436c079bff:-6c30-0005','RUL441bb08f:1436c079bff:-6fa7-0005','RULADEF441bb08f:1436c079bff:-76b4','calc-brgyint-share',0),('RACT441bb08f:1436c079bff:-6c30-0006','RUL441bb08f:1436c079bff:-6fa7-0006','RULADEF441bb08f:1436c079bff:-76b4','calc-brgyint-share',0),('RACT441bb08f:1436c079bff:-6c30-0007','RUL441bb08f:1436c079bff:-6fa7-0007','RULADEF441bb08f:1436c079bff:-76b4','calc-brgyint-share',0),('RACT441bb08f:1436c079bff:-6c30-0008','RUL441bb08f:1436c079bff:-6fa7-0008','RULADEF441bb08f:1436c079bff:-76b4','calc-brgyint-share',0),('RACT441bb08f:1436c079bff:-6c30-0009','RUL441bb08f:1436c079bff:-6fa7-0009','RULADEF441bb08f:1436c079bff:-76b4','calc-brgyint-share',0),('RACT441bb08f:1436c079bff:-6c30-0010','RUL441bb08f:1436c079bff:-6fa7-0010','RULADEF441bb08f:1436c079bff:-76b4','calc-brgyint-share',0),('RACT441bb08f:1436c079bff:-6c30-0011','RUL441bb08f:1436c079bff:-6fa7-0011','RULADEF441bb08f:1436c079bff:-76b4','calc-brgyint-share',0),('RACT441bb08f:1436c079bff:-6c30-0012','RUL441bb08f:1436c079bff:-6fa7-0012','RULADEF441bb08f:1436c079bff:-76b4','calc-brgyint-share',0),('RACT441bb08f:1436c079bff:-6c30-0013','RUL441bb08f:1436c079bff:-6fa7-0013','RULADEF441bb08f:1436c079bff:-76b4','calc-brgyint-share',0),('RACT441bb08f:1436c079bff:-6c30-0014','RUL441bb08f:1436c079bff:-6fa7-0014','RULADEF441bb08f:1436c079bff:-76b4','calc-brgyint-share',0),('RACT441bb08f:1436c079bff:-6c30-0015','RUL441bb08f:1436c079bff:-6fa7-0015','RULADEF441bb08f:1436c079bff:-76b4','calc-brgyint-share',0),('RACT441bb08f:1436c079bff:-6c30-0016','RUL441bb08f:1436c079bff:-6fa7-0016','RULADEF441bb08f:1436c079bff:-76b4','calc-brgyint-share',0),('RACT441bb08f:1436c079bff:-6c30-0017','RUL441bb08f:1436c079bff:-6fa7-0017','RULADEF441bb08f:1436c079bff:-76b4','calc-brgyint-share',0),('RACT441bb08f:1436c079bff:-6c30-0018','RUL441bb08f:1436c079bff:-6fa7-0018','RULADEF441bb08f:1436c079bff:-76b4','calc-brgyint-share',0),('RACT441bb08f:1436c079bff:-6c30-0019','RUL441bb08f:1436c079bff:-6fa7-0019','RULADEF441bb08f:1436c079bff:-76b4','calc-brgyint-share',0),('RACT441bb08f:1436c079bff:-6c30-0020','RUL441bb08f:1436c079bff:-6fa7-0020','RULADEF441bb08f:1436c079bff:-76b4','calc-brgyint-share',0),('RACT441bb08f:1436c079bff:-6c30-0021','RUL441bb08f:1436c079bff:-6fa7-0021','RULADEF441bb08f:1436c079bff:-76b4','calc-brgyint-share',0),('RACT441bb08f:1436c079bff:-6c30-0022','RUL441bb08f:1436c079bff:-6fa7-0022','RULADEF441bb08f:1436c079bff:-76b4','calc-brgyint-share',0),('RACT441bb08f:1436c079bff:-6c30-0023','RUL441bb08f:1436c079bff:-6fa7-0023','RULADEF441bb08f:1436c079bff:-76b4','calc-brgyint-share',0),('RACT441bb08f:1436c079bff:-6c30-0024','RUL441bb08f:1436c079bff:-6fa7-0024','RULADEF441bb08f:1436c079bff:-76b4','calc-brgyint-share',0),('RACT441bb08f:1436c079bff:-6c30-0025','RUL441bb08f:1436c079bff:-6fa7-0025','RULADEF441bb08f:1436c079bff:-76b4','calc-brgyint-share',0),('RACT441bb08f:1436c079bff:-6c30-0026','RUL441bb08f:1436c079bff:-6fa7-0026','RULADEF441bb08f:1436c079bff:-76b4','calc-brgyint-share',0),('RACT441bb08f:1436c079bff:-6c30-0027','RUL441bb08f:1436c079bff:-6fa7-0027','RULADEF441bb08f:1436c079bff:-76b4','calc-brgyint-share',0),('RACT441bb08f:1436c079bff:-6c30-0028','RUL441bb08f:1436c079bff:-6fa7-0028','RULADEF441bb08f:1436c079bff:-76b4','calc-brgyint-share',0),('RACT441bb08f:1436c079bff:-6c30-0029','RUL441bb08f:1436c079bff:-6fa7-0029','RULADEF441bb08f:1436c079bff:-76b4','calc-brgyint-share',0),('RACT441bb08f:1436c079bff:-6c30-0030','RUL441bb08f:1436c079bff:-6fa7-0030','RULADEF441bb08f:1436c079bff:-76b4','calc-brgyint-share',0),('RACT441bb08f:1436c079bff:-6c30-0031','RUL441bb08f:1436c079bff:-6fa7-0031','RULADEF441bb08f:1436c079bff:-76b4','calc-brgyint-share',0),('RACT441bb08f:1436c079bff:-6c30-0032','RUL441bb08f:1436c079bff:-6fa7-0032','RULADEF441bb08f:1436c079bff:-76b4','calc-brgyint-share',0),('RACT441bb08f:1436c079bff:-6c30-0033','RUL441bb08f:1436c079bff:-6fa7-0033','RULADEF441bb08f:1436c079bff:-76b4','calc-brgyint-share',0),('RACT441bb08f:1436c079bff:-6c30-0034','RUL441bb08f:1436c079bff:-6fa7-0034','RULADEF441bb08f:1436c079bff:-76b4','calc-brgyint-share',0),('RACT441bb08f:1436c079bff:-6c30-0035','RUL441bb08f:1436c079bff:-6fa7-0035','RULADEF441bb08f:1436c079bff:-76b4','calc-brgyint-share',0),('RACT441bb08f:1436c079bff:-6c30-0036','RUL441bb08f:1436c079bff:-6fa7-0036','RULADEF441bb08f:1436c079bff:-76b4','calc-brgyint-share',0),('RACT441bb08f:1436c079bff:-6c30-0037','RUL441bb08f:1436c079bff:-6fa7-0037','RULADEF441bb08f:1436c079bff:-76b4','calc-brgyint-share',0),('RACT441bb08f:1436c079bff:-6c30-0038','RUL441bb08f:1436c079bff:-6fa7-0038','RULADEF441bb08f:1436c079bff:-76b4','calc-brgyint-share',0),('RACT441bb08f:1436c079bff:-6c30-0039','RUL441bb08f:1436c079bff:-6fa7-0039','RULADEF441bb08f:1436c079bff:-76b4','calc-brgyint-share',0),('RACT441bb08f:1436c079bff:-6c30-0040','RUL441bb08f:1436c079bff:-6fa7-0040','RULADEF441bb08f:1436c079bff:-76b4','calc-brgyint-share',0),('RACT441bb08f:1436c079bff:-6c30-0041','RUL441bb08f:1436c079bff:-6fa7-0041','RULADEF441bb08f:1436c079bff:-76b4','calc-brgyint-share',0),('RACT441bb08f:1436c079bff:-6c30-0042','RUL441bb08f:1436c079bff:-6fa7-0042','RULADEF441bb08f:1436c079bff:-76b4','calc-brgyint-share',0),('RACT441bb08f:1436c079bff:-6c30-0043','RUL441bb08f:1436c079bff:-6fa7-0043','RULADEF441bb08f:1436c079bff:-76b4','calc-brgyint-share',0),('RACT441bb08f:1436c079bff:-6c30-0044','RUL441bb08f:1436c079bff:-6fa7-0044','RULADEF441bb08f:1436c079bff:-76b4','calc-brgyint-share',0),('RACT441bb08f:1436c079bff:-6cc4','RUL441bb08f:1436c079bff:-6fa7','RULADEF441bb08f:1436c079bff:-771e','calc-brgyshare',0),('RACT441bb08f:1436c079bff:-6cc4-0002','RUL441bb08f:1436c079bff:-6fa7-0002','RULADEF441bb08f:1436c079bff:-771e','calc-brgyshare',0),('RACT441bb08f:1436c079bff:-6cc4-0003','RUL441bb08f:1436c079bff:-6fa7-0003','RULADEF441bb08f:1436c079bff:-771e','calc-brgyshare',0),('RACT441bb08f:1436c079bff:-6cc4-0004','RUL441bb08f:1436c079bff:-6fa7-0004','RULADEF441bb08f:1436c079bff:-771e','calc-brgyshare',0),('RACT441bb08f:1436c079bff:-6cc4-0005','RUL441bb08f:1436c079bff:-6fa7-0005','RULADEF441bb08f:1436c079bff:-771e','calc-brgyshare',0),('RACT441bb08f:1436c079bff:-6cc4-0006','RUL441bb08f:1436c079bff:-6fa7-0006','RULADEF441bb08f:1436c079bff:-771e','calc-brgyshare',0),('RACT441bb08f:1436c079bff:-6cc4-0007','RUL441bb08f:1436c079bff:-6fa7-0007','RULADEF441bb08f:1436c079bff:-771e','calc-brgyshare',0),('RACT441bb08f:1436c079bff:-6cc4-0008','RUL441bb08f:1436c079bff:-6fa7-0008','RULADEF441bb08f:1436c079bff:-771e','calc-brgyshare',0),('RACT441bb08f:1436c079bff:-6cc4-0009','RUL441bb08f:1436c079bff:-6fa7-0009','RULADEF441bb08f:1436c079bff:-771e','calc-brgyshare',0),('RACT441bb08f:1436c079bff:-6cc4-0010','RUL441bb08f:1436c079bff:-6fa7-0010','RULADEF441bb08f:1436c079bff:-771e','calc-brgyshare',0),('RACT441bb08f:1436c079bff:-6cc4-0011','RUL441bb08f:1436c079bff:-6fa7-0011','RULADEF441bb08f:1436c079bff:-771e','calc-brgyshare',0),('RACT441bb08f:1436c079bff:-6cc4-0012','RUL441bb08f:1436c079bff:-6fa7-0012','RULADEF441bb08f:1436c079bff:-771e','calc-brgyshare',0),('RACT441bb08f:1436c079bff:-6cc4-0013','RUL441bb08f:1436c079bff:-6fa7-0013','RULADEF441bb08f:1436c079bff:-771e','calc-brgyshare',0),('RACT441bb08f:1436c079bff:-6cc4-0014','RUL441bb08f:1436c079bff:-6fa7-0014','RULADEF441bb08f:1436c079bff:-771e','calc-brgyshare',0),('RACT441bb08f:1436c079bff:-6cc4-0015','RUL441bb08f:1436c079bff:-6fa7-0015','RULADEF441bb08f:1436c079bff:-771e','calc-brgyshare',0),('RACT441bb08f:1436c079bff:-6cc4-0016','RUL441bb08f:1436c079bff:-6fa7-0016','RULADEF441bb08f:1436c079bff:-771e','calc-brgyshare',0),('RACT441bb08f:1436c079bff:-6cc4-0017','RUL441bb08f:1436c079bff:-6fa7-0017','RULADEF441bb08f:1436c079bff:-771e','calc-brgyshare',0),('RACT441bb08f:1436c079bff:-6cc4-0018','RUL441bb08f:1436c079bff:-6fa7-0018','RULADEF441bb08f:1436c079bff:-771e','calc-brgyshare',0),('RACT441bb08f:1436c079bff:-6cc4-0019','RUL441bb08f:1436c079bff:-6fa7-0019','RULADEF441bb08f:1436c079bff:-771e','calc-brgyshare',0),('RACT441bb08f:1436c079bff:-6cc4-0020','RUL441bb08f:1436c079bff:-6fa7-0020','RULADEF441bb08f:1436c079bff:-771e','calc-brgyshare',0),('RACT441bb08f:1436c079bff:-6cc4-0021','RUL441bb08f:1436c079bff:-6fa7-0021','RULADEF441bb08f:1436c079bff:-771e','calc-brgyshare',0),('RACT441bb08f:1436c079bff:-6cc4-0022','RUL441bb08f:1436c079bff:-6fa7-0022','RULADEF441bb08f:1436c079bff:-771e','calc-brgyshare',0),('RACT441bb08f:1436c079bff:-6cc4-0023','RUL441bb08f:1436c079bff:-6fa7-0023','RULADEF441bb08f:1436c079bff:-771e','calc-brgyshare',0),('RACT441bb08f:1436c079bff:-6cc4-0024','RUL441bb08f:1436c079bff:-6fa7-0024','RULADEF441bb08f:1436c079bff:-771e','calc-brgyshare',0),('RACT441bb08f:1436c079bff:-6cc4-0025','RUL441bb08f:1436c079bff:-6fa7-0025','RULADEF441bb08f:1436c079bff:-771e','calc-brgyshare',0),('RACT441bb08f:1436c079bff:-6cc4-0026','RUL441bb08f:1436c079bff:-6fa7-0026','RULADEF441bb08f:1436c079bff:-771e','calc-brgyshare',0),('RACT441bb08f:1436c079bff:-6cc4-0027','RUL441bb08f:1436c079bff:-6fa7-0027','RULADEF441bb08f:1436c079bff:-771e','calc-brgyshare',0),('RACT441bb08f:1436c079bff:-6cc4-0028','RUL441bb08f:1436c079bff:-6fa7-0028','RULADEF441bb08f:1436c079bff:-771e','calc-brgyshare',0),('RACT441bb08f:1436c079bff:-6cc4-0029','RUL441bb08f:1436c079bff:-6fa7-0029','RULADEF441bb08f:1436c079bff:-771e','calc-brgyshare',0),('RACT441bb08f:1436c079bff:-6cc4-0030','RUL441bb08f:1436c079bff:-6fa7-0030','RULADEF441bb08f:1436c079bff:-771e','calc-brgyshare',0),('RACT441bb08f:1436c079bff:-6cc4-0031','RUL441bb08f:1436c079bff:-6fa7-0031','RULADEF441bb08f:1436c079bff:-771e','calc-brgyshare',0),('RACT441bb08f:1436c079bff:-6cc4-0032','RUL441bb08f:1436c079bff:-6fa7-0032','RULADEF441bb08f:1436c079bff:-771e','calc-brgyshare',0),('RACT441bb08f:1436c079bff:-6cc4-0033','RUL441bb08f:1436c079bff:-6fa7-0033','RULADEF441bb08f:1436c079bff:-771e','calc-brgyshare',0),('RACT441bb08f:1436c079bff:-6cc4-0034','RUL441bb08f:1436c079bff:-6fa7-0034','RULADEF441bb08f:1436c079bff:-771e','calc-brgyshare',0),('RACT441bb08f:1436c079bff:-6cc4-0035','RUL441bb08f:1436c079bff:-6fa7-0035','RULADEF441bb08f:1436c079bff:-771e','calc-brgyshare',0),('RACT441bb08f:1436c079bff:-6cc4-0036','RUL441bb08f:1436c079bff:-6fa7-0036','RULADEF441bb08f:1436c079bff:-771e','calc-brgyshare',0),('RACT441bb08f:1436c079bff:-6cc4-0037','RUL441bb08f:1436c079bff:-6fa7-0037','RULADEF441bb08f:1436c079bff:-771e','calc-brgyshare',0),('RACT441bb08f:1436c079bff:-6cc4-0038','RUL441bb08f:1436c079bff:-6fa7-0038','RULADEF441bb08f:1436c079bff:-771e','calc-brgyshare',0),('RACT441bb08f:1436c079bff:-6cc4-0039','RUL441bb08f:1436c079bff:-6fa7-0039','RULADEF441bb08f:1436c079bff:-771e','calc-brgyshare',0),('RACT441bb08f:1436c079bff:-6cc4-0040','RUL441bb08f:1436c079bff:-6fa7-0040','RULADEF441bb08f:1436c079bff:-771e','calc-brgyshare',0),('RACT441bb08f:1436c079bff:-6cc4-0041','RUL441bb08f:1436c079bff:-6fa7-0041','RULADEF441bb08f:1436c079bff:-771e','calc-brgyshare',0),('RACT441bb08f:1436c079bff:-6cc4-0042','RUL441bb08f:1436c079bff:-6fa7-0042','RULADEF441bb08f:1436c079bff:-771e','calc-brgyshare',0),('RACT441bb08f:1436c079bff:-6cc4-0043','RUL441bb08f:1436c079bff:-6fa7-0043','RULADEF441bb08f:1436c079bff:-771e','calc-brgyshare',0),('RACT441bb08f:1436c079bff:-6cc4-0044','RUL441bb08f:1436c079bff:-6fa7-0044','RULADEF441bb08f:1436c079bff:-771e','calc-brgyshare',0),('RACT441bb08f:1436c079bff:-7048','RUL441bb08f:1436c079bff:-755d','RULADEF441bb08f:1436c079bff:-77e1','calc-lguint-share',0),('RACT441bb08f:1436c079bff:-711d','RUL441bb08f:1436c079bff:-755d','RULADEF441bb08f:1436c079bff:-7831','calc-lgushare',0),('RACT6d66cc31:1446cc9522e:-7a12','RUL6d66cc31:1446cc9522e:-7bb3','RULADEF6d66cc31:1446cc9522e:-7d56','add-requirement',0),('RACT6d66cc31:1446cc9522e:-7a2c','RUL6d66cc31:1446cc9522e:-7bb3','RULADEF6d66cc31:1446cc9522e:-7d56','add-requirement',0),('RACT6d66cc31:1446cc9522e:-7a46','RUL6d66cc31:1446cc9522e:-7bb3','RULADEF6d66cc31:1446cc9522e:-7d56','add-requirement',0),('RACT6d66cc31:1446cc9522e:-7a6c','RUL6d66cc31:1446cc9522e:-7bb3','RULADEF6d66cc31:1446cc9522e:-7d56','add-requirement',0),('RACTaa4e683:143e6f7bbf2:-65d3','RULaa4e683:143e6f7bbf2:-69f4','RULADEF208348b4:141e2d2bd58:-7cba','calc-sefdisc',0),('RACTaa4e683:143e6f7bbf2:-6652','RULaa4e683:143e6f7bbf2:-69f4','RULADEF208348b4:141e2d2bd58:-7de8','calc-basicdisc',0);
/*!40000 ALTER TABLE `sys_rule_action` ENABLE KEYS */;
UNLOCK TABLES;

--
-- Dumping data for table `sys_rule_action_param`
--

LOCK TABLES `sys_rule_action_param` WRITE;
/*!40000 ALTER TABLE `sys_rule_action_param` DISABLE KEYS */;
INSERT INTO `sys_rule_action_param` VALUES ('RULACT-20919e10:141e3f76dc8:-6296','RACT-20919e10:141e3f76dc8:-6298','ACTPARAM208348b4:141e2d2bd58:-7cb4',NULL,NULL,'RCOND-20919e10:141e3f76dc8:-64b1','RL',NULL,NULL,NULL,NULL,NULL,NULL,NULL),('RULACT-20919e10:141e3f76dc8:-6297','RACT-20919e10:141e3f76dc8:-6298','ACTPARAM208348b4:141e2d2bd58:-7cad',NULL,NULL,NULL,NULL,'SEF * 0.15','expression',NULL,NULL,NULL,NULL,NULL),('RULACT-20919e10:141e3f76dc8:-62dd','RACT-20919e10:141e3f76dc8:-62df','ACTPARAM208348b4:141e2d2bd58:-7de2',NULL,NULL,'RCOND-20919e10:141e3f76dc8:-64b1','RL',NULL,NULL,NULL,NULL,NULL,NULL,NULL),('RULACT-20919e10:141e3f76dc8:-62de','RACT-20919e10:141e3f76dc8:-62df','ACTPARAM208348b4:141e2d2bd58:-7ddb',NULL,NULL,NULL,NULL,'BASIC * 0.15','expression',NULL,NULL,NULL,NULL,NULL),('RULACT-20919e10:141e3f76dc8:-7445','RACT-20919e10:141e3f76dc8:-7448','ACTPARAM208348b4:141e2d2bd58:-7d18',NULL,NULL,'RCOND-20919e10:141e3f76dc8:-7715','RL',NULL,NULL,NULL,NULL,NULL,NULL,NULL),('RULACT-20919e10:141e3f76dc8:-7446','RACT-20919e10:141e3f76dc8:-7448','ACTPARAM208348b4:141e2d2bd58:-7d05',NULL,NULL,NULL,NULL,'@IIF( NMON * 0.02 > 0.72, SEF * 0.72, SEF * NMON * 0.02 )','expression',NULL,NULL,NULL,NULL,NULL),('RULACT-20919e10:141e3f76dc8:-7447','RACT-20919e10:141e3f76dc8:-7448','ACTPARAM208348b4:141e2d2bd58:-7cfe',NULL,NULL,NULL,NULL,NULL,NULL,NULL,'REVITEM-1c2fcd63:140c2c7c557:-7f6c','SEF PREVIOUS INTEREST',NULL,NULL),('RULACT-20919e10:141e3f76dc8:-74a6','RACT-20919e10:141e3f76dc8:-74a9','ACTPARAM208348b4:141e2d2bd58:-7e5a',NULL,NULL,'RCOND-20919e10:141e3f76dc8:-7715','RL',NULL,NULL,NULL,NULL,NULL,NULL,NULL),('RULACT-20919e10:141e3f76dc8:-74a7','RACT-20919e10:141e3f76dc8:-74a9','ACTPARAM208348b4:141e2d2bd58:-7e53',NULL,NULL,NULL,NULL,'@IIF( NMON * 0.02 > 0.72, BASIC * 0.72, BASIC * NMON * 0.02 )','expression',NULL,NULL,NULL,NULL,NULL),('RULACT-20919e10:141e3f76dc8:-74a8','RACT-20919e10:141e3f76dc8:-74a9','ACTPARAM208348b4:141e2d2bd58:-7e4c',NULL,NULL,NULL,NULL,NULL,NULL,NULL,'REVITEM217a91b:1409e6ae44e:-7fa6','RPT BASIC PREVIOUS INTEREST',NULL,NULL),('RULACT-20919e10:141e3f76dc8:-798d','RACT-20919e10:141e3f76dc8:-7990','ACTPARAM208348b4:141e2d2bd58:-7d59',NULL,NULL,'RCOND-20919e10:141e3f76dc8:-7b76','RL',NULL,NULL,NULL,NULL,NULL,NULL,NULL),('RULACT-20919e10:141e3f76dc8:-798e','RACT-20919e10:141e3f76dc8:-7990','ACTPARAM208348b4:141e2d2bd58:-7d52',NULL,NULL,NULL,NULL,'AV * 0.01','expression',NULL,NULL,NULL,NULL,NULL),('RULACT-20919e10:141e3f76dc8:-798f','RACT-20919e10:141e3f76dc8:-7990','ACTPARAM208348b4:141e2d2bd58:-7d4b',NULL,NULL,NULL,NULL,NULL,NULL,NULL,'REVITEM-1c2fcd63:140c2c7c557:-7f7d','SEF ADVANCE',NULL,NULL),('RULACT-20919e10:141e3f76dc8:-79e1','RACT-20919e10:141e3f76dc8:-79e5','ACTPARAM17d6e7ce:141df4b60c2:-7b8d',NULL,NULL,'RCOND-20919e10:141e3f76dc8:-7b76','RL',NULL,NULL,NULL,NULL,NULL,NULL,NULL),('RULACT-20919e10:141e3f76dc8:-79e2','RACT-20919e10:141e3f76dc8:-79e5','ACTPARAM17d6e7ce:141df4b60c2:-7b86',NULL,NULL,NULL,NULL,'AV * 0.01375','expression',NULL,NULL,NULL,NULL,NULL),('RULACT-20919e10:141e3f76dc8:-79e3','RACT-20919e10:141e3f76dc8:-79e5','ACTPARAM17d6e7ce:141df4b60c2:-7b7f',NULL,NULL,NULL,NULL,NULL,NULL,NULL,'REVITEM217a91b:1409e6ae44e:-7f3a','RPT BASIC ADVANCE',NULL,NULL),('RULACT-20919e10:141e3f76dc8:-79e4','RACT-20919e10:141e3f76dc8:-79e5','ACTPARAM17d6e7ce:141df4b60c2:-7b72',NULL,NULL,NULL,NULL,NULL,NULL,NULL,'advance','advance',NULL,NULL),('RULACT-20919e10:141e3f76dc8:-7c30','RACT-20919e10:141e3f76dc8:-7c33','ACTPARAM208348b4:141e2d2bd58:-7d59',NULL,NULL,'RCOND-20919e10:141e3f76dc8:-7de5','RL',NULL,NULL,NULL,NULL,NULL,NULL,NULL),('RULACT-20919e10:141e3f76dc8:-7c31','RACT-20919e10:141e3f76dc8:-7c33','ACTPARAM208348b4:141e2d2bd58:-7d52',NULL,NULL,NULL,NULL,'AV * 0.01','expression',NULL,NULL,NULL,NULL,NULL),('RULACT-20919e10:141e3f76dc8:-7c32','RACT-20919e10:141e3f76dc8:-7c33','ACTPARAM208348b4:141e2d2bd58:-7d4b',NULL,NULL,NULL,NULL,NULL,NULL,NULL,'REVITEM-1c2fcd63:140c2c7c557:-7f81','SEF CURRENT',NULL,NULL),('RULACT-20919e10:141e3f76dc8:-7c97','RACT-20919e10:141e3f76dc8:-7c9b','ACTPARAM17d6e7ce:141df4b60c2:-7b8d',NULL,NULL,'RCOND-20919e10:141e3f76dc8:-7de5','RL',NULL,NULL,NULL,NULL,NULL,NULL,NULL),('RULACT-20919e10:141e3f76dc8:-7c98','RACT-20919e10:141e3f76dc8:-7c9b','ACTPARAM17d6e7ce:141df4b60c2:-7b86',NULL,NULL,NULL,NULL,'AV  * 0.01375','expression',NULL,NULL,NULL,NULL,NULL),('RULACT-20919e10:141e3f76dc8:-7c99','RACT-20919e10:141e3f76dc8:-7c9b','ACTPARAM17d6e7ce:141df4b60c2:-7b7f',NULL,NULL,NULL,NULL,NULL,NULL,NULL,'REVITEM217a91b:1409e6ae44e:-7fb4','RPT BASIC CURRENT',NULL,NULL),('RULACT-20919e10:141e3f76dc8:-7c9a','RACT-20919e10:141e3f76dc8:-7c9b','ACTPARAM17d6e7ce:141df4b60c2:-7b72',NULL,NULL,NULL,NULL,NULL,NULL,NULL,'current','current',NULL,NULL),('RULACT-2a4d2fa5:1422bad4acc:-7767','RACT-2a4d2fa5:1422bad4acc:-776a','ACTPARAM208348b4:141e2d2bd58:-7b7d',NULL,NULL,'RCOND-2a4d2fa5:1422bad4acc:-7919','RL',NULL,NULL,NULL,NULL,NULL,NULL,NULL),('RULACT-2a4d2fa5:1422bad4acc:-7768','RACT-2a4d2fa5:1422bad4acc:-776a','ACTPARAM208348b4:141e2d2bd58:-7b76',NULL,NULL,NULL,NULL,'SEF * 0.01','expression',NULL,NULL,NULL,NULL,NULL),('RULACT-2a4d2fa5:1422bad4acc:-7769','RACT-2a4d2fa5:1422bad4acc:-776a','ACTPARAM208348b4:141e2d2bd58:-7b6f',NULL,NULL,NULL,NULL,NULL,NULL,NULL,'REVITEM-329af841:14104a5dd77:-6a30','RPT FIRE CODE',NULL,NULL),('RULACT-43d54639:143600ea5ae:-7db6','RACT-43d54639:143600ea5ae:-7db9','ACTPARAM7c61bd6d:1423fce917f:-7e73',NULL,NULL,NULL,NULL,NULL,NULL,NULL,NULL,NULL,NULL,NULL),('RULACT-43d54639:143600ea5ae:-7db7','RACT-43d54639:143600ea5ae:-7db9','ACTPARAM367174cc:141a62bd0d8:18c4',NULL,NULL,NULL,NULL,NULL,NULL,NULL,'OFFICE_TYPE','OFFICE_TYPE',NULL,NULL),('RULACT-43d54639:143600ea5ae:-7db8','RACT-43d54639:143600ea5ae:-7db9','ACTPARAM-42dc4039:141afcf5119:-7e59',NULL,NULL,NULL,NULL,NULL,NULL,NULL,NULL,NULL,NULL,NULL),('RULACT-4fd26d3d:142fa7a65f9:-73ba','RACT-4fd26d3d:142fa7a65f9:-73bb','ACTPARAM-2889615e:142fa67fc85:-7b71',NULL,NULL,'RCOND-4fd26d3d:142fa7a65f9:-7414','BT',NULL,NULL,NULL,NULL,NULL,NULL,NULL),('RULACT-68ca73a4:142c149a9bf:-7c40','RACT-68ca73a4:142c149a9bf:-7c44','ACTPARAM32f8a876:142b75093c5:-7238',NULL,NULL,NULL,NULL,NULL,NULL,NULL,NULL,NULL,NULL,NULL),('RULACT-68ca73a4:142c149a9bf:-7c41','RACT-68ca73a4:142c149a9bf:-7c44','ACTPARAM7c61bd6d:1423fce917f:-7e73',NULL,NULL,NULL,NULL,NULL,NULL,NULL,NULL,NULL,NULL,NULL),('RULACT-68ca73a4:142c149a9bf:-7c42','RACT-68ca73a4:142c149a9bf:-7c44','ACTPARAM367174cc:141a62bd0d8:18c4',NULL,NULL,NULL,NULL,NULL,NULL,NULL,'NUM_EMPLOYEE_MALE','NUM_EMPLOYEE_MALE',NULL,NULL),('RULACT-68ca73a4:142c149a9bf:-7c43','RACT-68ca73a4:142c149a9bf:-7c44','ACTPARAM-42dc4039:141afcf5119:-7e59',NULL,NULL,NULL,NULL,NULL,NULL,NULL,NULL,NULL,NULL,NULL),('RULACT-68ca73a4:142c149a9bf:-7c62','RACT-68ca73a4:142c149a9bf:-7c66','ACTPARAM32f8a876:142b75093c5:-7238',NULL,NULL,NULL,NULL,NULL,NULL,NULL,NULL,NULL,NULL,NULL),('RULACT-68ca73a4:142c149a9bf:-7c63','RACT-68ca73a4:142c149a9bf:-7c66','ACTPARAM7c61bd6d:1423fce917f:-7e73',NULL,NULL,NULL,NULL,NULL,NULL,NULL,NULL,NULL,NULL,NULL),('RULACT-68ca73a4:142c149a9bf:-7c64','RACT-68ca73a4:142c149a9bf:-7c66','ACTPARAM367174cc:141a62bd0d8:18c4',NULL,NULL,NULL,NULL,NULL,NULL,NULL,'NUM_EMPLOYEE_FEMALE','NUM_EMPLOYEE_FEMALE',NULL,NULL),('RULACT-68ca73a4:142c149a9bf:-7c65','RACT-68ca73a4:142c149a9bf:-7c66','ACTPARAM-42dc4039:141afcf5119:-7e59',NULL,NULL,NULL,NULL,NULL,NULL,NULL,NULL,NULL,NULL,NULL),('RULACT-68ca73a4:142c149a9bf:-7c84','RACT-68ca73a4:142c149a9bf:-7c88','ACTPARAM32f8a876:142b75093c5:-7238',NULL,NULL,NULL,NULL,NULL,NULL,NULL,NULL,NULL,NULL,NULL),('RULACT-68ca73a4:142c149a9bf:-7c85','RACT-68ca73a4:142c149a9bf:-7c88','ACTPARAM7c61bd6d:1423fce917f:-7e73',NULL,NULL,NULL,NULL,NULL,NULL,NULL,NULL,NULL,NULL,NULL),('RULACT-68ca73a4:142c149a9bf:-7c86','RACT-68ca73a4:142c149a9bf:-7c88','ACTPARAM367174cc:141a62bd0d8:18c4',NULL,NULL,NULL,NULL,NULL,NULL,NULL,'NUM_EMPLOYEE_RESIDENT','NUM_EMPLOYEE_RESIDENT',NULL,NULL),('RULACT-68ca73a4:142c149a9bf:-7c87','RACT-68ca73a4:142c149a9bf:-7c88','ACTPARAM-42dc4039:141afcf5119:-7e59',NULL,NULL,NULL,NULL,NULL,NULL,NULL,NULL,NULL,NULL,NULL),('RULACT-72a9958a:141e4770339:-63f9','RACT-72a9958a:141e4770339:-63fb','ACTPARAM208348b4:141e2d2bd58:-7cb4',NULL,NULL,'RCOND-72a9958a:141e4770339:-6684','RL',NULL,NULL,NULL,NULL,NULL,NULL,NULL),('RULACT-72a9958a:141e4770339:-63fa','RACT-72a9958a:141e4770339:-63fb','ACTPARAM208348b4:141e2d2bd58:-7cad',NULL,NULL,NULL,NULL,'SEF * 0.10','expression',NULL,NULL,NULL,NULL,NULL),('RULACT-72a9958a:141e4770339:-6440','RACT-72a9958a:141e4770339:-6442','ACTPARAM208348b4:141e2d2bd58:-7de2',NULL,NULL,'RCOND-72a9958a:141e4770339:-6684','RL',NULL,NULL,NULL,NULL,NULL,NULL,NULL),('RULACT-72a9958a:141e4770339:-6441','RACT-72a9958a:141e4770339:-6442','ACTPARAM208348b4:141e2d2bd58:-7ddb',NULL,NULL,NULL,NULL,'BASIC * 0.10','expression',NULL,NULL,NULL,NULL,NULL),('RULACT-72a9958a:141e4770339:-7661','RACT-72a9958a:141e4770339:-7663','ACTPARAM208348b4:141e2d2bd58:-7cb4',NULL,NULL,'RCOND-72a9958a:141e4770339:-7a15','RL',NULL,NULL,NULL,NULL,NULL,NULL,NULL),('RULACT-72a9958a:141e4770339:-7662','RACT-72a9958a:141e4770339:-7663','ACTPARAM208348b4:141e2d2bd58:-7cad',NULL,NULL,NULL,NULL,'SEF * 0.10','expression',NULL,NULL,NULL,NULL,NULL),('RULACT-72a9958a:141e4770339:-76a8','RACT-72a9958a:141e4770339:-76aa','ACTPARAM208348b4:141e2d2bd58:-7de2',NULL,NULL,'RCOND-72a9958a:141e4770339:-7a15','RL',NULL,NULL,NULL,NULL,NULL,NULL,NULL),('RULACT-72a9958a:141e4770339:-76a9','RACT-72a9958a:141e4770339:-76aa','ACTPARAM208348b4:141e2d2bd58:-7ddb',NULL,NULL,NULL,NULL,'BASIC * 0.10','expression',NULL,NULL,NULL,NULL,NULL),('RULACT-72a9958a:141e4770339:-7ac9','RACT-72a9958a:141e4770339:-7acc','ACTPARAM208348b4:141e2d2bd58:-7d18',NULL,NULL,'RCOND-72a9958a:141e4770339:-7f00','RL',NULL,NULL,NULL,NULL,NULL,NULL,NULL),('RULACT-72a9958a:141e4770339:-7aca','RACT-72a9958a:141e4770339:-7acc','ACTPARAM208348b4:141e2d2bd58:-7d05',NULL,NULL,NULL,NULL,'SEF * NMON * 0.02','expression',NULL,NULL,NULL,NULL,NULL),('RULACT-72a9958a:141e4770339:-7acb','RACT-72a9958a:141e4770339:-7acc','ACTPARAM208348b4:141e2d2bd58:-7cfe',NULL,NULL,NULL,NULL,NULL,NULL,NULL,'REVITEM-1c2fcd63:140c2c7c557:-7f70','SEF CURRENT INTEREST',NULL,NULL),('RULACT-72a9958a:141e4770339:-7bd5','RACT-72a9958a:141e4770339:-7bd8','ACTPARAM208348b4:141e2d2bd58:-7e5a',NULL,NULL,'RCOND-72a9958a:141e4770339:-7f00','RL',NULL,NULL,NULL,NULL,NULL,NULL,NULL),('RULACT-72a9958a:141e4770339:-7bd6','RACT-72a9958a:141e4770339:-7bd8','ACTPARAM208348b4:141e2d2bd58:-7e53',NULL,NULL,NULL,NULL,'BASIC * NMON * 0.02','expression',NULL,NULL,NULL,NULL,NULL),('RULACT-72a9958a:141e4770339:-7bd7','RACT-72a9958a:141e4770339:-7bd8','ACTPARAM208348b4:141e2d2bd58:-7e4c',NULL,NULL,NULL,NULL,NULL,NULL,NULL,'REVITEM217a91b:1409e6ae44e:-7faa','RPT BASIC CURRENT INTEREST',NULL,NULL),('RULACT-738e3cc6:14459101d11:-7968','RACT-738e3cc6:14459101d11:-796b','ACTPARAM-738e3cc6:14459101d11:-7f43',NULL,NULL,NULL,NULL,NULL,NULL,NULL,'REVITEM217a91b:1409e6ae44e:-7eb6','INTEREST ON BUSINESS',NULL,NULL),('RULACT-738e3cc6:14459101d11:-7969','RACT-738e3cc6:14459101d11:-796b','ACTPARAM-66879e9a:1422b236b58:-7b40',NULL,NULL,NULL,NULL,'double interest = 0.02 * (@MONTHDIFF( BEGINQDATE , BILLDATE ) + 1);\nreturn (AMTDUE +SURCHRGE) * @IIF( interest > 0.72 ,0.72 , interest );','expression',NULL,NULL,NULL,NULL,NULL),('RULACT-738e3cc6:14459101d11:-796a','RACT-738e3cc6:14459101d11:-796b','ACTPARAM-66879e9a:1422b236b58:-7b47',NULL,NULL,'RCOND-3dc4dd90:14451e4a9d5:-6b1c','RF',NULL,NULL,NULL,NULL,NULL,NULL,NULL),('RULACT-738e3cc6:14459101d11:-7b1f','RACT-738e3cc6:14459101d11:-7b22','ACTPARAM-738e3cc6:14459101d11:-7f43',NULL,NULL,NULL,NULL,NULL,NULL,NULL,'REVITEM217a91b:1409e6ae44e:-7eb6','INTEREST ON BUSINESS',NULL,NULL),('RULACT-738e3cc6:14459101d11:-7b20','RACT-738e3cc6:14459101d11:-7b22','ACTPARAM-66879e9a:1422b236b58:-7b40',NULL,NULL,NULL,NULL,'double d = 0.02 * (@MONTHDIFF( BEGINQTRDATE , BILLDATE ) + 1);\nreturn (AMTDUE + SURCHRG) * @IIF( d > 0.72 ,0.72 , d );','expression',NULL,NULL,NULL,NULL,NULL),('RULACT-738e3cc6:14459101d11:-7b21','RACT-738e3cc6:14459101d11:-7b22','ACTPARAM-66879e9a:1422b236b58:-7b47',NULL,NULL,'RCOND-3dc4dd90:14451e4a9d5:-6e9e','BT',NULL,NULL,NULL,NULL,NULL,NULL,NULL),('RULACT-738e3cc6:14459101d11:-7d1a','RACT-738e3cc6:14459101d11:-7d1d','ACTPARAM-738e3cc6:14459101d11:-7f63',NULL,NULL,NULL,NULL,NULL,NULL,NULL,'REVITEM217a91b:1409e6ae44e:-7eb1','SURCHARGE ON BUSINESS',NULL,NULL),('RULACT-738e3cc6:14459101d11:-7d1b','RACT-738e3cc6:14459101d11:-7d1d','ACTPARAM7ee0ab5e:141b6a15885:-7f4c',NULL,NULL,NULL,NULL,'AMTDUE * 0.25','expression',NULL,NULL,NULL,NULL,NULL),('RULACT-738e3cc6:14459101d11:-7d1c','RACT-738e3cc6:14459101d11:-7d1d','ACTPARAM-66879e9a:1422b236b58:-7ca9',NULL,NULL,'RCOND44624045:143fad5bbe3:-49af','RF',NULL,NULL,NULL,NULL,NULL,NULL,NULL),('RULACT-738e3cc6:14459101d11:-7d9a','RACT-738e3cc6:14459101d11:-7d9d','ACTPARAM-738e3cc6:14459101d11:-7f63',NULL,NULL,NULL,NULL,NULL,NULL,NULL,'REVITEM217a91b:1409e6ae44e:-7eb1','SURCHARGE ON BUSINESS',NULL,NULL),('RULACT-738e3cc6:14459101d11:-7d9b','RACT-738e3cc6:14459101d11:-7d9d','ACTPARAM7ee0ab5e:141b6a15885:-7f4c',NULL,NULL,NULL,NULL,'AMTDUE * 0.25','expression',NULL,NULL,NULL,NULL,NULL),('RULACT-738e3cc6:14459101d11:-7d9c','RACT-738e3cc6:14459101d11:-7d9d','ACTPARAM-66879e9a:1422b236b58:-7ca9',NULL,NULL,'RCOND44624045:143fad5bbe3:-4ef4','RF',NULL,NULL,NULL,NULL,NULL,NULL,NULL),('RULACT-738e3cc6:14459101d11:-7e20','RACT-738e3cc6:14459101d11:-7e23','ACTPARAM-738e3cc6:14459101d11:-7f63',NULL,NULL,NULL,NULL,NULL,NULL,NULL,'REVITEM217a91b:1409e6ae44e:-7eb1','SURCHARGE ON BUSINESS',NULL,NULL),('RULACT-738e3cc6:14459101d11:-7e21','RACT-738e3cc6:14459101d11:-7e23','ACTPARAM7ee0ab5e:141b6a15885:-7f4c',NULL,NULL,NULL,NULL,'AMT * 0.25','expression',NULL,NULL,NULL,NULL,NULL),('RULACT-738e3cc6:14459101d11:-7e22','RACT-738e3cc6:14459101d11:-7e23','ACTPARAM-66879e9a:1422b236b58:-7ca9',NULL,NULL,'RCOND-4fd26d3d:142fa7a65f9:-7124','BT',NULL,NULL,NULL,NULL,NULL,NULL,NULL),('RULACT-7c13908b:1435065d2a1:-5c3f','RACT-7c13908b:1435065d2a1:-5c42','ACTPARAM208348b4:141e2d2bd58:-7d59',NULL,NULL,'RCOND-7c13908b:1435065d2a1:-661a','RL',NULL,NULL,NULL,NULL,NULL,NULL,NULL),('RULACT-7c13908b:1435065d2a1:-5c40','RACT-7c13908b:1435065d2a1:-5c42','ACTPARAM208348b4:141e2d2bd58:-7d52',NULL,NULL,NULL,NULL,'AV * 0.01','expression',NULL,NULL,NULL,NULL,NULL),('RULACT-7c13908b:1435065d2a1:-5c41','RACT-7c13908b:1435065d2a1:-5c42','ACTPARAM208348b4:141e2d2bd58:-7d4b',NULL,NULL,NULL,NULL,NULL,NULL,NULL,'REVITEM-1c2fcd63:140c2c7c557:-7f79','RPT SEF PRIOR YEAR/S',NULL,NULL),('RULACT-7c13908b:1435065d2a1:-5ce9','RACT-7c13908b:1435065d2a1:-5ced','ACTPARAM17d6e7ce:141df4b60c2:-7b8d',NULL,NULL,'RCOND-7c13908b:1435065d2a1:-661a','RL',NULL,NULL,NULL,NULL,NULL,NULL,NULL),('RULACT-7c13908b:1435065d2a1:-5cea','RACT-7c13908b:1435065d2a1:-5ced','ACTPARAM17d6e7ce:141df4b60c2:-7b86',NULL,NULL,NULL,NULL,'AV * 0.0125','expression',NULL,NULL,NULL,NULL,NULL),('RULACT-7c13908b:1435065d2a1:-5ceb','RACT-7c13908b:1435065d2a1:-5ced','ACTPARAM17d6e7ce:141df4b60c2:-7b7f',NULL,NULL,NULL,NULL,NULL,NULL,NULL,'REVITEM217a91b:1409e6ae44e:-7faf','RPT BASIC PRIOR YEAR/S',NULL,NULL),('RULACT-7c13908b:1435065d2a1:-5cec','RACT-7c13908b:1435065d2a1:-5ced','ACTPARAM17d6e7ce:141df4b60c2:-7b72',NULL,NULL,NULL,NULL,NULL,NULL,NULL,'previous','previous',NULL,NULL),('RULACT-7e9d4ac4:1421b9d7ba4:-79b0','RACT-7e9d4ac4:1421b9d7ba4:-79b2','ACTPARAM208348b4:141e2d2bd58:-7cb4',NULL,NULL,'RCOND-7e9d4ac4:1421b9d7ba4:-7c48','RL',NULL,NULL,NULL,NULL,NULL,NULL,NULL),('RULACT-7e9d4ac4:1421b9d7ba4:-79b1','RACT-7e9d4ac4:1421b9d7ba4:-79b2','ACTPARAM208348b4:141e2d2bd58:-7cad',NULL,NULL,NULL,NULL,'SEF * 0.15','expression',NULL,NULL,NULL,NULL,NULL),('RULACT-7e9d4ac4:1421b9d7ba4:-7a0c','RACT-7e9d4ac4:1421b9d7ba4:-7a0e','ACTPARAM208348b4:141e2d2bd58:-7de2',NULL,NULL,'RCOND-7e9d4ac4:1421b9d7ba4:-7c48','RL',NULL,NULL,NULL,NULL,NULL,NULL,NULL),('RULACT-7e9d4ac4:1421b9d7ba4:-7a0d','RACT-7e9d4ac4:1421b9d7ba4:-7a0e','ACTPARAM208348b4:141e2d2bd58:-7ddb',NULL,NULL,NULL,NULL,'BASIC * 0.15','expression',NULL,NULL,NULL,NULL,NULL),('RULACT1dc7a3de:142b70df9f8:-7ebe','RACT1dc7a3de:142b70df9f8:-7ec1','ACTPARAM-67ecfd73:141f2b84ce7:-79b7',NULL,NULL,NULL,NULL,'NUM_EMPLOYEE_FEMALE + NUM_EMPLOYEE_MALE','expression',NULL,NULL,NULL,NULL,NULL),('RULACT1dc7a3de:142b70df9f8:-7ebf','RACT1dc7a3de:142b70df9f8:-7ec1','ACTPARAM-67ecfd73:141f2b84ce7:-7a33',NULL,NULL,NULL,NULL,NULL,NULL,NULL,'NUM_EMPLOYEE','NUM_EMPLOYEE',NULL,NULL),('RULACT1dc7a3de:142b70df9f8:-7ec0','RACT1dc7a3de:142b70df9f8:-7ec1','ACTPARAM-67ecfd73:141f2b84ce7:-7b4c',NULL,NULL,NULL,NULL,NULL,NULL,NULL,NULL,NULL,NULL,NULL),('RULACT270217d9:143576614a1:-793c','RACT270217d9:143576614a1:-793f','ACTPARAM208348b4:141e2d2bd58:-7d59',NULL,NULL,'RCOND270217d9:143576614a1:-7c0e','RL',NULL,NULL,NULL,NULL,NULL,NULL,NULL),('RULACT270217d9:143576614a1:-793d','RACT270217d9:143576614a1:-793f','ACTPARAM208348b4:141e2d2bd58:-7d52',NULL,NULL,NULL,NULL,'( (AV2013 / 4.0) + ( AV - (AV2013 / 4.0) ) * 0.60 ) * 0.01','expression',NULL,NULL,NULL,NULL,NULL),('RULACT270217d9:143576614a1:-793e','RACT270217d9:143576614a1:-793f','ACTPARAM208348b4:141e2d2bd58:-7d4b',NULL,NULL,NULL,NULL,NULL,NULL,NULL,'REVITEM-1c2fcd63:140c2c7c557:-7f81','RPT SEF CURRENT',NULL,NULL),('RULACT270217d9:143576614a1:-79d3','RACT270217d9:143576614a1:-79d7','ACTPARAM17d6e7ce:141df4b60c2:-7b8d',NULL,NULL,'RCOND270217d9:143576614a1:-7c0e','RL',NULL,NULL,NULL,NULL,NULL,NULL,NULL),('RULACT270217d9:143576614a1:-79d4','RACT270217d9:143576614a1:-79d7','ACTPARAM17d6e7ce:141df4b60c2:-7b86',NULL,NULL,NULL,NULL,'( (AV2013 / 4.0) + ( AV - (AV2013 / 4.0) ) * 0.60 ) * 0.01375','expression',NULL,NULL,NULL,NULL,NULL),('RULACT270217d9:143576614a1:-79d5','RACT270217d9:143576614a1:-79d7','ACTPARAM17d6e7ce:141df4b60c2:-7b7f',NULL,NULL,NULL,NULL,NULL,NULL,NULL,'REVITEM217a91b:1409e6ae44e:-7fb4','RPT BASIC CURRENT',NULL,NULL),('RULACT270217d9:143576614a1:-79d6','RACT270217d9:143576614a1:-79d7','ACTPARAM17d6e7ce:141df4b60c2:-7b72',NULL,NULL,NULL,NULL,NULL,NULL,NULL,'current','current',NULL,NULL),('RULACT270217d9:143576614a1:-7cae','RACT270217d9:143576614a1:-7cb2','ACTPARAM17d6e7ce:141df4b60c2:-7b8d',NULL,NULL,'RCOND270217d9:143576614a1:-7f4d','RL',NULL,NULL,NULL,NULL,NULL,NULL,NULL),('RULACT270217d9:143576614a1:-7caf','RACT270217d9:143576614a1:-7cb2','ACTPARAM17d6e7ce:141df4b60c2:-7b86',NULL,NULL,NULL,NULL,'( (AV2013 / 4.0) + ( AV - (AV2013 / 4.0) ) * 0.30 ) * 0.01375','expression',NULL,NULL,NULL,NULL,NULL),('RULACT270217d9:143576614a1:-7cb0','RACT270217d9:143576614a1:-7cb2','ACTPARAM17d6e7ce:141df4b60c2:-7b7f',NULL,NULL,NULL,NULL,NULL,NULL,NULL,'REVITEM217a91b:1409e6ae44e:-7fb4','RPT BASIC CURRENT',NULL,NULL),('RULACT270217d9:143576614a1:-7cb1','RACT270217d9:143576614a1:-7cb2','ACTPARAM17d6e7ce:141df4b60c2:-7b72',NULL,NULL,NULL,NULL,NULL,NULL,NULL,'current','current',NULL,NULL),('RULACT270217d9:143576614a1:-7cfd','RACT270217d9:143576614a1:-7d00','ACTPARAM208348b4:141e2d2bd58:-7d59',NULL,NULL,'RCOND270217d9:143576614a1:-7f4d','RL',NULL,NULL,NULL,NULL,NULL,NULL,NULL),('RULACT270217d9:143576614a1:-7cfe','RACT270217d9:143576614a1:-7d00','ACTPARAM208348b4:141e2d2bd58:-7d52',NULL,NULL,NULL,NULL,'( (AV2013 / 4.0) + ( AV - (AV2013 / 4.0) ) * 0.30 ) * 0.01','expression',NULL,NULL,NULL,NULL,NULL),('RULACT270217d9:143576614a1:-7cff','RACT270217d9:143576614a1:-7d00','ACTPARAM208348b4:141e2d2bd58:-7d4b',NULL,NULL,NULL,NULL,NULL,NULL,NULL,'REVITEM-1c2fcd63:140c2c7c557:-7f81','RPT SEF CURRENT',NULL,NULL),('RULACT29ba689e:144612b8ef4:-7a8f','RACT29ba689e:144612b8ef4:-7a92','ACTPARAM208348b4:141e2d2bd58:-7d18',NULL,NULL,'RCOND29ba689e:144612b8ef4:-7db3','RL',NULL,NULL,NULL,NULL,NULL,NULL,NULL),('RULACT29ba689e:144612b8ef4:-7a90','RACT29ba689e:144612b8ef4:-7a92','ACTPARAM208348b4:141e2d2bd58:-7d05',NULL,NULL,NULL,NULL,'0.0','expression',NULL,NULL,NULL,NULL,NULL),('RULACT29ba689e:144612b8ef4:-7a91','RACT29ba689e:144612b8ef4:-7a92','ACTPARAM208348b4:141e2d2bd58:-7cfe',NULL,NULL,NULL,NULL,NULL,NULL,NULL,'REVITEM-1c2fcd63:140c2c7c557:-7f6c','RPT SEF PENALTY PRIOR YEAR/S',NULL,NULL),('RULACT29ba689e:144612b8ef4:-7b05','RACT29ba689e:144612b8ef4:-7b08','ACTPARAM208348b4:141e2d2bd58:-7e5a',NULL,NULL,'RCOND29ba689e:144612b8ef4:-7db3','RL',NULL,NULL,NULL,NULL,NULL,NULL,NULL),('RULACT29ba689e:144612b8ef4:-7b06','RACT29ba689e:144612b8ef4:-7b08','ACTPARAM208348b4:141e2d2bd58:-7e53',NULL,NULL,NULL,NULL,'0.0','expression',NULL,NULL,NULL,NULL,NULL),('RULACT29ba689e:144612b8ef4:-7b07','RACT29ba689e:144612b8ef4:-7b08','ACTPARAM208348b4:141e2d2bd58:-7e4c',NULL,NULL,NULL,NULL,NULL,NULL,NULL,'REVITEM217a91b:1409e6ae44e:-7fa6','RPT BASIC PENALTY PRIOR YEAR/S',NULL,NULL),('RULACT35d5ad64:142c5cb42d2:-7f18','RACT35d5ad64:142c5cb42d2:-7f1c','ACTPARAM32f8a876:142b75093c5:-7238',NULL,NULL,NULL,NULL,NULL,NULL,NULL,NULL,NULL,NULL,NULL),('RULACT35d5ad64:142c5cb42d2:-7f19','RACT35d5ad64:142c5cb42d2:-7f1c','ACTPARAM7c61bd6d:1423fce917f:-7e73',NULL,NULL,NULL,NULL,NULL,NULL,NULL,NULL,NULL,NULL,NULL),('RULACT35d5ad64:142c5cb42d2:-7f1a','RACT35d5ad64:142c5cb42d2:-7f1c','ACTPARAM367174cc:141a62bd0d8:18c4',NULL,NULL,NULL,NULL,NULL,NULL,NULL,'AREA_SQM','AREA_SQM',NULL,NULL),('RULACT35d5ad64:142c5cb42d2:-7f1b','RACT35d5ad64:142c5cb42d2:-7f1c','ACTPARAM-42dc4039:141afcf5119:-7e59',NULL,NULL,NULL,NULL,NULL,NULL,NULL,NULL,NULL,NULL,NULL),('RULACT441bb08f:1436c079bff:-6c2d','RACT441bb08f:1436c079bff:-6c30','ACTPARAM441bb08f:1436c079bff:-7697',NULL,NULL,NULL,NULL,'( BASICINT - BASICINTPAID ) *  0.30','expression',NULL,NULL,NULL,NULL,NULL),('RULACT441bb08f:1436c079bff:-6c2d-0002','RACT441bb08f:1436c079bff:-6c30-0002','ACTPARAM441bb08f:1436c079bff:-7697',NULL,NULL,NULL,NULL,'(BASICINT - BASICINTPAID) *  0.30','expression',NULL,NULL,NULL,NULL,NULL),('RULACT441bb08f:1436c079bff:-6c2d-0003','RACT441bb08f:1436c079bff:-6c30-0003','ACTPARAM441bb08f:1436c079bff:-7697',NULL,NULL,NULL,NULL,'(BASICINT - BASICINTPAID) *  0.30','expression',NULL,NULL,NULL,NULL,NULL),('RULACT441bb08f:1436c079bff:-6c2d-0004','RACT441bb08f:1436c079bff:-6c30-0004','ACTPARAM441bb08f:1436c079bff:-7697',NULL,NULL,NULL,NULL,'(BASICINT - BASICINTPAID) *  0.30','expression',NULL,NULL,NULL,NULL,NULL),('RULACT441bb08f:1436c079bff:-6c2d-0005','RACT441bb08f:1436c079bff:-6c30-0005','ACTPARAM441bb08f:1436c079bff:-7697',NULL,NULL,NULL,NULL,'(BASICINT - BASICINTPAID) *  0.30','expression',NULL,NULL,NULL,NULL,NULL),('RULACT441bb08f:1436c079bff:-6c2d-0006','RACT441bb08f:1436c079bff:-6c30-0006','ACTPARAM441bb08f:1436c079bff:-7697',NULL,NULL,NULL,NULL,'(BASICINT - BASICINTPAID) *  0.30','expression',NULL,NULL,NULL,NULL,NULL),('RULACT441bb08f:1436c079bff:-6c2d-0007','RACT441bb08f:1436c079bff:-6c30-0007','ACTPARAM441bb08f:1436c079bff:-7697',NULL,NULL,NULL,NULL,'(BASICINT - BASICINTPAID) *  0.30','expression',NULL,NULL,NULL,NULL,NULL),('RULACT441bb08f:1436c079bff:-6c2d-0008','RACT441bb08f:1436c079bff:-6c30-0008','ACTPARAM441bb08f:1436c079bff:-7697',NULL,NULL,NULL,NULL,'(BASICINT - BASICINTPAID) *  0.30','expression',NULL,NULL,NULL,NULL,NULL),('RULACT441bb08f:1436c079bff:-6c2d-0009','RACT441bb08f:1436c079bff:-6c30-0009','ACTPARAM441bb08f:1436c079bff:-7697',NULL,NULL,NULL,NULL,'(BASICINT - BASICINTPAID) *  0.30','expression',NULL,NULL,NULL,NULL,NULL),('RULACT441bb08f:1436c079bff:-6c2d-0010','RACT441bb08f:1436c079bff:-6c30-0010','ACTPARAM441bb08f:1436c079bff:-7697',NULL,NULL,NULL,NULL,'(BASICINT - BASICINTPAID) *  0.30','expression',NULL,NULL,NULL,NULL,NULL),('RULACT441bb08f:1436c079bff:-6c2d-0011','RACT441bb08f:1436c079bff:-6c30-0011','ACTPARAM441bb08f:1436c079bff:-7697',NULL,NULL,NULL,NULL,'(BASICINT - BASICINTPAID) *  0.30','expression',NULL,NULL,NULL,NULL,NULL),('RULACT441bb08f:1436c079bff:-6c2d-0012','RACT441bb08f:1436c079bff:-6c30-0012','ACTPARAM441bb08f:1436c079bff:-7697',NULL,NULL,NULL,NULL,'(BASICINT - BASICINTPAID) *  0.30','expression',NULL,NULL,NULL,NULL,NULL),('RULACT441bb08f:1436c079bff:-6c2d-0013','RACT441bb08f:1436c079bff:-6c30-0013','ACTPARAM441bb08f:1436c079bff:-7697',NULL,NULL,NULL,NULL,'(BASICINT - BASICINTPAID) *  0.30','expression',NULL,NULL,NULL,NULL,NULL),('RULACT441bb08f:1436c079bff:-6c2d-0014','RACT441bb08f:1436c079bff:-6c30-0014','ACTPARAM441bb08f:1436c079bff:-7697',NULL,NULL,NULL,NULL,'(BASICINT - BASICINTPAID) *  0.30','expression',NULL,NULL,NULL,NULL,NULL),('RULACT441bb08f:1436c079bff:-6c2d-0015','RACT441bb08f:1436c079bff:-6c30-0015','ACTPARAM441bb08f:1436c079bff:-7697',NULL,NULL,NULL,NULL,'(BASICINT - BASICINTPAID) *  0.30','expression',NULL,NULL,NULL,NULL,NULL),('RULACT441bb08f:1436c079bff:-6c2d-0016','RACT441bb08f:1436c079bff:-6c30-0016','ACTPARAM441bb08f:1436c079bff:-7697',NULL,NULL,NULL,NULL,'(BASICINT - BASICINTPAID) *  0.30','expression',NULL,NULL,NULL,NULL,NULL),('RULACT441bb08f:1436c079bff:-6c2d-0017','RACT441bb08f:1436c079bff:-6c30-0017','ACTPARAM441bb08f:1436c079bff:-7697',NULL,NULL,NULL,NULL,'(BASICINT - BASICINTPAID) *  0.30','expression',NULL,NULL,NULL,NULL,NULL),('RULACT441bb08f:1436c079bff:-6c2d-0018','RACT441bb08f:1436c079bff:-6c30-0018','ACTPARAM441bb08f:1436c079bff:-7697',NULL,NULL,NULL,NULL,'(BASICINT - BASICINTPAID) *  0.30','expression',NULL,NULL,NULL,NULL,NULL),('RULACT441bb08f:1436c079bff:-6c2d-0019','RACT441bb08f:1436c079bff:-6c30-0019','ACTPARAM441bb08f:1436c079bff:-7697',NULL,NULL,NULL,NULL,'(BASICINT - BASICINTPAID) *  0.30','expression',NULL,NULL,NULL,NULL,NULL),('RULACT441bb08f:1436c079bff:-6c2d-0020','RACT441bb08f:1436c079bff:-6c30-0020','ACTPARAM441bb08f:1436c079bff:-7697',NULL,NULL,NULL,NULL,'(BASICINT - BASICINTPAID) *  0.30','expression',NULL,NULL,NULL,NULL,NULL),('RULACT441bb08f:1436c079bff:-6c2d-0021','RACT441bb08f:1436c079bff:-6c30-0021','ACTPARAM441bb08f:1436c079bff:-7697',NULL,NULL,NULL,NULL,'(BASICINT - BASICINTPAID) *  0.30','expression',NULL,NULL,NULL,NULL,NULL),('RULACT441bb08f:1436c079bff:-6c2d-0022','RACT441bb08f:1436c079bff:-6c30-0022','ACTPARAM441bb08f:1436c079bff:-7697',NULL,NULL,NULL,NULL,'(BASICINT - BASICINTPAID) *  0.30','expression',NULL,NULL,NULL,NULL,NULL),('RULACT441bb08f:1436c079bff:-6c2d-0023','RACT441bb08f:1436c079bff:-6c30-0023','ACTPARAM441bb08f:1436c079bff:-7697',NULL,NULL,NULL,NULL,'(BASICINT - BASICINTPAID) *  0.30','expression',NULL,NULL,NULL,NULL,NULL),('RULACT441bb08f:1436c079bff:-6c2d-0024','RACT441bb08f:1436c079bff:-6c30-0024','ACTPARAM441bb08f:1436c079bff:-7697',NULL,NULL,NULL,NULL,'(BASICINT - BASICINTPAID) *  0.30','expression',NULL,NULL,NULL,NULL,NULL),('RULACT441bb08f:1436c079bff:-6c2d-0025','RACT441bb08f:1436c079bff:-6c30-0025','ACTPARAM441bb08f:1436c079bff:-7697',NULL,NULL,NULL,NULL,'(BASICINT - BASICINTPAID) *  0.30','expression',NULL,NULL,NULL,NULL,NULL),('RULACT441bb08f:1436c079bff:-6c2d-0026','RACT441bb08f:1436c079bff:-6c30-0026','ACTPARAM441bb08f:1436c079bff:-7697',NULL,NULL,NULL,NULL,'(BASICINT - BASICINTPAID) *  0.30','expression',NULL,NULL,NULL,NULL,NULL),('RULACT441bb08f:1436c079bff:-6c2d-0027','RACT441bb08f:1436c079bff:-6c30-0027','ACTPARAM441bb08f:1436c079bff:-7697',NULL,NULL,NULL,NULL,'(BASICINT - BASICINTPAID) *  0.30','expression',NULL,NULL,NULL,NULL,NULL),('RULACT441bb08f:1436c079bff:-6c2d-0028','RACT441bb08f:1436c079bff:-6c30-0028','ACTPARAM441bb08f:1436c079bff:-7697',NULL,NULL,NULL,NULL,'(BASICINT - BASICINTPAID) *  0.30','expression',NULL,NULL,NULL,NULL,NULL),('RULACT441bb08f:1436c079bff:-6c2d-0029','RACT441bb08f:1436c079bff:-6c30-0029','ACTPARAM441bb08f:1436c079bff:-7697',NULL,NULL,NULL,NULL,'(BASICINT - BASICINTPAID) *  0.30','expression',NULL,NULL,NULL,NULL,NULL),('RULACT441bb08f:1436c079bff:-6c2d-0030','RACT441bb08f:1436c079bff:-6c30-0030','ACTPARAM441bb08f:1436c079bff:-7697',NULL,NULL,NULL,NULL,'(BASICINT - BASICINTPAID) *  0.30','expression',NULL,NULL,NULL,NULL,NULL),('RULACT441bb08f:1436c079bff:-6c2d-0031','RACT441bb08f:1436c079bff:-6c30-0031','ACTPARAM441bb08f:1436c079bff:-7697',NULL,NULL,NULL,NULL,'(BASICINT - BASICINTPAID) *  0.30','expression',NULL,NULL,NULL,NULL,NULL),('RULACT441bb08f:1436c079bff:-6c2d-0032','RACT441bb08f:1436c079bff:-6c30-0032','ACTPARAM441bb08f:1436c079bff:-7697',NULL,NULL,NULL,NULL,'(BASICINT - BASICINTPAID) *  0.30','expression',NULL,NULL,NULL,NULL,NULL),('RULACT441bb08f:1436c079bff:-6c2d-0033','RACT441bb08f:1436c079bff:-6c30-0033','ACTPARAM441bb08f:1436c079bff:-7697',NULL,NULL,NULL,NULL,'(BASICINT - BASICINTPAID) *  0.30','expression',NULL,NULL,NULL,NULL,NULL),('RULACT441bb08f:1436c079bff:-6c2d-0034','RACT441bb08f:1436c079bff:-6c30-0034','ACTPARAM441bb08f:1436c079bff:-7697',NULL,NULL,NULL,NULL,'(BASICINT - BASICINTPAID) *  0.30','expression',NULL,NULL,NULL,NULL,NULL),('RULACT441bb08f:1436c079bff:-6c2d-0035','RACT441bb08f:1436c079bff:-6c30-0035','ACTPARAM441bb08f:1436c079bff:-7697',NULL,NULL,NULL,NULL,'(BASICINT - BASICINTPAID) *  0.30','expression',NULL,NULL,NULL,NULL,NULL),('RULACT441bb08f:1436c079bff:-6c2d-0036','RACT441bb08f:1436c079bff:-6c30-0036','ACTPARAM441bb08f:1436c079bff:-7697',NULL,NULL,NULL,NULL,'(BASICINT - BASICINTPAID) *  0.30','expression',NULL,NULL,NULL,NULL,NULL),('RULACT441bb08f:1436c079bff:-6c2d-0037','RACT441bb08f:1436c079bff:-6c30-0037','ACTPARAM441bb08f:1436c079bff:-7697',NULL,NULL,NULL,NULL,'(BASICINT - BASICINTPAID) *  0.30','expression',NULL,NULL,NULL,NULL,NULL),('RULACT441bb08f:1436c079bff:-6c2d-0038','RACT441bb08f:1436c079bff:-6c30-0038','ACTPARAM441bb08f:1436c079bff:-7697',NULL,NULL,NULL,NULL,'(BASICINT - BASICINTPAID) *  0.30','expression',NULL,NULL,NULL,NULL,NULL),('RULACT441bb08f:1436c079bff:-6c2d-0039','RACT441bb08f:1436c079bff:-6c30-0039','ACTPARAM441bb08f:1436c079bff:-7697',NULL,NULL,NULL,NULL,'(BASICINT - BASICINTPAID) *  0.30','expression',NULL,NULL,NULL,NULL,NULL),('RULACT441bb08f:1436c079bff:-6c2d-0040','RACT441bb08f:1436c079bff:-6c30-0040','ACTPARAM441bb08f:1436c079bff:-7697',NULL,NULL,NULL,NULL,'(BASICINT - BASICINTPAID) *  0.30','expression',NULL,NULL,NULL,NULL,NULL),('RULACT441bb08f:1436c079bff:-6c2d-0041','RACT441bb08f:1436c079bff:-6c30-0041','ACTPARAM441bb08f:1436c079bff:-7697',NULL,NULL,NULL,NULL,'(BASICINT - BASICINTPAID) *  0.30','expression',NULL,NULL,NULL,NULL,NULL),('RULACT441bb08f:1436c079bff:-6c2d-0042','RACT441bb08f:1436c079bff:-6c30-0042','ACTPARAM441bb08f:1436c079bff:-7697',NULL,NULL,NULL,NULL,'(BASICINT - BASICINTPAID) *  0.30','expression',NULL,NULL,NULL,NULL,NULL),('RULACT441bb08f:1436c079bff:-6c2d-0043','RACT441bb08f:1436c079bff:-6c30-0043','ACTPARAM441bb08f:1436c079bff:-7697',NULL,NULL,NULL,NULL,'(BASICINT - BASICINTPAID) *  0.30','expression',NULL,NULL,NULL,NULL,NULL),('RULACT441bb08f:1436c079bff:-6c2d-0044','RACT441bb08f:1436c079bff:-6c30-0044','ACTPARAM441bb08f:1436c079bff:-7697',NULL,NULL,NULL,NULL,'(BASICINT - BASICINTPAID) *  0.30','expression',NULL,NULL,NULL,NULL,NULL),('RULACT441bb08f:1436c079bff:-6c2e','RACT441bb08f:1436c079bff:-6c30','ACTPARAM441bb08f:1436c079bff:-76a4',NULL,NULL,NULL,NULL,NULL,NULL,NULL,'REVITEM1e022843:141baeeb514:-7070','BRGY. POBLACION RPT SHARE (30%)',NULL,NULL),('RULACT441bb08f:1436c079bff:-6c2e-0002','RACT441bb08f:1436c079bff:-6c30-0002','ACTPARAM441bb08f:1436c079bff:-76a4',NULL,NULL,NULL,NULL,NULL,NULL,NULL,'REVITEM1e022843:141baf35a67:-2bbd','BRGY. ABUNO RPT SHARE (30%)',NULL,NULL),('RULACT441bb08f:1436c079bff:-6c2e-0003','RACT441bb08f:1436c079bff:-6c30-0003','ACTPARAM441bb08f:1436c079bff:-76a4',NULL,NULL,NULL,NULL,NULL,NULL,NULL,'REVITEM1e022843:141baf35a67:670b','BRGY. ACMAC RPT SHARE (30%)',NULL,NULL),('RULACT441bb08f:1436c079bff:-6c2e-0004','RACT441bb08f:1436c079bff:-6c30-0004','ACTPARAM441bb08f:1436c079bff:-76a4',NULL,NULL,NULL,NULL,NULL,NULL,NULL,'REVITEM1e022843:141bb42b11a:b82','BRGY. BAGONG SILANG RPT SHARE (30%)',NULL,NULL),('RULACT441bb08f:1436c079bff:-6c2e-0005','RACT441bb08f:1436c079bff:-6c30-0005','ACTPARAM441bb08f:1436c079bff:-76a4',NULL,NULL,NULL,NULL,NULL,NULL,NULL,'REVITEM1e022843:141bb42b11a:59e2','BRGY. BONBONON RPT SHARE (30%)',NULL,NULL),('RULACT441bb08f:1436c079bff:-6c2e-0006','RACT441bb08f:1436c079bff:-6c30-0006','ACTPARAM441bb08f:1436c079bff:-76a4',NULL,NULL,NULL,NULL,NULL,NULL,NULL,'REVITEM1e022843:141bb476afa:-5af3','BRGY. BUNAWAN RPT SHARE (30%)',NULL,NULL),('RULACT441bb08f:1436c079bff:-6c2e-0007','RACT441bb08f:1436c079bff:-6c30-0007','ACTPARAM441bb08f:1436c079bff:-76a4',NULL,NULL,NULL,NULL,NULL,NULL,NULL,'REVITEM1e022843:141bb476afa:-29f6','BRGY. BURU-UN RPT SHARE (30%)',NULL,NULL),('RULACT441bb08f:1436c079bff:-6c2e-0008','RACT441bb08f:1436c079bff:-6c30-0008','ACTPARAM441bb08f:1436c079bff:-76a4',NULL,NULL,NULL,NULL,NULL,NULL,NULL,'REVITEM1e022843:141bb476afa:-879','BRGY. CABACSANAN RPT SHARE (30%)',NULL,NULL),('RULACT441bb08f:1436c079bff:-6c2e-0009','RACT441bb08f:1436c079bff:-6c30-0009','ACTPARAM441bb08f:1436c079bff:-76a4',NULL,NULL,NULL,NULL,NULL,NULL,NULL,'REVITEM1e022843:141bb476afa:256e','BRGY. DALIPUGA RPT SHARE (30%)',NULL,NULL),('RULACT441bb08f:1436c079bff:-6c2e-0010','RACT441bb08f:1436c079bff:-6c30-0010','ACTPARAM441bb08f:1436c079bff:-76a4',NULL,NULL,NULL,NULL,NULL,NULL,NULL,'REVITEM1e022843:141bb476afa:508a','BRGY. DEL CARMEN RPT SHARE (30%)',NULL,NULL),('RULACT441bb08f:1436c079bff:-6c2e-0011','RACT441bb08f:1436c079bff:-6c30-0011','ACTPARAM441bb08f:1436c079bff:-76a4',NULL,NULL,NULL,NULL,NULL,NULL,NULL,'REVITEM1e022843:141bb4c4cfa:-4ba5','BRGY. DIGKILAAN RPT SHARE (30%)',NULL,NULL),('RULACT441bb08f:1436c079bff:-6c2e-0012','RACT441bb08f:1436c079bff:-6c30-0012','ACTPARAM441bb08f:1436c079bff:-76a4',NULL,NULL,NULL,NULL,NULL,NULL,NULL,'REVITEM1e022843:141bb4c4cfa:-1cd3','BRGY. DITUCALAN RPT SHARE (30%)',NULL,NULL),('RULACT441bb08f:1436c079bff:-6c2e-0013','RACT441bb08f:1436c079bff:-6c30-0013','ACTPARAM441bb08f:1436c079bff:-76a4',NULL,NULL,NULL,NULL,NULL,NULL,NULL,'REVITEM1e022843:141bb4c4cfa:21f3','BRGY. DULAG RPT SHARE (30%)',NULL,NULL),('RULACT441bb08f:1436c079bff:-6c2e-0014','RACT441bb08f:1436c079bff:-6c30-0014','ACTPARAM441bb08f:1436c079bff:-76a4',NULL,NULL,NULL,NULL,NULL,NULL,NULL,'REVITEM1e022843:141bb4c4cfa:6491','BRGY. HINAPLANON RPT SHARE (30%)',NULL,NULL),('RULACT441bb08f:1436c079bff:-6c2e-0015','RACT441bb08f:1436c079bff:-6c30-0015','ACTPARAM441bb08f:1436c079bff:-76a4',NULL,NULL,NULL,NULL,NULL,NULL,NULL,'REVITEM1e022843:141bb51155f:-77fc','BRGY. HINDANG RPT SHARE (30%)',NULL,NULL),('RULACT441bb08f:1436c079bff:-6c2e-0016','RACT441bb08f:1436c079bff:-6c30-0016','ACTPARAM441bb08f:1436c079bff:-76a4',NULL,NULL,NULL,NULL,NULL,NULL,NULL,'REVITEM1e022843:141bb51155f:-4579','BRGY. KALILANGAN RPT SHARE (30%)',NULL,NULL),('RULACT441bb08f:1436c079bff:-6c2e-0017','RACT441bb08f:1436c079bff:-6c30-0017','ACTPARAM441bb08f:1436c079bff:-76a4',NULL,NULL,NULL,NULL,NULL,NULL,NULL,'REVITEM1e022843:141bb51155f:-235f','BRGY.KIWALAN RPT SHARE (30%)',NULL,NULL),('RULACT441bb08f:1436c079bff:-6c2e-0018','RACT441bb08f:1436c079bff:-6c30-0018','ACTPARAM441bb08f:1436c079bff:-76a4',NULL,NULL,NULL,NULL,NULL,NULL,NULL,'REVITEM1e022843:141bb51155f:266','BRGY. LANIPAO RPT SHARE (30%)',NULL,NULL),('RULACT441bb08f:1436c079bff:-6c2e-0019','RACT441bb08f:1436c079bff:-6c30-0019','ACTPARAM441bb08f:1436c079bff:-76a4',NULL,NULL,NULL,NULL,NULL,NULL,NULL,'REVITEM1e022843:141bb51155f:2c41','BRGY. LUINAB RPT SHARE (30%)',NULL,NULL),('RULACT441bb08f:1436c079bff:-6c2e-0020','RACT441bb08f:1436c079bff:-6c30-0020','ACTPARAM441bb08f:1436c079bff:-76a4',NULL,NULL,NULL,NULL,NULL,NULL,NULL,'REVITEM1e022843:141bb51155f:5177','BRGY. MAHAYAHAY RPT SHARE (30%)',NULL,NULL),('RULACT441bb08f:1436c079bff:-6c2e-0021','RACT441bb08f:1436c079bff:-6c30-0021','ACTPARAM441bb08f:1436c079bff:-76a4',NULL,NULL,NULL,NULL,NULL,NULL,NULL,'REVITEM1e022843:141bb51155f:6ef8','BRGY. MAINIT RPT SHARE (30%)',NULL,NULL),('RULACT441bb08f:1436c079bff:-6c2e-0022','RACT441bb08f:1436c079bff:-6c30-0022','ACTPARAM441bb08f:1436c079bff:-76a4',NULL,NULL,NULL,NULL,NULL,NULL,NULL,'REVITEM1e022843:141bb55e9df:-6791','BRGY. MANDULOG RPT SHARE (30%)',NULL,NULL),('RULACT441bb08f:1436c079bff:-6c2e-0023','RACT441bb08f:1436c079bff:-6c30-0023','ACTPARAM441bb08f:1436c079bff:-76a4',NULL,NULL,NULL,NULL,NULL,NULL,NULL,'REVITEM1e022843:141bb55e9df:-43b8','BRGY. MARIA CRISTINA RPT SHARE (30%)',NULL,NULL),('RULACT441bb08f:1436c079bff:-6c2e-0024','RACT441bb08f:1436c079bff:-6c30-0024','ACTPARAM441bb08f:1436c079bff:-76a4',NULL,NULL,NULL,NULL,NULL,NULL,NULL,'REVITEM1e022843:141bb55e9df:1844','BRGY. PALA-O RPT SHARE (30%)',NULL,NULL),('RULACT441bb08f:1436c079bff:-6c2e-0025','RACT441bb08f:1436c079bff:-6c30-0025','ACTPARAM441bb08f:1436c079bff:-76a4',NULL,NULL,NULL,NULL,NULL,NULL,NULL,'REVITEM1e022843:141bb55e9df:3d21','BRGY. PANOROGANAN RPT SHARE (30%)',NULL,NULL),('RULACT441bb08f:1436c079bff:-6c2e-0026','RACT441bb08f:1436c079bff:-6c30-0026','ACTPARAM441bb08f:1436c079bff:-76a4',NULL,NULL,NULL,NULL,NULL,NULL,NULL,'REVITEM1e022843:141bb55e9df:6153','BRGY. PUGA-AN RPT SHARE (30%)',NULL,NULL),('RULACT441bb08f:1436c079bff:-6c2e-0027','RACT441bb08f:1436c079bff:-6c30-0027','ACTPARAM441bb08f:1436c079bff:-76a4',NULL,NULL,NULL,NULL,NULL,NULL,NULL,'REVITEM1e022843:141bb5ad19b:-7849','BRGY. TOMINOBO PROPER RPT SHARE (30%)',NULL,NULL),('RULACT441bb08f:1436c079bff:-6c2e-0028','RACT441bb08f:1436c079bff:-6c30-0028','ACTPARAM441bb08f:1436c079bff:-76a4',NULL,NULL,NULL,NULL,NULL,NULL,NULL,'REVITEM1e022843:141bb5ad19b:-259a','BRGY. ROGONGON RPT SHARE (30%)',NULL,NULL),('RULACT441bb08f:1436c079bff:-6c2e-0029','RACT441bb08f:1436c079bff:-6c30-0029','ACTPARAM441bb08f:1436c079bff:-76a4',NULL,NULL,NULL,NULL,NULL,NULL,NULL,'REVITEM1e022843:141bb5ad19b:-2da','BRGY. SAN MIGUEL RPT SHARE (30%)',NULL,NULL),('RULACT441bb08f:1436c079bff:-6c2e-0030','RACT441bb08f:1436c079bff:-6c30-0030','ACTPARAM441bb08f:1436c079bff:-76a4',NULL,NULL,NULL,NULL,NULL,NULL,NULL,'REVITEM1e022843:141bb5ad19b:1a09','BRGY. SAN ROQUE RPT SHARE (30%)',NULL,NULL),('RULACT441bb08f:1436c079bff:-6c2e-0031','RACT441bb08f:1436c079bff:-6c30-0031','ACTPARAM441bb08f:1436c079bff:-76a4',NULL,NULL,NULL,NULL,NULL,NULL,NULL,'REVITEM1e022843:141bb5ad19b:3a8a','BRGY. SANTIAGO RPT SHARE (30%)',NULL,NULL),('RULACT441bb08f:1436c079bff:-6c2e-0032','RACT441bb08f:1436c079bff:-6c30-0032','ACTPARAM441bb08f:1436c079bff:-76a4',NULL,NULL,NULL,NULL,NULL,NULL,NULL,'REVITEM1e022843:141bb5ad19b:50ef','BRGY. STA. ELENA RPT SHARE (30%)',NULL,NULL),('RULACT441bb08f:1436c079bff:-6c2e-0033','RACT441bb08f:1436c079bff:-6c30-0033','ACTPARAM441bb08f:1436c079bff:-76a4',NULL,NULL,NULL,NULL,NULL,NULL,NULL,'REVITEM1e022843:141bb6442b8:-6fad','BRGY. STA. FILOMENA RPT SHARE (30%)',NULL,NULL),('RULACT441bb08f:1436c079bff:-6c2e-0034','RACT441bb08f:1436c079bff:-6c30-0034','ACTPARAM441bb08f:1436c079bff:-76a4',NULL,NULL,NULL,NULL,NULL,NULL,NULL,'REVITEM1e022843:141bb6442b8:6121','BRGY. STO. ROSARIO RPT SHARE (30%)',NULL,NULL),('RULACT441bb08f:1436c079bff:-6c2e-0035','RACT441bb08f:1436c079bff:-6c30-0035','ACTPARAM441bb08f:1436c079bff:-76a4',NULL,NULL,NULL,NULL,NULL,NULL,NULL,'REVITEM1e022843:141bb6442b8:7d9f','BRGY. SARAY RPT SHARE (30%)',NULL,NULL),('RULACT441bb08f:1436c079bff:-6c2e-0036','RACT441bb08f:1436c079bff:-6c30-0036','ACTPARAM441bb08f:1436c079bff:-76a4',NULL,NULL,NULL,NULL,NULL,NULL,NULL,'REVITEM1e022843:141bb68fbf8:38d','BRGY. SUAREZ RPT SHARE (30%)',NULL,NULL),('RULACT441bb08f:1436c079bff:-6c2e-0037','RACT441bb08f:1436c079bff:-6c30-0037','ACTPARAM441bb08f:1436c079bff:-76a4',NULL,NULL,NULL,NULL,NULL,NULL,NULL,'REVITEM-1e253c27:1429d242e9c:-53aa','BRGY. TAMBACAN RPT SHARE (30%)',NULL,NULL),('RULACT441bb08f:1436c079bff:-6c2e-0038','RACT441bb08f:1436c079bff:-6c30-0038','ACTPARAM441bb08f:1436c079bff:-76a4',NULL,NULL,NULL,NULL,NULL,NULL,NULL,'REVITEM1e022843:141bb68fbf8:3e54','BRGY. TIBANGA RPT SHARE (30%)',NULL,NULL),('RULACT441bb08f:1436c079bff:-6c2e-0039','RACT441bb08f:1436c079bff:-6c30-0039','ACTPARAM441bb08f:1436c079bff:-76a4',NULL,NULL,NULL,NULL,NULL,NULL,NULL,'REVITEM1e022843:141bb68fbf8:6dca','BRGY. TIPANOY RPT SHARE (30%)',NULL,NULL),('RULACT441bb08f:1436c079bff:-6c2e-0040','RACT441bb08f:1436c079bff:-6c30-0040','ACTPARAM441bb08f:1436c079bff:-76a4',NULL,NULL,NULL,NULL,NULL,NULL,NULL,'REVITEM1e022843:141bb6db72b:-7316','BRGY. TUBOD RPT SHARE (30%)',NULL,NULL),('RULACT441bb08f:1436c079bff:-6c2e-0041','RACT441bb08f:1436c079bff:-6c30-0041','ACTPARAM441bb08f:1436c079bff:-76a4',NULL,NULL,NULL,NULL,NULL,NULL,NULL,'REVITEM1e022843:141bb6db72b:-5691','BRGY. UBALDO LAYA RPT SHARE (30%)',NULL,NULL),('RULACT441bb08f:1436c079bff:-6c2e-0042','RACT441bb08f:1436c079bff:-6c30-0042','ACTPARAM441bb08f:1436c079bff:-76a4',NULL,NULL,NULL,NULL,NULL,NULL,NULL,'REVITEM1e022843:141bb6db72b:-3858','BRGY. UPPER HINAPLANON RPT SHARE (30%)',NULL,NULL),('RULACT441bb08f:1436c079bff:-6c2e-0043','RACT441bb08f:1436c079bff:-6c30-0043','ACTPARAM441bb08f:1436c079bff:-76a4',NULL,NULL,NULL,NULL,NULL,NULL,NULL,'REVITEM1e022843:141bb6db72b:-f5d','BRGY. TOMINOBO UPPER RPT SHARE (30%)',NULL,NULL),('RULACT441bb08f:1436c079bff:-6c2e-0044','RACT441bb08f:1436c079bff:-6c30-0044','ACTPARAM441bb08f:1436c079bff:-76a4',NULL,NULL,NULL,NULL,NULL,NULL,NULL,'REVITEM1e022843:141bb6db72b:2235','BRGY. VILLAVERDE RPT SHARE (30%)',NULL,NULL),('RULACT441bb08f:1436c079bff:-6c2f','RACT441bb08f:1436c079bff:-6c30','ACTPARAM441bb08f:1436c079bff:-76ab',NULL,NULL,'RCOND441bb08f:1436c079bff:-6f73','RL',NULL,NULL,NULL,NULL,NULL,NULL,NULL),('RULACT441bb08f:1436c079bff:-6c2f-0002','RACT441bb08f:1436c079bff:-6c30-0002','ACTPARAM441bb08f:1436c079bff:-76ab',NULL,NULL,'RCOND441bb08f:1436c079bff:-6f73-0002','RL',NULL,NULL,NULL,NULL,NULL,NULL,NULL),('RULACT441bb08f:1436c079bff:-6c2f-0003','RACT441bb08f:1436c079bff:-6c30-0003','ACTPARAM441bb08f:1436c079bff:-76ab',NULL,NULL,'RCOND441bb08f:1436c079bff:-6f73-0003','RL',NULL,NULL,NULL,NULL,NULL,NULL,NULL),('RULACT441bb08f:1436c079bff:-6c2f-0004','RACT441bb08f:1436c079bff:-6c30-0004','ACTPARAM441bb08f:1436c079bff:-76ab',NULL,NULL,'RCOND441bb08f:1436c079bff:-6f73-0004','RL',NULL,NULL,NULL,NULL,NULL,NULL,NULL),('RULACT441bb08f:1436c079bff:-6c2f-0005','RACT441bb08f:1436c079bff:-6c30-0005','ACTPARAM441bb08f:1436c079bff:-76ab',NULL,NULL,'RCOND441bb08f:1436c079bff:-6f73-0005','RL',NULL,NULL,NULL,NULL,NULL,NULL,NULL),('RULACT441bb08f:1436c079bff:-6c2f-0006','RACT441bb08f:1436c079bff:-6c30-0006','ACTPARAM441bb08f:1436c079bff:-76ab',NULL,NULL,'RCOND441bb08f:1436c079bff:-6f73-0006','RL',NULL,NULL,NULL,NULL,NULL,NULL,NULL),('RULACT441bb08f:1436c079bff:-6c2f-0007','RACT441bb08f:1436c079bff:-6c30-0007','ACTPARAM441bb08f:1436c079bff:-76ab',NULL,NULL,'RCOND441bb08f:1436c079bff:-6f73-0007','RL',NULL,NULL,NULL,NULL,NULL,NULL,NULL),('RULACT441bb08f:1436c079bff:-6c2f-0008','RACT441bb08f:1436c079bff:-6c30-0008','ACTPARAM441bb08f:1436c079bff:-76ab',NULL,NULL,'RCOND441bb08f:1436c079bff:-6f73-0008','RL',NULL,NULL,NULL,NULL,NULL,NULL,NULL),('RULACT441bb08f:1436c079bff:-6c2f-0009','RACT441bb08f:1436c079bff:-6c30-0009','ACTPARAM441bb08f:1436c079bff:-76ab',NULL,NULL,'RCOND441bb08f:1436c079bff:-6f73-0009','RL',NULL,NULL,NULL,NULL,NULL,NULL,NULL),('RULACT441bb08f:1436c079bff:-6c2f-0010','RACT441bb08f:1436c079bff:-6c30-0010','ACTPARAM441bb08f:1436c079bff:-76ab',NULL,NULL,'RCOND441bb08f:1436c079bff:-6f73-0010','RL',NULL,NULL,NULL,NULL,NULL,NULL,NULL),('RULACT441bb08f:1436c079bff:-6c2f-0011','RACT441bb08f:1436c079bff:-6c30-0011','ACTPARAM441bb08f:1436c079bff:-76ab',NULL,NULL,'RCOND441bb08f:1436c079bff:-6f73-0011','RL',NULL,NULL,NULL,NULL,NULL,NULL,NULL),('RULACT441bb08f:1436c079bff:-6c2f-0012','RACT441bb08f:1436c079bff:-6c30-0012','ACTPARAM441bb08f:1436c079bff:-76ab',NULL,NULL,'RCOND441bb08f:1436c079bff:-6f73-0012','RL',NULL,NULL,NULL,NULL,NULL,NULL,NULL),('RULACT441bb08f:1436c079bff:-6c2f-0013','RACT441bb08f:1436c079bff:-6c30-0013','ACTPARAM441bb08f:1436c079bff:-76ab',NULL,NULL,'RCOND441bb08f:1436c079bff:-6f73-0013','RL',NULL,NULL,NULL,NULL,NULL,NULL,NULL),('RULACT441bb08f:1436c079bff:-6c2f-0014','RACT441bb08f:1436c079bff:-6c30-0014','ACTPARAM441bb08f:1436c079bff:-76ab',NULL,NULL,'RCOND441bb08f:1436c079bff:-6f73-0014','RL',NULL,NULL,NULL,NULL,NULL,NULL,NULL),('RULACT441bb08f:1436c079bff:-6c2f-0015','RACT441bb08f:1436c079bff:-6c30-0015','ACTPARAM441bb08f:1436c079bff:-76ab',NULL,NULL,'RCOND441bb08f:1436c079bff:-6f73-0015','RL',NULL,NULL,NULL,NULL,NULL,NULL,NULL),('RULACT441bb08f:1436c079bff:-6c2f-0016','RACT441bb08f:1436c079bff:-6c30-0016','ACTPARAM441bb08f:1436c079bff:-76ab',NULL,NULL,'RCOND441bb08f:1436c079bff:-6f73-0016','RL',NULL,NULL,NULL,NULL,NULL,NULL,NULL),('RULACT441bb08f:1436c079bff:-6c2f-0017','RACT441bb08f:1436c079bff:-6c30-0017','ACTPARAM441bb08f:1436c079bff:-76ab',NULL,NULL,'RCOND441bb08f:1436c079bff:-6f73-0017','RL',NULL,NULL,NULL,NULL,NULL,NULL,NULL),('RULACT441bb08f:1436c079bff:-6c2f-0018','RACT441bb08f:1436c079bff:-6c30-0018','ACTPARAM441bb08f:1436c079bff:-76ab',NULL,NULL,'RCOND441bb08f:1436c079bff:-6f73-0018','RL',NULL,NULL,NULL,NULL,NULL,NULL,NULL),('RULACT441bb08f:1436c079bff:-6c2f-0019','RACT441bb08f:1436c079bff:-6c30-0019','ACTPARAM441bb08f:1436c079bff:-76ab',NULL,NULL,'RCOND441bb08f:1436c079bff:-6f73-0019','RL',NULL,NULL,NULL,NULL,NULL,NULL,NULL),('RULACT441bb08f:1436c079bff:-6c2f-0020','RACT441bb08f:1436c079bff:-6c30-0020','ACTPARAM441bb08f:1436c079bff:-76ab',NULL,NULL,'RCOND441bb08f:1436c079bff:-6f73-0020','RL',NULL,NULL,NULL,NULL,NULL,NULL,NULL),('RULACT441bb08f:1436c079bff:-6c2f-0021','RACT441bb08f:1436c079bff:-6c30-0021','ACTPARAM441bb08f:1436c079bff:-76ab',NULL,NULL,'RCOND441bb08f:1436c079bff:-6f73-0021','RL',NULL,NULL,NULL,NULL,NULL,NULL,NULL),('RULACT441bb08f:1436c079bff:-6c2f-0022','RACT441bb08f:1436c079bff:-6c30-0022','ACTPARAM441bb08f:1436c079bff:-76ab',NULL,NULL,'RCOND441bb08f:1436c079bff:-6f73-0022','RL',NULL,NULL,NULL,NULL,NULL,NULL,NULL),('RULACT441bb08f:1436c079bff:-6c2f-0023','RACT441bb08f:1436c079bff:-6c30-0023','ACTPARAM441bb08f:1436c079bff:-76ab',NULL,NULL,'RCOND441bb08f:1436c079bff:-6f73-0023','RL',NULL,NULL,NULL,NULL,NULL,NULL,NULL),('RULACT441bb08f:1436c079bff:-6c2f-0024','RACT441bb08f:1436c079bff:-6c30-0024','ACTPARAM441bb08f:1436c079bff:-76ab',NULL,NULL,'RCOND441bb08f:1436c079bff:-6f73-0024','RL',NULL,NULL,NULL,NULL,NULL,NULL,NULL),('RULACT441bb08f:1436c079bff:-6c2f-0025','RACT441bb08f:1436c079bff:-6c30-0025','ACTPARAM441bb08f:1436c079bff:-76ab',NULL,NULL,'RCOND441bb08f:1436c079bff:-6f73-0025','RL',NULL,NULL,NULL,NULL,NULL,NULL,NULL),('RULACT441bb08f:1436c079bff:-6c2f-0026','RACT441bb08f:1436c079bff:-6c30-0026','ACTPARAM441bb08f:1436c079bff:-76ab',NULL,NULL,'RCOND441bb08f:1436c079bff:-6f73-0026','RL',NULL,NULL,NULL,NULL,NULL,NULL,NULL),('RULACT441bb08f:1436c079bff:-6c2f-0027','RACT441bb08f:1436c079bff:-6c30-0027','ACTPARAM441bb08f:1436c079bff:-76ab',NULL,NULL,'RCOND441bb08f:1436c079bff:-6f73-0027','RL',NULL,NULL,NULL,NULL,NULL,NULL,NULL),('RULACT441bb08f:1436c079bff:-6c2f-0028','RACT441bb08f:1436c079bff:-6c30-0028','ACTPARAM441bb08f:1436c079bff:-76ab',NULL,NULL,'RCOND441bb08f:1436c079bff:-6f73-0028','RL',NULL,NULL,NULL,NULL,NULL,NULL,NULL),('RULACT441bb08f:1436c079bff:-6c2f-0029','RACT441bb08f:1436c079bff:-6c30-0029','ACTPARAM441bb08f:1436c079bff:-76ab',NULL,NULL,'RCOND441bb08f:1436c079bff:-6f73-0029','RL',NULL,NULL,NULL,NULL,NULL,NULL,NULL),('RULACT441bb08f:1436c079bff:-6c2f-0030','RACT441bb08f:1436c079bff:-6c30-0030','ACTPARAM441bb08f:1436c079bff:-76ab',NULL,NULL,'RCOND441bb08f:1436c079bff:-6f73-0030','RL',NULL,NULL,NULL,NULL,NULL,NULL,NULL),('RULACT441bb08f:1436c079bff:-6c2f-0031','RACT441bb08f:1436c079bff:-6c30-0031','ACTPARAM441bb08f:1436c079bff:-76ab',NULL,NULL,'RCOND441bb08f:1436c079bff:-6f73-0031','RL',NULL,NULL,NULL,NULL,NULL,NULL,NULL),('RULACT441bb08f:1436c079bff:-6c2f-0032','RACT441bb08f:1436c079bff:-6c30-0032','ACTPARAM441bb08f:1436c079bff:-76ab',NULL,NULL,'RCOND441bb08f:1436c079bff:-6f73-0032','RL',NULL,NULL,NULL,NULL,NULL,NULL,NULL),('RULACT441bb08f:1436c079bff:-6c2f-0033','RACT441bb08f:1436c079bff:-6c30-0033','ACTPARAM441bb08f:1436c079bff:-76ab',NULL,NULL,'RCOND441bb08f:1436c079bff:-6f73-0033','RL',NULL,NULL,NULL,NULL,NULL,NULL,NULL),('RULACT441bb08f:1436c079bff:-6c2f-0034','RACT441bb08f:1436c079bff:-6c30-0034','ACTPARAM441bb08f:1436c079bff:-76ab',NULL,NULL,'RCOND441bb08f:1436c079bff:-6f73-0034','RL',NULL,NULL,NULL,NULL,NULL,NULL,NULL),('RULACT441bb08f:1436c079bff:-6c2f-0035','RACT441bb08f:1436c079bff:-6c30-0035','ACTPARAM441bb08f:1436c079bff:-76ab',NULL,NULL,'RCOND441bb08f:1436c079bff:-6f73-0035','RL',NULL,NULL,NULL,NULL,NULL,NULL,NULL),('RULACT441bb08f:1436c079bff:-6c2f-0036','RACT441bb08f:1436c079bff:-6c30-0036','ACTPARAM441bb08f:1436c079bff:-76ab',NULL,NULL,'RCOND441bb08f:1436c079bff:-6f73-0036','RL',NULL,NULL,NULL,NULL,NULL,NULL,NULL),('RULACT441bb08f:1436c079bff:-6c2f-0037','RACT441bb08f:1436c079bff:-6c30-0037','ACTPARAM441bb08f:1436c079bff:-76ab',NULL,NULL,'RCOND441bb08f:1436c079bff:-6f73-0037','RL',NULL,NULL,NULL,NULL,NULL,NULL,NULL),('RULACT441bb08f:1436c079bff:-6c2f-0038','RACT441bb08f:1436c079bff:-6c30-0038','ACTPARAM441bb08f:1436c079bff:-76ab',NULL,NULL,'RCOND441bb08f:1436c079bff:-6f73-0038','RL',NULL,NULL,NULL,NULL,NULL,NULL,NULL),('RULACT441bb08f:1436c079bff:-6c2f-0039','RACT441bb08f:1436c079bff:-6c30-0039','ACTPARAM441bb08f:1436c079bff:-76ab',NULL,NULL,'RCOND441bb08f:1436c079bff:-6f73-0039','RL',NULL,NULL,NULL,NULL,NULL,NULL,NULL),('RULACT441bb08f:1436c079bff:-6c2f-0040','RACT441bb08f:1436c079bff:-6c30-0040','ACTPARAM441bb08f:1436c079bff:-76ab',NULL,NULL,'RCOND441bb08f:1436c079bff:-6f73-0040','RL',NULL,NULL,NULL,NULL,NULL,NULL,NULL),('RULACT441bb08f:1436c079bff:-6c2f-0041','RACT441bb08f:1436c079bff:-6c30-0041','ACTPARAM441bb08f:1436c079bff:-76ab',NULL,NULL,'RCOND441bb08f:1436c079bff:-6f73-0041','RL',NULL,NULL,NULL,NULL,NULL,NULL,NULL),('RULACT441bb08f:1436c079bff:-6c2f-0042','RACT441bb08f:1436c079bff:-6c30-0042','ACTPARAM441bb08f:1436c079bff:-76ab',NULL,NULL,'RCOND441bb08f:1436c079bff:-6f73-0042','RL',NULL,NULL,NULL,NULL,NULL,NULL,NULL),('RULACT441bb08f:1436c079bff:-6c2f-0043','RACT441bb08f:1436c079bff:-6c30-0043','ACTPARAM441bb08f:1436c079bff:-76ab',NULL,NULL,'RCOND441bb08f:1436c079bff:-6f73-0043','RL',NULL,NULL,NULL,NULL,NULL,NULL,NULL),('RULACT441bb08f:1436c079bff:-6c2f-0044','RACT441bb08f:1436c079bff:-6c30-0044','ACTPARAM441bb08f:1436c079bff:-76ab',NULL,NULL,'RCOND441bb08f:1436c079bff:-6f73-0044','RL',NULL,NULL,NULL,NULL,NULL,NULL,NULL),('RULACT441bb08f:1436c079bff:-6cc1','RACT441bb08f:1436c079bff:-6cc4','ACTPARAM441bb08f:1436c079bff:-76ff',NULL,NULL,NULL,NULL,'( BASIC - BASICPAID - (BASICDISC - BASICDISCTAKEN)) * 0.30','expression',NULL,NULL,NULL,NULL,NULL),('RULACT441bb08f:1436c079bff:-6cc1-0002','RACT441bb08f:1436c079bff:-6cc4-0002','ACTPARAM441bb08f:1436c079bff:-76ff',NULL,NULL,NULL,NULL,'( BASIC - BASICPAID - (BASICDISC - BASICDISCTAKEN)) * 0.30','expression',NULL,NULL,NULL,NULL,NULL),('RULACT441bb08f:1436c079bff:-6cc1-0003','RACT441bb08f:1436c079bff:-6cc4-0003','ACTPARAM441bb08f:1436c079bff:-76ff',NULL,NULL,NULL,NULL,'( BASIC - BASICPAID - (BASICDISC - BASICDISCTAKEN)) * 0.30','expression',NULL,NULL,NULL,NULL,NULL),('RULACT441bb08f:1436c079bff:-6cc1-0004','RACT441bb08f:1436c079bff:-6cc4-0004','ACTPARAM441bb08f:1436c079bff:-76ff',NULL,NULL,NULL,NULL,'( BASIC - BASICPAID - (BASICDISC - BASICDISCTAKEN)) * 0.30','expression',NULL,NULL,NULL,NULL,NULL),('RULACT441bb08f:1436c079bff:-6cc1-0005','RACT441bb08f:1436c079bff:-6cc4-0005','ACTPARAM441bb08f:1436c079bff:-76ff',NULL,NULL,NULL,NULL,'( BASIC - BASICPAID - (BASICDISC - BASICDISCTAKEN)) * 0.30','expression',NULL,NULL,NULL,NULL,NULL),('RULACT441bb08f:1436c079bff:-6cc1-0006','RACT441bb08f:1436c079bff:-6cc4-0006','ACTPARAM441bb08f:1436c079bff:-76ff',NULL,NULL,NULL,NULL,'( BASIC - BASICPAID - (BASICDISC - BASICDISCTAKEN)) * 0.30','expression',NULL,NULL,NULL,NULL,NULL),('RULACT441bb08f:1436c079bff:-6cc1-0007','RACT441bb08f:1436c079bff:-6cc4-0007','ACTPARAM441bb08f:1436c079bff:-76ff',NULL,NULL,NULL,NULL,'( BASIC - BASICPAID - (BASICDISC - BASICDISCTAKEN)) * 0.30','expression',NULL,NULL,NULL,NULL,NULL),('RULACT441bb08f:1436c079bff:-6cc1-0008','RACT441bb08f:1436c079bff:-6cc4-0008','ACTPARAM441bb08f:1436c079bff:-76ff',NULL,NULL,NULL,NULL,'( BASIC - BASICPAID - (BASICDISC - BASICDISCTAKEN)) * 0.30','expression',NULL,NULL,NULL,NULL,NULL),('RULACT441bb08f:1436c079bff:-6cc1-0009','RACT441bb08f:1436c079bff:-6cc4-0009','ACTPARAM441bb08f:1436c079bff:-76ff',NULL,NULL,NULL,NULL,'( BASIC - BASICPAID - (BASICDISC - BASICDISCTAKEN)) * 0.30','expression',NULL,NULL,NULL,NULL,NULL),('RULACT441bb08f:1436c079bff:-6cc1-0010','RACT441bb08f:1436c079bff:-6cc4-0010','ACTPARAM441bb08f:1436c079bff:-76ff',NULL,NULL,NULL,NULL,'( BASIC - BASICPAID - (BASICDISC - BASICDISCTAKEN)) * 0.30','expression',NULL,NULL,NULL,NULL,NULL),('RULACT441bb08f:1436c079bff:-6cc1-0011','RACT441bb08f:1436c079bff:-6cc4-0011','ACTPARAM441bb08f:1436c079bff:-76ff',NULL,NULL,NULL,NULL,'( BASIC - BASICPAID - (BASICDISC - BASICDISCTAKEN)) * 0.30','expression',NULL,NULL,NULL,NULL,NULL),('RULACT441bb08f:1436c079bff:-6cc1-0012','RACT441bb08f:1436c079bff:-6cc4-0012','ACTPARAM441bb08f:1436c079bff:-76ff',NULL,NULL,NULL,NULL,'( BASIC - BASICPAID - (BASICDISC - BASICDISCTAKEN)) * 0.30','expression',NULL,NULL,NULL,NULL,NULL),('RULACT441bb08f:1436c079bff:-6cc1-0013','RACT441bb08f:1436c079bff:-6cc4-0013','ACTPARAM441bb08f:1436c079bff:-76ff',NULL,NULL,NULL,NULL,'( BASIC - BASICPAID - (BASICDISC - BASICDISCTAKEN)) * 0.30','expression',NULL,NULL,NULL,NULL,NULL),('RULACT441bb08f:1436c079bff:-6cc1-0014','RACT441bb08f:1436c079bff:-6cc4-0014','ACTPARAM441bb08f:1436c079bff:-76ff',NULL,NULL,NULL,NULL,'( BASIC - BASICPAID - (BASICDISC - BASICDISCTAKEN)) * 0.30','expression',NULL,NULL,NULL,NULL,NULL),('RULACT441bb08f:1436c079bff:-6cc1-0015','RACT441bb08f:1436c079bff:-6cc4-0015','ACTPARAM441bb08f:1436c079bff:-76ff',NULL,NULL,NULL,NULL,'( BASIC - BASICPAID - (BASICDISC - BASICDISCTAKEN)) * 0.30','expression',NULL,NULL,NULL,NULL,NULL),('RULACT441bb08f:1436c079bff:-6cc1-0016','RACT441bb08f:1436c079bff:-6cc4-0016','ACTPARAM441bb08f:1436c079bff:-76ff',NULL,NULL,NULL,NULL,'( BASIC - BASICPAID - (BASICDISC - BASICDISCTAKEN)) * 0.30','expression',NULL,NULL,NULL,NULL,NULL),('RULACT441bb08f:1436c079bff:-6cc1-0017','RACT441bb08f:1436c079bff:-6cc4-0017','ACTPARAM441bb08f:1436c079bff:-76ff',NULL,NULL,NULL,NULL,'( BASIC - BASICPAID - (BASICDISC - BASICDISCTAKEN)) * 0.30','expression',NULL,NULL,NULL,NULL,NULL),('RULACT441bb08f:1436c079bff:-6cc1-0018','RACT441bb08f:1436c079bff:-6cc4-0018','ACTPARAM441bb08f:1436c079bff:-76ff',NULL,NULL,NULL,NULL,'( BASIC - BASICPAID - (BASICDISC - BASICDISCTAKEN)) * 0.30','expression',NULL,NULL,NULL,NULL,NULL),('RULACT441bb08f:1436c079bff:-6cc1-0019','RACT441bb08f:1436c079bff:-6cc4-0019','ACTPARAM441bb08f:1436c079bff:-76ff',NULL,NULL,NULL,NULL,'( BASIC - BASICPAID - (BASICDISC - BASICDISCTAKEN)) * 0.30','expression',NULL,NULL,NULL,NULL,NULL),('RULACT441bb08f:1436c079bff:-6cc1-0020','RACT441bb08f:1436c079bff:-6cc4-0020','ACTPARAM441bb08f:1436c079bff:-76ff',NULL,NULL,NULL,NULL,'( BASIC - BASICPAID - (BASICDISC - BASICDISCTAKEN)) * 0.30','expression',NULL,NULL,NULL,NULL,NULL),('RULACT441bb08f:1436c079bff:-6cc1-0021','RACT441bb08f:1436c079bff:-6cc4-0021','ACTPARAM441bb08f:1436c079bff:-76ff',NULL,NULL,NULL,NULL,'( BASIC - BASICPAID - (BASICDISC - BASICDISCTAKEN)) * 0.30','expression',NULL,NULL,NULL,NULL,NULL),('RULACT441bb08f:1436c079bff:-6cc1-0022','RACT441bb08f:1436c079bff:-6cc4-0022','ACTPARAM441bb08f:1436c079bff:-76ff',NULL,NULL,NULL,NULL,'( BASIC - BASICPAID - (BASICDISC - BASICDISCTAKEN)) * 0.30','expression',NULL,NULL,NULL,NULL,NULL),('RULACT441bb08f:1436c079bff:-6cc1-0023','RACT441bb08f:1436c079bff:-6cc4-0023','ACTPARAM441bb08f:1436c079bff:-76ff',NULL,NULL,NULL,NULL,'( BASIC - BASICPAID - (BASICDISC - BASICDISCTAKEN)) * 0.30','expression',NULL,NULL,NULL,NULL,NULL),('RULACT441bb08f:1436c079bff:-6cc1-0024','RACT441bb08f:1436c079bff:-6cc4-0024','ACTPARAM441bb08f:1436c079bff:-76ff',NULL,NULL,NULL,NULL,'( BASIC - BASICPAID - (BASICDISC - BASICDISCTAKEN)) * 0.30','expression',NULL,NULL,NULL,NULL,NULL),('RULACT441bb08f:1436c079bff:-6cc1-0025','RACT441bb08f:1436c079bff:-6cc4-0025','ACTPARAM441bb08f:1436c079bff:-76ff',NULL,NULL,NULL,NULL,'( BASIC - BASICPAID - (BASICDISC - BASICDISCTAKEN)) * 0.30','expression',NULL,NULL,NULL,NULL,NULL),('RULACT441bb08f:1436c079bff:-6cc1-0026','RACT441bb08f:1436c079bff:-6cc4-0026','ACTPARAM441bb08f:1436c079bff:-76ff',NULL,NULL,NULL,NULL,'( BASIC - BASICPAID - (BASICDISC - BASICDISCTAKEN)) * 0.30','expression',NULL,NULL,NULL,NULL,NULL),('RULACT441bb08f:1436c079bff:-6cc1-0027','RACT441bb08f:1436c079bff:-6cc4-0027','ACTPARAM441bb08f:1436c079bff:-76ff',NULL,NULL,NULL,NULL,'( BASIC - BASICPAID - (BASICDISC - BASICDISCTAKEN)) * 0.30','expression',NULL,NULL,NULL,NULL,NULL),('RULACT441bb08f:1436c079bff:-6cc1-0028','RACT441bb08f:1436c079bff:-6cc4-0028','ACTPARAM441bb08f:1436c079bff:-76ff',NULL,NULL,NULL,NULL,'( BASIC - BASICPAID - (BASICDISC - BASICDISCTAKEN)) * 0.30','expression',NULL,NULL,NULL,NULL,NULL),('RULACT441bb08f:1436c079bff:-6cc1-0029','RACT441bb08f:1436c079bff:-6cc4-0029','ACTPARAM441bb08f:1436c079bff:-76ff',NULL,NULL,NULL,NULL,'( BASIC - BASICPAID - (BASICDISC - BASICDISCTAKEN)) * 0.30','expression',NULL,NULL,NULL,NULL,NULL),('RULACT441bb08f:1436c079bff:-6cc1-0030','RACT441bb08f:1436c079bff:-6cc4-0030','ACTPARAM441bb08f:1436c079bff:-76ff',NULL,NULL,NULL,NULL,'( BASIC - BASICPAID - (BASICDISC - BASICDISCTAKEN)) * 0.30','expression',NULL,NULL,NULL,NULL,NULL),('RULACT441bb08f:1436c079bff:-6cc1-0031','RACT441bb08f:1436c079bff:-6cc4-0031','ACTPARAM441bb08f:1436c079bff:-76ff',NULL,NULL,NULL,NULL,'( BASIC - BASICPAID - (BASICDISC - BASICDISCTAKEN)) * 0.30','expression',NULL,NULL,NULL,NULL,NULL),('RULACT441bb08f:1436c079bff:-6cc1-0032','RACT441bb08f:1436c079bff:-6cc4-0032','ACTPARAM441bb08f:1436c079bff:-76ff',NULL,NULL,NULL,NULL,'( BASIC - BASICPAID - (BASICDISC - BASICDISCTAKEN)) * 0.30','expression',NULL,NULL,NULL,NULL,NULL),('RULACT441bb08f:1436c079bff:-6cc1-0033','RACT441bb08f:1436c079bff:-6cc4-0033','ACTPARAM441bb08f:1436c079bff:-76ff',NULL,NULL,NULL,NULL,'( BASIC - BASICPAID - (BASICDISC - BASICDISCTAKEN)) * 0.30','expression',NULL,NULL,NULL,NULL,NULL),('RULACT441bb08f:1436c079bff:-6cc1-0034','RACT441bb08f:1436c079bff:-6cc4-0034','ACTPARAM441bb08f:1436c079bff:-76ff',NULL,NULL,NULL,NULL,'( BASIC - BASICPAID - (BASICDISC - BASICDISCTAKEN)) * 0.30','expression',NULL,NULL,NULL,NULL,NULL),('RULACT441bb08f:1436c079bff:-6cc1-0035','RACT441bb08f:1436c079bff:-6cc4-0035','ACTPARAM441bb08f:1436c079bff:-76ff',NULL,NULL,NULL,NULL,'( BASIC - BASICPAID - (BASICDISC - BASICDISCTAKEN)) * 0.30','expression',NULL,NULL,NULL,NULL,NULL),('RULACT441bb08f:1436c079bff:-6cc1-0036','RACT441bb08f:1436c079bff:-6cc4-0036','ACTPARAM441bb08f:1436c079bff:-76ff',NULL,NULL,NULL,NULL,'( BASIC - BASICPAID - (BASICDISC - BASICDISCTAKEN)) * 0.30','expression',NULL,NULL,NULL,NULL,NULL),('RULACT441bb08f:1436c079bff:-6cc1-0037','RACT441bb08f:1436c079bff:-6cc4-0037','ACTPARAM441bb08f:1436c079bff:-76ff',NULL,NULL,NULL,NULL,'( BASIC - BASICPAID - (BASICDISC - BASICDISCTAKEN)) * 0.30','expression',NULL,NULL,NULL,NULL,NULL),('RULACT441bb08f:1436c079bff:-6cc1-0038','RACT441bb08f:1436c079bff:-6cc4-0038','ACTPARAM441bb08f:1436c079bff:-76ff',NULL,NULL,NULL,NULL,'( BASIC - BASICPAID - (BASICDISC - BASICDISCTAKEN)) * 0.30','expression',NULL,NULL,NULL,NULL,NULL),('RULACT441bb08f:1436c079bff:-6cc1-0039','RACT441bb08f:1436c079bff:-6cc4-0039','ACTPARAM441bb08f:1436c079bff:-76ff',NULL,NULL,NULL,NULL,'( BASIC - BASICPAID - (BASICDISC - BASICDISCTAKEN)) * 0.30','expression',NULL,NULL,NULL,NULL,NULL),('RULACT441bb08f:1436c079bff:-6cc1-0040','RACT441bb08f:1436c079bff:-6cc4-0040','ACTPARAM441bb08f:1436c079bff:-76ff',NULL,NULL,NULL,NULL,'( BASIC - BASICPAID - (BASICDISC - BASICDISCTAKEN)) * 0.30','expression',NULL,NULL,NULL,NULL,NULL),('RULACT441bb08f:1436c079bff:-6cc1-0041','RACT441bb08f:1436c079bff:-6cc4-0041','ACTPARAM441bb08f:1436c079bff:-76ff',NULL,NULL,NULL,NULL,'( BASIC - BASICPAID - (BASICDISC - BASICDISCTAKEN)) * 0.30\n','expression',NULL,NULL,NULL,NULL,NULL),('RULACT441bb08f:1436c079bff:-6cc1-0042','RACT441bb08f:1436c079bff:-6cc4-0042','ACTPARAM441bb08f:1436c079bff:-76ff',NULL,NULL,NULL,NULL,'( BASIC - BASICPAID - (BASICDISC - BASICDISCTAKEN)) * 0.30\n','expression',NULL,NULL,NULL,NULL,NULL),('RULACT441bb08f:1436c079bff:-6cc1-0043','RACT441bb08f:1436c079bff:-6cc4-0043','ACTPARAM441bb08f:1436c079bff:-76ff',NULL,NULL,NULL,NULL,'( BASIC - BASICPAID - (BASICDISC - BASICDISCTAKEN)) * 0.30','expression',NULL,NULL,NULL,NULL,NULL),('RULACT441bb08f:1436c079bff:-6cc1-0044','RACT441bb08f:1436c079bff:-6cc4-0044','ACTPARAM441bb08f:1436c079bff:-76ff',NULL,NULL,NULL,NULL,'( BASIC - BASICPAID - (BASICDISC - BASICDISCTAKEN)) * 0.30','expression',NULL,NULL,NULL,NULL,NULL),('RULACT441bb08f:1436c079bff:-6cc2','RACT441bb08f:1436c079bff:-6cc4','ACTPARAM441bb08f:1436c079bff:-770c',NULL,NULL,NULL,NULL,NULL,NULL,NULL,'REVITEM1e022843:141baeeb514:-7070','BRGY. POBLACION RPT SHARE (30%)',NULL,NULL),('RULACT441bb08f:1436c079bff:-6cc2-0002','RACT441bb08f:1436c079bff:-6cc4-0002','ACTPARAM441bb08f:1436c079bff:-770c',NULL,NULL,NULL,NULL,NULL,NULL,NULL,'REVITEM1e022843:141baf35a67:-2bbd','BRGY. ABUNO RPT SHARE (30%)',NULL,NULL),('RULACT441bb08f:1436c079bff:-6cc2-0003','RACT441bb08f:1436c079bff:-6cc4-0003','ACTPARAM441bb08f:1436c079bff:-770c',NULL,NULL,NULL,NULL,NULL,NULL,NULL,'REVITEM1e022843:141baf35a67:670b','BRGY. ACMAC RPT SHARE (30%)',NULL,NULL),('RULACT441bb08f:1436c079bff:-6cc2-0004','RACT441bb08f:1436c079bff:-6cc4-0004','ACTPARAM441bb08f:1436c079bff:-770c',NULL,NULL,NULL,NULL,NULL,NULL,NULL,'REVITEM1e022843:141bb42b11a:b82','BRGY. BAGONG SILANG RPT SHARE (30%)',NULL,NULL),('RULACT441bb08f:1436c079bff:-6cc2-0005','RACT441bb08f:1436c079bff:-6cc4-0005','ACTPARAM441bb08f:1436c079bff:-770c',NULL,NULL,NULL,NULL,NULL,NULL,NULL,'REVITEM1e022843:141bb42b11a:59e2','BRGY. BONBONON RPT SHARE (30%)',NULL,NULL),('RULACT441bb08f:1436c079bff:-6cc2-0006','RACT441bb08f:1436c079bff:-6cc4-0006','ACTPARAM441bb08f:1436c079bff:-770c',NULL,NULL,NULL,NULL,NULL,NULL,NULL,'REVITEM1e022843:141bb476afa:-5af3','BRGY. BUNAWAN RPT SHARE (30%)',NULL,NULL),('RULACT441bb08f:1436c079bff:-6cc2-0007','RACT441bb08f:1436c079bff:-6cc4-0007','ACTPARAM441bb08f:1436c079bff:-770c',NULL,NULL,NULL,NULL,NULL,NULL,NULL,'REVITEM1e022843:141bb476afa:-29f6','BRGY. BURU-UN RPT SHARE (30%)',NULL,NULL),('RULACT441bb08f:1436c079bff:-6cc2-0008','RACT441bb08f:1436c079bff:-6cc4-0008','ACTPARAM441bb08f:1436c079bff:-770c',NULL,NULL,NULL,NULL,NULL,NULL,NULL,'REVITEM1e022843:141bb476afa:-879','BRGY. CABACSANAN RPT SHARE (30%)',NULL,NULL),('RULACT441bb08f:1436c079bff:-6cc2-0009','RACT441bb08f:1436c079bff:-6cc4-0009','ACTPARAM441bb08f:1436c079bff:-770c',NULL,NULL,NULL,NULL,NULL,NULL,NULL,'REVITEM1e022843:141bb476afa:256e','BRGY. DALIPUGA RPT SHARE (30%)',NULL,NULL),('RULACT441bb08f:1436c079bff:-6cc2-0010','RACT441bb08f:1436c079bff:-6cc4-0010','ACTPARAM441bb08f:1436c079bff:-770c',NULL,NULL,NULL,NULL,NULL,NULL,NULL,'REVITEM1e022843:141bb476afa:508a','BRGY. DEL CARMEN RPT SHARE (30%)',NULL,NULL),('RULACT441bb08f:1436c079bff:-6cc2-0011','RACT441bb08f:1436c079bff:-6cc4-0011','ACTPARAM441bb08f:1436c079bff:-770c',NULL,NULL,NULL,NULL,NULL,NULL,NULL,'REVITEM1e022843:141bb4c4cfa:-4ba5','BRGY. DIGKILAAN RPT SHARE (30%)',NULL,NULL),('RULACT441bb08f:1436c079bff:-6cc2-0012','RACT441bb08f:1436c079bff:-6cc4-0012','ACTPARAM441bb08f:1436c079bff:-770c',NULL,NULL,NULL,NULL,NULL,NULL,NULL,'REVITEM1e022843:141bb4c4cfa:-1cd3','BRGY. DITUCALAN RPT SHARE (30%)',NULL,NULL),('RULACT441bb08f:1436c079bff:-6cc2-0013','RACT441bb08f:1436c079bff:-6cc4-0013','ACTPARAM441bb08f:1436c079bff:-770c',NULL,NULL,NULL,NULL,NULL,NULL,NULL,'REVITEM1e022843:141bb4c4cfa:21f3','BRGY. DULAG RPT SHARE (30%)',NULL,NULL),('RULACT441bb08f:1436c079bff:-6cc2-0014','RACT441bb08f:1436c079bff:-6cc4-0014','ACTPARAM441bb08f:1436c079bff:-770c',NULL,NULL,NULL,NULL,NULL,NULL,NULL,'REVITEM1e022843:141bb4c4cfa:6491','BRGY. HINAPLANON RPT SHARE (30%)',NULL,NULL),('RULACT441bb08f:1436c079bff:-6cc2-0015','RACT441bb08f:1436c079bff:-6cc4-0015','ACTPARAM441bb08f:1436c079bff:-770c',NULL,NULL,NULL,NULL,NULL,NULL,NULL,'REVITEM1e022843:141bb51155f:-77fc','BRGY. HINDANG RPT SHARE (30%)',NULL,NULL),('RULACT441bb08f:1436c079bff:-6cc2-0016','RACT441bb08f:1436c079bff:-6cc4-0016','ACTPARAM441bb08f:1436c079bff:-770c',NULL,NULL,NULL,NULL,NULL,NULL,NULL,'REVITEM1e022843:141bb51155f:-4579','BRGY. KALILANGAN RPT SHARE (30%)',NULL,NULL),('RULACT441bb08f:1436c079bff:-6cc2-0017','RACT441bb08f:1436c079bff:-6cc4-0017','ACTPARAM441bb08f:1436c079bff:-770c',NULL,NULL,NULL,NULL,NULL,NULL,NULL,'REVITEM1e022843:141bb51155f:-235f','BRGY.KIWALAN RPT SHARE (30%)',NULL,NULL),('RULACT441bb08f:1436c079bff:-6cc2-0018','RACT441bb08f:1436c079bff:-6cc4-0018','ACTPARAM441bb08f:1436c079bff:-770c',NULL,NULL,NULL,NULL,NULL,NULL,NULL,'REVITEM1e022843:141bb51155f:266','BRGY. LANIPAO RPT SHARE (30%)',NULL,NULL),('RULACT441bb08f:1436c079bff:-6cc2-0019','RACT441bb08f:1436c079bff:-6cc4-0019','ACTPARAM441bb08f:1436c079bff:-770c',NULL,NULL,NULL,NULL,NULL,NULL,NULL,'REVITEM1e022843:141bb51155f:2c41','BRGY. LUINAB RPT SHARE (30%)',NULL,NULL),('RULACT441bb08f:1436c079bff:-6cc2-0020','RACT441bb08f:1436c079bff:-6cc4-0020','ACTPARAM441bb08f:1436c079bff:-770c',NULL,NULL,NULL,NULL,NULL,NULL,NULL,'REVITEM1e022843:141bb51155f:5177','BRGY. MAHAYAHAY RPT SHARE (30%)',NULL,NULL),('RULACT441bb08f:1436c079bff:-6cc2-0021','RACT441bb08f:1436c079bff:-6cc4-0021','ACTPARAM441bb08f:1436c079bff:-770c',NULL,NULL,NULL,NULL,NULL,NULL,NULL,'REVITEM1e022843:141bb51155f:6ef8','BRGY. MAINIT RPT SHARE (30%)',NULL,NULL),('RULACT441bb08f:1436c079bff:-6cc2-0022','RACT441bb08f:1436c079bff:-6cc4-0022','ACTPARAM441bb08f:1436c079bff:-770c',NULL,NULL,NULL,NULL,NULL,NULL,NULL,'REVITEM1e022843:141bb55e9df:-6791','BRGY. MANDULOG RPT SHARE (30%)',NULL,NULL),('RULACT441bb08f:1436c079bff:-6cc2-0023','RACT441bb08f:1436c079bff:-6cc4-0023','ACTPARAM441bb08f:1436c079bff:-770c',NULL,NULL,NULL,NULL,NULL,NULL,NULL,'REVITEM1e022843:141bb55e9df:-43b8','BRGY. MARIA CRISTINA RPT SHARE (30%)',NULL,NULL),('RULACT441bb08f:1436c079bff:-6cc2-0024','RACT441bb08f:1436c079bff:-6cc4-0024','ACTPARAM441bb08f:1436c079bff:-770c',NULL,NULL,NULL,NULL,NULL,NULL,NULL,'REVITEM1e022843:141bb55e9df:1844','BRGY. PALA-O RPT SHARE (30%)',NULL,NULL),('RULACT441bb08f:1436c079bff:-6cc2-0025','RACT441bb08f:1436c079bff:-6cc4-0025','ACTPARAM441bb08f:1436c079bff:-770c',NULL,NULL,NULL,NULL,NULL,NULL,NULL,'REVITEM1e022843:141bb55e9df:3d21','BRGY. PANOROGANAN RPT SHARE (30%)',NULL,NULL),('RULACT441bb08f:1436c079bff:-6cc2-0026','RACT441bb08f:1436c079bff:-6cc4-0026','ACTPARAM441bb08f:1436c079bff:-770c',NULL,NULL,NULL,NULL,NULL,NULL,NULL,'REVITEM1e022843:141bb55e9df:6153','BRGY. PUGA-AN RPT SHARE (30%)',NULL,NULL),('RULACT441bb08f:1436c079bff:-6cc2-0027','RACT441bb08f:1436c079bff:-6cc4-0027','ACTPARAM441bb08f:1436c079bff:-770c',NULL,NULL,NULL,NULL,NULL,NULL,NULL,'REVITEM1e022843:141bb5ad19b:-7849','BRGY. TOMINOBO PROPER RPT SHARE (30%)',NULL,NULL),('RULACT441bb08f:1436c079bff:-6cc2-0028','RACT441bb08f:1436c079bff:-6cc4-0028','ACTPARAM441bb08f:1436c079bff:-770c',NULL,NULL,NULL,NULL,NULL,NULL,NULL,'REVITEM1e022843:141bb5ad19b:-259a','BRGY. ROGONGON RPT SHARE (30%)',NULL,NULL),('RULACT441bb08f:1436c079bff:-6cc2-0029','RACT441bb08f:1436c079bff:-6cc4-0029','ACTPARAM441bb08f:1436c079bff:-770c',NULL,NULL,NULL,NULL,NULL,NULL,NULL,'REVITEM1e022843:141bb5ad19b:-2da','BRGY. SAN MIGUEL RPT SHARE (30%)',NULL,NULL),('RULACT441bb08f:1436c079bff:-6cc2-0030','RACT441bb08f:1436c079bff:-6cc4-0030','ACTPARAM441bb08f:1436c079bff:-770c',NULL,NULL,NULL,NULL,NULL,NULL,NULL,'REVITEM1e022843:141bb5ad19b:1a09','BRGY. SAN ROQUE RPT SHARE (30%)',NULL,NULL),('RULACT441bb08f:1436c079bff:-6cc2-0031','RACT441bb08f:1436c079bff:-6cc4-0031','ACTPARAM441bb08f:1436c079bff:-770c',NULL,NULL,NULL,NULL,NULL,NULL,NULL,'REVITEM1e022843:141bb5ad19b:3a8a','BRGY. SANTIAGO RPT SHARE (30%)',NULL,NULL),('RULACT441bb08f:1436c079bff:-6cc2-0032','RACT441bb08f:1436c079bff:-6cc4-0032','ACTPARAM441bb08f:1436c079bff:-770c',NULL,NULL,NULL,NULL,NULL,NULL,NULL,'REVITEM1e022843:141bb5ad19b:50ef','BRGY. STA. ELENA RPT SHARE (30%)',NULL,NULL),('RULACT441bb08f:1436c079bff:-6cc2-0033','RACT441bb08f:1436c079bff:-6cc4-0033','ACTPARAM441bb08f:1436c079bff:-770c',NULL,NULL,NULL,NULL,NULL,NULL,NULL,'REVITEM1e022843:141bb6442b8:-6fad','BRGY. STA. FILOMENA RPT SHARE (30%)',NULL,NULL),('RULACT441bb08f:1436c079bff:-6cc2-0034','RACT441bb08f:1436c079bff:-6cc4-0034','ACTPARAM441bb08f:1436c079bff:-770c',NULL,NULL,NULL,NULL,NULL,NULL,NULL,'REVITEM1e022843:141bb6442b8:6121','BRGY. STO. ROSARIO RPT SHARE (30%)',NULL,NULL),('RULACT441bb08f:1436c079bff:-6cc2-0035','RACT441bb08f:1436c079bff:-6cc4-0035','ACTPARAM441bb08f:1436c079bff:-770c',NULL,NULL,NULL,NULL,NULL,NULL,NULL,'REVITEM1e022843:141bb6442b8:7d9f','BRGY. SARAY RPT SHARE (30%)',NULL,NULL),('RULACT441bb08f:1436c079bff:-6cc2-0036','RACT441bb08f:1436c079bff:-6cc4-0036','ACTPARAM441bb08f:1436c079bff:-770c',NULL,NULL,NULL,NULL,NULL,NULL,NULL,'REVITEM1e022843:141bb68fbf8:38d','BRGY. SUAREZ RPT SHARE (30%)',NULL,NULL),('RULACT441bb08f:1436c079bff:-6cc2-0037','RACT441bb08f:1436c079bff:-6cc4-0037','ACTPARAM441bb08f:1436c079bff:-770c',NULL,NULL,NULL,NULL,NULL,NULL,NULL,'REVITEM-1e253c27:1429d242e9c:-53aa','BRGY. TAMBACAN RPT SHARE (30%)',NULL,NULL),('RULACT441bb08f:1436c079bff:-6cc2-0038','RACT441bb08f:1436c079bff:-6cc4-0038','ACTPARAM441bb08f:1436c079bff:-770c',NULL,NULL,NULL,NULL,NULL,NULL,NULL,'REVITEM1e022843:141bb68fbf8:3e54','BRGY. TIBANGA RPT SHARE (30%)',NULL,NULL),('RULACT441bb08f:1436c079bff:-6cc2-0039','RACT441bb08f:1436c079bff:-6cc4-0039','ACTPARAM441bb08f:1436c079bff:-770c',NULL,NULL,NULL,NULL,NULL,NULL,NULL,'REVITEM1e022843:141bb68fbf8:6dca','BRGY. TIPANOY RPT SHARE (30%)',NULL,NULL),('RULACT441bb08f:1436c079bff:-6cc2-0040','RACT441bb08f:1436c079bff:-6cc4-0040','ACTPARAM441bb08f:1436c079bff:-770c',NULL,NULL,NULL,NULL,NULL,NULL,NULL,'REVITEM1e022843:141bb6db72b:-7316','BRGY. TUBOD RPT SHARE (30%)',NULL,NULL),('RULACT441bb08f:1436c079bff:-6cc2-0041','RACT441bb08f:1436c079bff:-6cc4-0041','ACTPARAM441bb08f:1436c079bff:-770c',NULL,NULL,NULL,NULL,NULL,NULL,NULL,'REVITEM1e022843:141bb6db72b:-5691','BRGY. UBALDO LAYA RPT SHARE (30%)',NULL,NULL),('RULACT441bb08f:1436c079bff:-6cc2-0042','RACT441bb08f:1436c079bff:-6cc4-0042','ACTPARAM441bb08f:1436c079bff:-770c',NULL,NULL,NULL,NULL,NULL,NULL,NULL,'REVITEM1e022843:141bb6db72b:-3858','BRGY. UPPER HINAPLANON RPT SHARE (30%)',NULL,NULL),('RULACT441bb08f:1436c079bff:-6cc2-0043','RACT441bb08f:1436c079bff:-6cc4-0043','ACTPARAM441bb08f:1436c079bff:-770c',NULL,NULL,NULL,NULL,NULL,NULL,NULL,'REVITEM1e022843:141bb6db72b:-f5d','BRGY. TOMINOBO UPPER RPT SHARE (30%)',NULL,NULL),('RULACT441bb08f:1436c079bff:-6cc2-0044','RACT441bb08f:1436c079bff:-6cc4-0044','ACTPARAM441bb08f:1436c079bff:-770c',NULL,NULL,NULL,NULL,NULL,NULL,NULL,'REVITEM1e022843:141bb6db72b:2235','BRGY. VILLAVERDE RPT SHARE (30%)',NULL,NULL),('RULACT441bb08f:1436c079bff:-6cc3','RACT441bb08f:1436c079bff:-6cc4','ACTPARAM441bb08f:1436c079bff:-7713',NULL,NULL,'RCOND441bb08f:1436c079bff:-6f73','RL',NULL,NULL,NULL,NULL,NULL,NULL,NULL),('RULACT441bb08f:1436c079bff:-6cc3-0002','RACT441bb08f:1436c079bff:-6cc4-0002','ACTPARAM441bb08f:1436c079bff:-7713',NULL,NULL,'RCOND441bb08f:1436c079bff:-6f73-0002','RL',NULL,NULL,NULL,NULL,NULL,NULL,NULL),('RULACT441bb08f:1436c079bff:-6cc3-0003','RACT441bb08f:1436c079bff:-6cc4-0003','ACTPARAM441bb08f:1436c079bff:-7713',NULL,NULL,'RCOND441bb08f:1436c079bff:-6f73-0003','RL',NULL,NULL,NULL,NULL,NULL,NULL,NULL),('RULACT441bb08f:1436c079bff:-6cc3-0004','RACT441bb08f:1436c079bff:-6cc4-0004','ACTPARAM441bb08f:1436c079bff:-7713',NULL,NULL,'RCOND441bb08f:1436c079bff:-6f73-0004','RL',NULL,NULL,NULL,NULL,NULL,NULL,NULL),('RULACT441bb08f:1436c079bff:-6cc3-0005','RACT441bb08f:1436c079bff:-6cc4-0005','ACTPARAM441bb08f:1436c079bff:-7713',NULL,NULL,'RCOND441bb08f:1436c079bff:-6f73-0005','RL',NULL,NULL,NULL,NULL,NULL,NULL,NULL),('RULACT441bb08f:1436c079bff:-6cc3-0006','RACT441bb08f:1436c079bff:-6cc4-0006','ACTPARAM441bb08f:1436c079bff:-7713',NULL,NULL,'RCOND441bb08f:1436c079bff:-6f73-0006','RL',NULL,NULL,NULL,NULL,NULL,NULL,NULL),('RULACT441bb08f:1436c079bff:-6cc3-0007','RACT441bb08f:1436c079bff:-6cc4-0007','ACTPARAM441bb08f:1436c079bff:-7713',NULL,NULL,'RCOND441bb08f:1436c079bff:-6f73-0007','RL',NULL,NULL,NULL,NULL,NULL,NULL,NULL),('RULACT441bb08f:1436c079bff:-6cc3-0008','RACT441bb08f:1436c079bff:-6cc4-0008','ACTPARAM441bb08f:1436c079bff:-7713',NULL,NULL,'RCOND441bb08f:1436c079bff:-6f73-0008','RL',NULL,NULL,NULL,NULL,NULL,NULL,NULL),('RULACT441bb08f:1436c079bff:-6cc3-0009','RACT441bb08f:1436c079bff:-6cc4-0009','ACTPARAM441bb08f:1436c079bff:-7713',NULL,NULL,'RCOND441bb08f:1436c079bff:-6f73-0009','RL',NULL,NULL,NULL,NULL,NULL,NULL,NULL),('RULACT441bb08f:1436c079bff:-6cc3-0010','RACT441bb08f:1436c079bff:-6cc4-0010','ACTPARAM441bb08f:1436c079bff:-7713',NULL,NULL,'RCOND441bb08f:1436c079bff:-6f73-0010','RL',NULL,NULL,NULL,NULL,NULL,NULL,NULL),('RULACT441bb08f:1436c079bff:-6cc3-0011','RACT441bb08f:1436c079bff:-6cc4-0011','ACTPARAM441bb08f:1436c079bff:-7713',NULL,NULL,'RCOND441bb08f:1436c079bff:-6f73-0011','RL',NULL,NULL,NULL,NULL,NULL,NULL,NULL),('RULACT441bb08f:1436c079bff:-6cc3-0012','RACT441bb08f:1436c079bff:-6cc4-0012','ACTPARAM441bb08f:1436c079bff:-7713',NULL,NULL,'RCOND441bb08f:1436c079bff:-6f73-0012','RL',NULL,NULL,NULL,NULL,NULL,NULL,NULL),('RULACT441bb08f:1436c079bff:-6cc3-0013','RACT441bb08f:1436c079bff:-6cc4-0013','ACTPARAM441bb08f:1436c079bff:-7713',NULL,NULL,'RCOND441bb08f:1436c079bff:-6f73-0013','RL',NULL,NULL,NULL,NULL,NULL,NULL,NULL),('RULACT441bb08f:1436c079bff:-6cc3-0014','RACT441bb08f:1436c079bff:-6cc4-0014','ACTPARAM441bb08f:1436c079bff:-7713',NULL,NULL,'RCOND441bb08f:1436c079bff:-6f73-0014','RL',NULL,NULL,NULL,NULL,NULL,NULL,NULL),('RULACT441bb08f:1436c079bff:-6cc3-0015','RACT441bb08f:1436c079bff:-6cc4-0015','ACTPARAM441bb08f:1436c079bff:-7713',NULL,NULL,'RCOND441bb08f:1436c079bff:-6f73-0015','RL',NULL,NULL,NULL,NULL,NULL,NULL,NULL),('RULACT441bb08f:1436c079bff:-6cc3-0016','RACT441bb08f:1436c079bff:-6cc4-0016','ACTPARAM441bb08f:1436c079bff:-7713',NULL,NULL,'RCOND441bb08f:1436c079bff:-6f73-0016','RL',NULL,NULL,NULL,NULL,NULL,NULL,NULL),('RULACT441bb08f:1436c079bff:-6cc3-0017','RACT441bb08f:1436c079bff:-6cc4-0017','ACTPARAM441bb08f:1436c079bff:-7713',NULL,NULL,'RCOND441bb08f:1436c079bff:-6f73-0017','RL',NULL,NULL,NULL,NULL,NULL,NULL,NULL),('RULACT441bb08f:1436c079bff:-6cc3-0018','RACT441bb08f:1436c079bff:-6cc4-0018','ACTPARAM441bb08f:1436c079bff:-7713',NULL,NULL,'RCOND441bb08f:1436c079bff:-6f73-0018','RL',NULL,NULL,NULL,NULL,NULL,NULL,NULL),('RULACT441bb08f:1436c079bff:-6cc3-0019','RACT441bb08f:1436c079bff:-6cc4-0019','ACTPARAM441bb08f:1436c079bff:-7713',NULL,NULL,'RCOND441bb08f:1436c079bff:-6f73-0019','RL',NULL,NULL,NULL,NULL,NULL,NULL,NULL),('RULACT441bb08f:1436c079bff:-6cc3-0020','RACT441bb08f:1436c079bff:-6cc4-0020','ACTPARAM441bb08f:1436c079bff:-7713',NULL,NULL,'RCOND441bb08f:1436c079bff:-6f73-0020','RL',NULL,NULL,NULL,NULL,NULL,NULL,NULL),('RULACT441bb08f:1436c079bff:-6cc3-0021','RACT441bb08f:1436c079bff:-6cc4-0021','ACTPARAM441bb08f:1436c079bff:-7713',NULL,NULL,'RCOND441bb08f:1436c079bff:-6f73-0021','RL',NULL,NULL,NULL,NULL,NULL,NULL,NULL),('RULACT441bb08f:1436c079bff:-6cc3-0022','RACT441bb08f:1436c079bff:-6cc4-0022','ACTPARAM441bb08f:1436c079bff:-7713',NULL,NULL,'RCOND441bb08f:1436c079bff:-6f73-0022','RL',NULL,NULL,NULL,NULL,NULL,NULL,NULL),('RULACT441bb08f:1436c079bff:-6cc3-0023','RACT441bb08f:1436c079bff:-6cc4-0023','ACTPARAM441bb08f:1436c079bff:-7713',NULL,NULL,'RCOND441bb08f:1436c079bff:-6f73-0023','RL',NULL,NULL,NULL,NULL,NULL,NULL,NULL),('RULACT441bb08f:1436c079bff:-6cc3-0024','RACT441bb08f:1436c079bff:-6cc4-0024','ACTPARAM441bb08f:1436c079bff:-7713',NULL,NULL,'RCOND441bb08f:1436c079bff:-6f73-0024','RL',NULL,NULL,NULL,NULL,NULL,NULL,NULL),('RULACT441bb08f:1436c079bff:-6cc3-0025','RACT441bb08f:1436c079bff:-6cc4-0025','ACTPARAM441bb08f:1436c079bff:-7713',NULL,NULL,'RCOND441bb08f:1436c079bff:-6f73-0025','RL',NULL,NULL,NULL,NULL,NULL,NULL,NULL),('RULACT441bb08f:1436c079bff:-6cc3-0026','RACT441bb08f:1436c079bff:-6cc4-0026','ACTPARAM441bb08f:1436c079bff:-7713',NULL,NULL,'RCOND441bb08f:1436c079bff:-6f73-0026','RL',NULL,NULL,NULL,NULL,NULL,NULL,NULL),('RULACT441bb08f:1436c079bff:-6cc3-0027','RACT441bb08f:1436c079bff:-6cc4-0027','ACTPARAM441bb08f:1436c079bff:-7713',NULL,NULL,'RCOND441bb08f:1436c079bff:-6f73-0027','RL',NULL,NULL,NULL,NULL,NULL,NULL,NULL),('RULACT441bb08f:1436c079bff:-6cc3-0028','RACT441bb08f:1436c079bff:-6cc4-0028','ACTPARAM441bb08f:1436c079bff:-7713',NULL,NULL,'RCOND441bb08f:1436c079bff:-6f73-0028','RL',NULL,NULL,NULL,NULL,NULL,NULL,NULL),('RULACT441bb08f:1436c079bff:-6cc3-0029','RACT441bb08f:1436c079bff:-6cc4-0029','ACTPARAM441bb08f:1436c079bff:-7713',NULL,NULL,'RCOND441bb08f:1436c079bff:-6f73-0029','RL',NULL,NULL,NULL,NULL,NULL,NULL,NULL),('RULACT441bb08f:1436c079bff:-6cc3-0030','RACT441bb08f:1436c079bff:-6cc4-0030','ACTPARAM441bb08f:1436c079bff:-7713',NULL,NULL,'RCOND441bb08f:1436c079bff:-6f73-0030','RL',NULL,NULL,NULL,NULL,NULL,NULL,NULL),('RULACT441bb08f:1436c079bff:-6cc3-0031','RACT441bb08f:1436c079bff:-6cc4-0031','ACTPARAM441bb08f:1436c079bff:-7713',NULL,NULL,'RCOND441bb08f:1436c079bff:-6f73-0031','RL',NULL,NULL,NULL,NULL,NULL,NULL,NULL),('RULACT441bb08f:1436c079bff:-6cc3-0032','RACT441bb08f:1436c079bff:-6cc4-0032','ACTPARAM441bb08f:1436c079bff:-7713',NULL,NULL,'RCOND441bb08f:1436c079bff:-6f73-0032','RL',NULL,NULL,NULL,NULL,NULL,NULL,NULL),('RULACT441bb08f:1436c079bff:-6cc3-0033','RACT441bb08f:1436c079bff:-6cc4-0033','ACTPARAM441bb08f:1436c079bff:-7713',NULL,NULL,'RCOND441bb08f:1436c079bff:-6f73-0033','RL',NULL,NULL,NULL,NULL,NULL,NULL,NULL),('RULACT441bb08f:1436c079bff:-6cc3-0034','RACT441bb08f:1436c079bff:-6cc4-0034','ACTPARAM441bb08f:1436c079bff:-7713',NULL,NULL,'RCOND441bb08f:1436c079bff:-6f73-0034','RL',NULL,NULL,NULL,NULL,NULL,NULL,NULL),('RULACT441bb08f:1436c079bff:-6cc3-0035','RACT441bb08f:1436c079bff:-6cc4-0035','ACTPARAM441bb08f:1436c079bff:-7713',NULL,NULL,'RCOND441bb08f:1436c079bff:-6f73-0035','RL',NULL,NULL,NULL,NULL,NULL,NULL,NULL),('RULACT441bb08f:1436c079bff:-6cc3-0036','RACT441bb08f:1436c079bff:-6cc4-0036','ACTPARAM441bb08f:1436c079bff:-7713',NULL,NULL,'RCOND441bb08f:1436c079bff:-6f73-0036','RL',NULL,NULL,NULL,NULL,NULL,NULL,NULL),('RULACT441bb08f:1436c079bff:-6cc3-0037','RACT441bb08f:1436c079bff:-6cc4-0037','ACTPARAM441bb08f:1436c079bff:-7713',NULL,NULL,'RCOND441bb08f:1436c079bff:-6f73-0037','RL',NULL,NULL,NULL,NULL,NULL,NULL,NULL),('RULACT441bb08f:1436c079bff:-6cc3-0038','RACT441bb08f:1436c079bff:-6cc4-0038','ACTPARAM441bb08f:1436c079bff:-7713',NULL,NULL,'RCOND441bb08f:1436c079bff:-6f73-0038','RL',NULL,NULL,NULL,NULL,NULL,NULL,NULL),('RULACT441bb08f:1436c079bff:-6cc3-0039','RACT441bb08f:1436c079bff:-6cc4-0039','ACTPARAM441bb08f:1436c079bff:-7713',NULL,NULL,'RCOND441bb08f:1436c079bff:-6f73-0039','RL',NULL,NULL,NULL,NULL,NULL,NULL,NULL),('RULACT441bb08f:1436c079bff:-6cc3-0040','RACT441bb08f:1436c079bff:-6cc4-0040','ACTPARAM441bb08f:1436c079bff:-7713',NULL,NULL,'RCOND441bb08f:1436c079bff:-6f73-0040','RL',NULL,NULL,NULL,NULL,NULL,NULL,NULL),('RULACT441bb08f:1436c079bff:-6cc3-0041','RACT441bb08f:1436c079bff:-6cc4-0041','ACTPARAM441bb08f:1436c079bff:-7713',NULL,NULL,'RCOND441bb08f:1436c079bff:-6f73-0041','RL',NULL,NULL,NULL,NULL,NULL,NULL,NULL),('RULACT441bb08f:1436c079bff:-6cc3-0042','RACT441bb08f:1436c079bff:-6cc4-0042','ACTPARAM441bb08f:1436c079bff:-7713',NULL,NULL,'RCOND441bb08f:1436c079bff:-6f73-0042','RL',NULL,NULL,NULL,NULL,NULL,NULL,NULL),('RULACT441bb08f:1436c079bff:-6cc3-0043','RACT441bb08f:1436c079bff:-6cc4-0043','ACTPARAM441bb08f:1436c079bff:-7713',NULL,NULL,'RCOND441bb08f:1436c079bff:-6f73-0043','RL',NULL,NULL,NULL,NULL,NULL,NULL,NULL),('RULACT441bb08f:1436c079bff:-6cc3-0044','RACT441bb08f:1436c079bff:-6cc4-0044','ACTPARAM441bb08f:1436c079bff:-7713',NULL,NULL,'RCOND441bb08f:1436c079bff:-6f73-0044','RL',NULL,NULL,NULL,NULL,NULL,NULL,NULL),('RULACT441bb08f:1436c079bff:-7046','RACT441bb08f:1436c079bff:-7048','ACTPARAM441bb08f:1436c079bff:-77cf',NULL,NULL,NULL,NULL,'BASICINT - BRGYINTSHARE - BASICINTPAID','expression',NULL,NULL,NULL,NULL,NULL),('RULACT441bb08f:1436c079bff:-7047','RACT441bb08f:1436c079bff:-7048','ACTPARAM441bb08f:1436c079bff:-77d6',NULL,NULL,'RCOND441bb08f:1436c079bff:-7529','RL',NULL,NULL,NULL,NULL,NULL,NULL,NULL),('RULACT441bb08f:1436c079bff:-711b','RACT441bb08f:1436c079bff:-711d','ACTPARAM441bb08f:1436c079bff:-781f',NULL,NULL,NULL,NULL,'( BASIC - BASICPAID - (BASICDISC - BASICDISCTAKEN)) -  BRGYSHARE','expression',NULL,NULL,NULL,NULL,NULL),('RULACT441bb08f:1436c079bff:-711c','RACT441bb08f:1436c079bff:-711d','ACTPARAM441bb08f:1436c079bff:-7826',NULL,NULL,'RCOND441bb08f:1436c079bff:-7529','RL',NULL,NULL,NULL,NULL,NULL,NULL,NULL),('RULACT6d66cc31:1446cc9522e:-7a11','RACT6d66cc31:1446cc9522e:-7a12','ACTPARAM6d66cc31:1446cc9522e:-7d3c',NULL,NULL,NULL,NULL,NULL,NULL,NULL,'RT6d66cc31:1446cc9522e:-7b1c','APPROVED PLAN',NULL,NULL),('RULACT6d66cc31:1446cc9522e:-7a2b','RACT6d66cc31:1446cc9522e:-7a2c','ACTPARAM6d66cc31:1446cc9522e:-7d3c',NULL,NULL,NULL,NULL,NULL,NULL,NULL,'RT6d66cc31:1446cc9522e:-7b43','TRANSFER TAX',NULL,NULL),('RULACT6d66cc31:1446cc9522e:-7a45','RACT6d66cc31:1446cc9522e:-7a46','ACTPARAM6d66cc31:1446cc9522e:-7d3c',NULL,NULL,NULL,NULL,NULL,NULL,NULL,'RT6d66cc31:1446cc9522e:-7b51','TITLE',NULL,NULL),('RULACT6d66cc31:1446cc9522e:-7a6b','RACT6d66cc31:1446cc9522e:-7a6c','ACTPARAM6d66cc31:1446cc9522e:-7d3c',NULL,NULL,NULL,NULL,NULL,NULL,NULL,'RT6d66cc31:1446cc9522e:-7b36','TAX CLEARANCE',NULL,NULL),('RULACTaa4e683:143e6f7bbf2:-65d1','RACTaa4e683:143e6f7bbf2:-65d3','ACTPARAM208348b4:141e2d2bd58:-7cb4',NULL,NULL,'RCONDaa4e683:143e6f7bbf2:-693d','RL',NULL,NULL,NULL,NULL,NULL,NULL,NULL),('RULACTaa4e683:143e6f7bbf2:-65d2','RACTaa4e683:143e6f7bbf2:-65d3','ACTPARAM208348b4:141e2d2bd58:-7cad',NULL,NULL,NULL,NULL,'SEF * 0.15','expression',NULL,NULL,NULL,NULL,NULL),('RULACTaa4e683:143e6f7bbf2:-6650','RACTaa4e683:143e6f7bbf2:-6652','ACTPARAM208348b4:141e2d2bd58:-7de2',NULL,NULL,'RCONDaa4e683:143e6f7bbf2:-693d','RL',NULL,NULL,NULL,NULL,NULL,NULL,NULL),('RULACTaa4e683:143e6f7bbf2:-6651','RACTaa4e683:143e6f7bbf2:-6652','ACTPARAM208348b4:141e2d2bd58:-7ddb',NULL,NULL,NULL,NULL,'BASIC * 0.15','expression',NULL,NULL,NULL,NULL,NULL);
/*!40000 ALTER TABLE `sys_rule_action_param` ENABLE KEYS */;
UNLOCK TABLES;

--
-- Dumping data for table `sys_rule_actiondef`
--

LOCK TABLES `sys_rule_actiondef` WRITE;
/*!40000 ALTER TABLE `sys_rule_actiondef` DISABLE KEYS */;
INSERT INTO `sys_rule_actiondef` VALUES ('RULADEF-2889615e:142fa67fc85:-7b7c','split_by_qtr','Schedule By Qtr',0,'split_by_qtr'),('RULADEF-2ead5abf:1419bd607e6:-7fd9','compute_business_tax','Compute Business Tax',2,'compute_businesstax'),('RULADEF-4a532d76:141ff563063:-7ef4','add_requirement','Add Requirement',0,'add_requirement'),('RULADEF-627533eb:141ed7a179f:-7d7d','compute_regfee','Compute Regulatory Fee',3,'compute_regfee'),('RULADEF-62a762db:14201d65080:-7576','print_test','Print Test. For debugging (developers) only.',100,'print_test'),('RULADEF-66879e9a:1422b236b58:-7d0f','calc_discount','Calculate Discount',2,'calc_discount'),('RULADEF-66879e9a:1422b236b58:-7d24','calc_interest','Calculate Interest',1,'calc_interest'),('RULADEF-67ecfd73:141f2b84ce7:-743c','bpassessment_sysvar','Add System Variable',8,'add_sysvar'),('RULADEF-67ecfd73:141f2b84ce7:-7b54','assert_business_info','Add Derived Business Info',1,'assert_business_info'),('RULADEF-738e3cc6:14459101d11:-6b0b','change_business_account','Change Business Account',10,'change_business_account'),('RULADEF17d6e7ce:141df4b60c2:-7e9e','calc-basic','Calculate Basic Tax',1,'calc-basic'),('RULADEF208348b4:141e2d2bd58:-7b83','calc-firecode','Calculate Fire Code',16,'calc-firecode'),('RULADEF208348b4:141e2d2bd58:-7bdb','calc-sefint-amnesty','Calculate SEF Interest Amnesty',15,'calc-sefint-amnesty'),('RULADEF208348b4:141e2d2bd58:-7c7b','calc-sef-amnesty','Calculate SEF Amnesty',14,'calc-sef-amnesty'),('RULADEF208348b4:141e2d2bd58:-7cba','calc-sefdisc','Calculate SEF Discount',12,'calc-sefdisc'),('RULADEF208348b4:141e2d2bd58:-7d1e','calc-sefint','Calculate SEF Interest',13,'calc-sefint'),('RULADEF208348b4:141e2d2bd58:-7d5f','calc-sef','Calculate SEF Tax',11,'calc-sef'),('RULADEF208348b4:141e2d2bd58:-7d97','calc-basicint-amnesty','Calculate Basic Interest Amnesty',5,'calc-basicint-amnesty'),('RULADEF208348b4:141e2d2bd58:-7dc2','calc-basic-amnesty','Calculate Basic Amnesty',4,'calc-basic-amnesty'),('RULADEF208348b4:141e2d2bd58:-7de8','calc-basicdisc','Calculate Basic Discount',2,'calc-basicdisc'),('RULADEF208348b4:141e2d2bd58:-7e60','calc-basicint','Calculate Basic Interest',3,'calc-basicint'),('RULADEF33e8cb24:1423c4b40b2:-6aeb','select_taxfee','Select Tax Fee Account',5,'select_taxfee'),('RULADEF33e8cb24:1423c4b40b2:-7f34','remove_taxfee','Remove Tax Fee',5,'remove_taxfee'),('RULADEF367174cc:141a62bd0d8:-4486','ask_business_info','Ask Business Info',1,'ask_business_info'),('RULADEF441bb08f:1436c079bff:-76b4','calc-brgyint-share','Calculate Barangay Interest Share',22,'calc-brgyint-share'),('RULADEF441bb08f:1436c079bff:-771e','calc-brgyshare','Calculate Barangay Share',21,'calc-brgyshare'),('RULADEF441bb08f:1436c079bff:-77e1','calc-lguint-share','Calculate LGU Interest Share',32,'calc-lguint-share'),('RULADEF441bb08f:1436c079bff:-7831','calc-lgushare','Calculate LGU Share',31,'calc-lgushare'),('RULADEF441bb08f:1436c079bff:-7891','calc-provint-share','Calculate Province Interest Share',26,'calc-provint-share'),('RULADEF441bb08f:1436c079bff:-78ee','calc-provshare','Calculate Province Share',25,'calc-provshare'),('RULADEF6d66cc31:1446cc9522e:-7d56','add-requirement','Add Requirement',1,'add-requirement'),('RULADEF72bb01b1:141b1fdca80:-7e34','update_taxfee','Update Tax Fee Amount',5,'update_taxfee'),('RULADEF73d37911:141edb9db9a:-7f30','compute_other_charge','Compute Other Charge',4,'compute_othercharge'),('RULADEF7ee0ab5e:141b6a15885:-7f52','calc_surcharge','Calculate Surcharge',0,'calc_surcharge');
/*!40000 ALTER TABLE `sys_rule_actiondef` ENABLE KEYS */;
UNLOCK TABLES;

--
-- Dumping data for table `sys_rule_actiondef_param`
--

LOCK TABLES `sys_rule_actiondef_param` WRITE;
/*!40000 ALTER TABLE `sys_rule_actiondef_param` DISABLE KEYS */;
INSERT INTO `sys_rule_actiondef_param` VALUES ('ACTPARAM-2889615e:142fa67fc85:-7b71','RULADEF-2889615e:142fa67fc85:-7b7c','billitem',1,'Bill Item Account',NULL,'var',NULL,NULL,NULL,'bpls.facts.BillItem',NULL),('ACTPARAM-38b4c365:141f3574da5:-7f8f','RULADEF-67ecfd73:141f2b84ce7:-743c','aggregate',2,'Aggregate Type',NULL,'lov',NULL,NULL,NULL,NULL,'RULE_AGGREGATE_FUNCTIONS'),('ACTPARAM-3f19ce39:141ff0de421:-7e8a','RULADEF72bb01b1:141b1fdca80:-7e34','taxfee',1,'Tax Fee',NULL,'var',NULL,NULL,NULL,'bpls.facts.TaxFeeAccount',NULL),('ACTPARAM-42dc4039:141afcf5119:-7e59','RULADEF367174cc:141a62bd0d8:-4486','lob',1,'Line of Business',NULL,'var',NULL,NULL,NULL,'bpls.facts.LOB',NULL),('ACTPARAM-42dc4039:141afcf5119:-7fc4','RULADEF-2ead5abf:1419bd607e6:-7fd9','account',2,'Account',NULL,'lookup','revenueitem:lookup','objid','title',NULL,NULL),('ACTPARAM-4a532d76:141ff563063:-7edf','RULADEF-4a532d76:141ff563063:-7ef4','step',2,'Required Before',NULL,'lov',NULL,NULL,NULL,NULL,'BP_APPLICATION_STEPS'),('ACTPARAM-4a532d76:141ff563063:-7eec','RULADEF-4a532d76:141ff563063:-7ef4','type',1,'Requirement Type',NULL,'lookup','businessrequirement:lookup','objid','title',NULL,NULL),('ACTPARAM-627533eb:141ed7a179f:-7d61','RULADEF-627533eb:141ed7a179f:-7d7d','amount',3,'Amount',NULL,'expression',NULL,NULL,NULL,NULL,NULL),('ACTPARAM-627533eb:141ed7a179f:-7d6e','RULADEF-627533eb:141ed7a179f:-7d7d','account',2,'Account',NULL,'lookup','revenueitem:lookup','objid','title',NULL,NULL),('ACTPARAM-627533eb:141ed7a179f:-7d75','RULADEF-627533eb:141ed7a179f:-7d7d','lob',1,'Line of Business',NULL,'var',NULL,NULL,NULL,'bpls.facts.LOB',NULL),('ACTPARAM-62a762db:14201d65080:-756e','RULADEF-62a762db:14201d65080:-7576','message',1,'Message',NULL,'expression',NULL,NULL,NULL,NULL,NULL),('ACTPARAM-66879e9a:1422b236b58:-7b1c','RULADEF-66879e9a:1422b236b58:-7d0f','amount',2,'Amount',NULL,'expression',NULL,NULL,NULL,NULL,NULL),('ACTPARAM-66879e9a:1422b236b58:-7b23','RULADEF-66879e9a:1422b236b58:-7d0f','billitem',1,'Bill Item',NULL,'var',NULL,NULL,NULL,'bpls.facts.BillItem',NULL),('ACTPARAM-66879e9a:1422b236b58:-7b40','RULADEF-66879e9a:1422b236b58:-7d24','amount',2,'Amount',NULL,'expression',NULL,NULL,NULL,NULL,NULL),('ACTPARAM-66879e9a:1422b236b58:-7b47','RULADEF-66879e9a:1422b236b58:-7d24','billitem',1,'Bill Item',NULL,'var',NULL,NULL,NULL,'bpls.facts.BillItem',NULL),('ACTPARAM-66879e9a:1422b236b58:-7ca9','RULADEF7ee0ab5e:141b6a15885:-7f52','billitem',1,'Bill Item',NULL,'var',NULL,NULL,NULL,'bpls.facts.BillItem',NULL),('ACTPARAM-67ecfd73:141f2b84ce7:-724b','RULADEF-67ecfd73:141f2b84ce7:-743c','datatype',3,'Value Data Type',NULL,'lov',NULL,NULL,NULL,NULL,'RULE_VAR_DATATYPE'),('ACTPARAM-67ecfd73:141f2b84ce7:-739d','RULADEF-67ecfd73:141f2b84ce7:-743c','value',4,'Value',NULL,'expression',NULL,NULL,NULL,NULL,NULL),('ACTPARAM-67ecfd73:141f2b84ce7:-73a4','RULADEF-67ecfd73:141f2b84ce7:-743c','name',1,'Variable Name','string','string',NULL,NULL,NULL,'string',NULL),('ACTPARAM-67ecfd73:141f2b84ce7:-79b7','RULADEF-67ecfd73:141f2b84ce7:-7b54','value',3,'Value',NULL,'expression',NULL,NULL,NULL,NULL,NULL),('ACTPARAM-67ecfd73:141f2b84ce7:-7a33','RULADEF-67ecfd73:141f2b84ce7:-7b54','attribute',2,'Attribute',NULL,'lookup','businessvariable:lookup','objid','name',NULL,NULL),('ACTPARAM-67ecfd73:141f2b84ce7:-7b4c','RULADEF-67ecfd73:141f2b84ce7:-7b54','lob',1,'Line of Business',NULL,'var',NULL,NULL,NULL,'bpls.facts.LOB',NULL),('ACTPARAM-70cdc17d:141ab4f4c27:-7ebb','RULADEF-2ead5abf:1419bd607e6:-7fd9','lob',1,'LOB',NULL,'var',NULL,NULL,NULL,'bpls.facts.LOB',NULL),('ACTPARAM-738e3cc6:14459101d11:-6afb','RULADEF-738e3cc6:14459101d11:-6b0b','account',2,'Business Account',NULL,'lookup','revenueitem:lookup','objid','title',NULL,NULL),('ACTPARAM-738e3cc6:14459101d11:-6b02','RULADEF-738e3cc6:14459101d11:-6b0b','taxfee',1,'Tax Fee Account',NULL,'var',NULL,NULL,NULL,'bpls.facts.TaxFeeAccount',NULL),('ACTPARAM-738e3cc6:14459101d11:-7f43','RULADEF-66879e9a:1422b236b58:-7d24','account',3,'Interest Account',NULL,'lookup','revenueitem:lookup','objid','title',NULL,NULL),('ACTPARAM-738e3cc6:14459101d11:-7f63','RULADEF7ee0ab5e:141b6a15885:-7f52','account',3,'Surcharge Account',NULL,'lookup','revenueitem:lookup','objid','title',NULL,NULL),('ACTPARAM14a6f1c4:1419beaa022:-7fcf','RULADEF-2ead5abf:1419bd607e6:-7fd9','amount',3,'Amount',NULL,'expression',NULL,NULL,NULL,NULL,NULL),('ACTPARAM17d6e7ce:141df4b60c2:-7b72','RULADEF17d6e7ce:141df4b60c2:-7e9e','revtype',1,'Revenue Period',NULL,'lookup','rptrevtype:lookup','value','value',NULL,NULL),('ACTPARAM17d6e7ce:141df4b60c2:-7b7f','RULADEF17d6e7ce:141df4b60c2:-7e9e','basicacct',2,'Basic Account',NULL,'lookup','revenueitem:lookup','objid','title',NULL,NULL),('ACTPARAM17d6e7ce:141df4b60c2:-7b86','RULADEF17d6e7ce:141df4b60c2:-7e9e','expr',3,'Computation Formula',NULL,'expression',NULL,NULL,NULL,NULL,NULL),('ACTPARAM17d6e7ce:141df4b60c2:-7b8d','RULADEF17d6e7ce:141df4b60c2:-7e9e','rptledger',4,'Ledger',NULL,'var',NULL,NULL,NULL,'RPTLedgerFact',NULL),('ACTPARAM208348b4:141e2d2bd58:-7b6f','RULADEF208348b4:141e2d2bd58:-7b83','firecodeacct',1,'Account',NULL,'lookup','revenueitem:lookup','objid','title',NULL,NULL),('ACTPARAM208348b4:141e2d2bd58:-7b76','RULADEF208348b4:141e2d2bd58:-7b83','expr',2,'Computation Formula',NULL,'expression',NULL,NULL,NULL,NULL,NULL),('ACTPARAM208348b4:141e2d2bd58:-7b7d','RULADEF208348b4:141e2d2bd58:-7b83','rptledger',3,'Ledger',NULL,'var',NULL,NULL,NULL,'RPTLedgerFact',NULL),('ACTPARAM208348b4:141e2d2bd58:-7bce','RULADEF208348b4:141e2d2bd58:-7bdb','expr',1,'Computation Formula',NULL,'expression',NULL,NULL,NULL,NULL,NULL),('ACTPARAM208348b4:141e2d2bd58:-7bd5','RULADEF208348b4:141e2d2bd58:-7bdb','rptledger',2,'Ledger',NULL,'var',NULL,NULL,NULL,'RPTLedgerFact',NULL),('ACTPARAM208348b4:141e2d2bd58:-7c6e','RULADEF208348b4:141e2d2bd58:-7c7b','expr',1,'Computation Formula',NULL,'expression',NULL,NULL,NULL,NULL,NULL),('ACTPARAM208348b4:141e2d2bd58:-7c75','RULADEF208348b4:141e2d2bd58:-7c7b','rptledger',2,'Ledger',NULL,'var',NULL,NULL,NULL,'RPTLedgerFact',NULL),('ACTPARAM208348b4:141e2d2bd58:-7cad','RULADEF208348b4:141e2d2bd58:-7cba','expr',1,'Computation Formula',NULL,'expression',NULL,NULL,NULL,NULL,NULL),('ACTPARAM208348b4:141e2d2bd58:-7cb4','RULADEF208348b4:141e2d2bd58:-7cba','rptledger',2,'Ledger',NULL,'var',NULL,NULL,NULL,'RPTLedgerFact',NULL),('ACTPARAM208348b4:141e2d2bd58:-7cfe','RULADEF208348b4:141e2d2bd58:-7d1e','sefintacct',1,'Account',NULL,'lookup','revenueitem:lookup','objid','title',NULL,NULL),('ACTPARAM208348b4:141e2d2bd58:-7d05','RULADEF208348b4:141e2d2bd58:-7d1e','expr',2,'Computation Formula',NULL,'expression',NULL,NULL,NULL,NULL,NULL),('ACTPARAM208348b4:141e2d2bd58:-7d18','RULADEF208348b4:141e2d2bd58:-7d1e','rptledger',3,'Ledger',NULL,'var',NULL,NULL,NULL,'RPTLedgerFact',NULL),('ACTPARAM208348b4:141e2d2bd58:-7d4b','RULADEF208348b4:141e2d2bd58:-7d5f','sefacct',1,'Account',NULL,'lookup','revenueitem:lookup','objid','title',NULL,NULL),('ACTPARAM208348b4:141e2d2bd58:-7d52','RULADEF208348b4:141e2d2bd58:-7d5f','expr',2,'Computation Formula',NULL,'expression',NULL,NULL,NULL,NULL,NULL),('ACTPARAM208348b4:141e2d2bd58:-7d59','RULADEF208348b4:141e2d2bd58:-7d5f','rptledger',3,'Ledger',NULL,'var',NULL,NULL,NULL,'RPTLedgerFact',NULL),('ACTPARAM208348b4:141e2d2bd58:-7d8a','RULADEF208348b4:141e2d2bd58:-7d97','expr',1,'Computation Formula',NULL,'expression',NULL,NULL,NULL,NULL,NULL),('ACTPARAM208348b4:141e2d2bd58:-7d91','RULADEF208348b4:141e2d2bd58:-7d97','rptledger',2,'Ledger',NULL,'var',NULL,NULL,NULL,'RPTLedgerFact',NULL),('ACTPARAM208348b4:141e2d2bd58:-7db5','RULADEF208348b4:141e2d2bd58:-7dc2','expr',1,'Computation Formula',NULL,'expression',NULL,NULL,NULL,NULL,NULL),('ACTPARAM208348b4:141e2d2bd58:-7dbc','RULADEF208348b4:141e2d2bd58:-7dc2','rptledger',2,'Ledger',NULL,'var',NULL,NULL,NULL,'RPTLedgerFact',NULL),('ACTPARAM208348b4:141e2d2bd58:-7ddb','RULADEF208348b4:141e2d2bd58:-7de8','expr',1,'Computation Formula',NULL,'expression',NULL,NULL,NULL,NULL,NULL),('ACTPARAM208348b4:141e2d2bd58:-7de2','RULADEF208348b4:141e2d2bd58:-7de8','rptledger',2,'Ledger',NULL,'var',NULL,NULL,NULL,'RPTLedgerFact',NULL),('ACTPARAM208348b4:141e2d2bd58:-7e4c','RULADEF208348b4:141e2d2bd58:-7e60','basicintacct',1,'Account',NULL,'lookup','revenueitem:lookup','objid','title',NULL,NULL),('ACTPARAM208348b4:141e2d2bd58:-7e53','RULADEF208348b4:141e2d2bd58:-7e60','expr',2,'Computation Formula',NULL,'expression',NULL,NULL,NULL,NULL,NULL),('ACTPARAM208348b4:141e2d2bd58:-7e5a','RULADEF208348b4:141e2d2bd58:-7e60','rptledger',3,'Ledger',NULL,'var',NULL,NULL,NULL,'RPTLedgerFact',NULL),('ACTPARAM33e8cb24:1423c4b40b2:-6adc','RULADEF33e8cb24:1423c4b40b2:-6aeb','taxfeeaccount',1,'Tax Fee Account',NULL,'var',NULL,NULL,NULL,'bpls.facts.TaxFeeAccount',NULL),('ACTPARAM33e8cb24:1423c4b40b2:-7e2a','RULADEF33e8cb24:1423c4b40b2:-7f34','taxfee',1,'Tax Fee Account',NULL,'var',NULL,NULL,NULL,'bpls.facts.TaxFeeAccount',NULL),('ACTPARAM367174cc:141a62bd0d8:18c4','RULADEF367174cc:141a62bd0d8:-4486','attribute',2,'Attribute',NULL,'lookup','businessvariable:lookup','objid','name','string',NULL),('ACTPARAM441bb08f:1436c079bff:-7697','RULADEF441bb08f:1436c079bff:-76b4','expr',3,'Computation',NULL,'expression',NULL,NULL,NULL,NULL,NULL),('ACTPARAM441bb08f:1436c079bff:-76a4','RULADEF441bb08f:1436c079bff:-76b4','brgyintshareacct',2,'Account',NULL,'lookup','revenueitem:lookup','objid','title',NULL,NULL),('ACTPARAM441bb08f:1436c079bff:-76ab','RULADEF441bb08f:1436c079bff:-76b4','rptledger',1,'Ledger Reference',NULL,'var',NULL,NULL,NULL,'RPTLedgerFact',NULL),('ACTPARAM441bb08f:1436c079bff:-76ff','RULADEF441bb08f:1436c079bff:-771e','expr',3,'Computation',NULL,'expression',NULL,NULL,NULL,NULL,NULL),('ACTPARAM441bb08f:1436c079bff:-770c','RULADEF441bb08f:1436c079bff:-771e','brgyshareacct',2,'Account',NULL,'lookup','revenueitem:lookup','objid','title',NULL,NULL),('ACTPARAM441bb08f:1436c079bff:-7713','RULADEF441bb08f:1436c079bff:-771e','rptledger',1,'Ledger Reference',NULL,'var',NULL,NULL,NULL,'RPTLedgerFact',NULL),('ACTPARAM441bb08f:1436c079bff:-77cf','RULADEF441bb08f:1436c079bff:-77e1','expr',2,'Computation',NULL,'expression',NULL,NULL,NULL,NULL,NULL),('ACTPARAM441bb08f:1436c079bff:-77d6','RULADEF441bb08f:1436c079bff:-77e1','rptledger',1,'Ledger Reference',NULL,'var',NULL,NULL,NULL,'RPTLedgerFact',NULL),('ACTPARAM441bb08f:1436c079bff:-781f','RULADEF441bb08f:1436c079bff:-7831','expr',2,'Computation',NULL,'expression',NULL,NULL,NULL,NULL,NULL),('ACTPARAM441bb08f:1436c079bff:-7826','RULADEF441bb08f:1436c079bff:-7831','rptledger',1,'Ledger Reference',NULL,'var',NULL,NULL,NULL,'RPTLedgerFact',NULL),('ACTPARAM441bb08f:1436c079bff:-7872','RULADEF441bb08f:1436c079bff:-7891','expr',3,'Computation',NULL,'expression',NULL,NULL,NULL,NULL,NULL),('ACTPARAM441bb08f:1436c079bff:-787f','RULADEF441bb08f:1436c079bff:-7891','provintshareacct',2,'Account',NULL,'lookup','revenueitem:lookup','objid','title',NULL,NULL),('ACTPARAM441bb08f:1436c079bff:-7886','RULADEF441bb08f:1436c079bff:-7891','rptledger',1,'Ledger Reference',NULL,'var',NULL,NULL,NULL,'RPTLedgerFact',NULL),('ACTPARAM441bb08f:1436c079bff:-78cf','RULADEF441bb08f:1436c079bff:-78ee','expr',3,'Computation',NULL,'expression',NULL,NULL,NULL,NULL,NULL),('ACTPARAM441bb08f:1436c079bff:-78dc','RULADEF441bb08f:1436c079bff:-78ee','provshareacct',2,'Account',NULL,'lookup','revenueitem:lookup','objid','title',NULL,NULL),('ACTPARAM441bb08f:1436c079bff:-78e3','RULADEF441bb08f:1436c079bff:-78ee','rptledger',1,'Ledger Reference',NULL,'var',NULL,NULL,NULL,'RPTLedgerFact',NULL),('ACTPARAM61c9e5c1:1423cdbf146:-7dcd','RULADEF33e8cb24:1423c4b40b2:-6aeb','selectoption',2,'Select Option',NULL,'lov',NULL,NULL,NULL,NULL,'TAXFEE_SELECT_OPTION'),('ACTPARAM6d66cc31:1446cc9522e:-7d3c','RULADEF6d66cc31:1446cc9522e:-7d56','requirementtype',1,'Requirement Type',NULL,'lookup','rptrequirementtype:lookup','objid','name',NULL,NULL),('ACTPARAM72bb01b1:141b1fdca80:-7d98','RULADEF72bb01b1:141b1fdca80:-7e34','amount',2,'Amount',NULL,'expression',NULL,NULL,NULL,NULL,NULL),('ACTPARAM73d37911:141edb9db9a:-7f14','RULADEF73d37911:141edb9db9a:-7f30','amount',3,'Amount',NULL,'expression',NULL,NULL,NULL,NULL,NULL),('ACTPARAM73d37911:141edb9db9a:-7f21','RULADEF73d37911:141edb9db9a:-7f30','account',2,'Account',NULL,'lookup','revenueitem:lookup','objid','title',NULL,NULL),('ACTPARAM73d37911:141edb9db9a:-7f28','RULADEF73d37911:141edb9db9a:-7f30','lob',1,'Line of Business',NULL,'var',NULL,NULL,NULL,'bpls.facts.LOB',NULL),('ACTPARAM7c61bd6d:1423fce917f:-7e73','RULADEF367174cc:141a62bd0d8:-4486','defaultvalue',3,'Default Value','string','string',NULL,NULL,NULL,'string',NULL),('ACTPARAM7ee0ab5e:141b6a15885:-7f4c','RULADEF7ee0ab5e:141b6a15885:-7f52','amount',2,'Amount',NULL,'expression',NULL,NULL,NULL,NULL,NULL);
/*!40000 ALTER TABLE `sys_rule_actiondef_param` ENABLE KEYS */;
UNLOCK TABLES;

--
-- Dumping data for table `sys_rule_condition`
--

LOCK TABLES `sys_rule_condition` WRITE;
/*!40000 ALTER TABLE `sys_rule_condition` DISABLE KEYS */;
INSERT INTO `sys_rule_condition` VALUES ('RCOND-20919e10:141e3f76dc8:-64b1','RUL-20919e10:141e3f76dc8:-651b','rptledger','RULFACT17d6e7ce:141df4b60c2:-7fd3','RL',1,NULL,NULL,NULL,NULL,NULL),('RCOND-20919e10:141e3f76dc8:-64eb','RUL-20919e10:141e3f76dc8:-651b','currentdate','RULFACT49ae4bad:141e3b6758c:-7ba3',NULL,0,NULL,NULL,NULL,NULL,NULL),('RCOND-20919e10:141e3f76dc8:-6cfe','RUL-20919e10:141e3f76dc8:-6fa4','currentdate','RULFACT49ae4bad:141e3b6758c:-7ba3',NULL,0,NULL,NULL,NULL,NULL,NULL),('RCOND-20919e10:141e3f76dc8:-7715','RUL-20919e10:141e3f76dc8:-777f','rptledger','RULFACT17d6e7ce:141df4b60c2:-7fd3','RL',1,NULL,NULL,NULL,NULL,NULL),('RCOND-20919e10:141e3f76dc8:-774f','RUL-20919e10:141e3f76dc8:-777f','currentdate','RULFACT49ae4bad:141e3b6758c:-7ba3',NULL,0,NULL,NULL,NULL,NULL,NULL),('RCOND-20919e10:141e3f76dc8:-7b76','RUL-20919e10:141e3f76dc8:-7be8','rptledger','RULFACT17d6e7ce:141df4b60c2:-7fd3','RL',1,NULL,NULL,NULL,NULL,NULL),('RCOND-20919e10:141e3f76dc8:-7bb8','RUL-20919e10:141e3f76dc8:-7be8','currentdate','RULFACT49ae4bad:141e3b6758c:-7ba3',NULL,0,NULL,NULL,NULL,NULL,NULL),('RCOND-20919e10:141e3f76dc8:-7de5','RUL-20919e10:141e3f76dc8:-7e4f','rptledger','RULFACT17d6e7ce:141df4b60c2:-7fd3','RL',1,NULL,NULL,NULL,NULL,NULL),('RCOND-20919e10:141e3f76dc8:-7e1f','RUL-20919e10:141e3f76dc8:-7e4f','currentdate','RULFACT49ae4bad:141e3b6758c:-7ba3',NULL,0,NULL,NULL,NULL,NULL,NULL),('RCOND-2a4d2fa5:1422bad4acc:-7919','RUL-2a4d2fa5:1422bad4acc:-7957','rptledger','RULFACT17d6e7ce:141df4b60c2:-7fd3','RL',0,NULL,NULL,NULL,NULL,NULL),('RCOND-36ba5ccb:1430894b791:-5f71','RUL-36ba5ccb:1430894b791:-6677','BillDate','RULFACT-46f22f55:14231734d86:-7eca',NULL,1,NULL,NULL,NULL,NULL,NULL),('RCOND-36ba5ccb:1430894b791:-5ff4','RUL-36ba5ccb:1430894b791:-6677','qtrdate','RULFACT-fd57605:142324ab5d2:-7f33',NULL,0,NULL,NULL,NULL,NULL,NULL),('RCOND-3dc4dd90:14451e4a9d5:-6b1c','RUL44624045:143fad5bbe3:-6586','regfee','RULFACT-1f3e2b64:14230dd8f62:-7e29','RF',3,NULL,NULL,NULL,NULL,NULL),('RCOND-3dc4dd90:14451e4a9d5:-6bff','RUL44624045:143fad5bbe3:-6586','lob','RULFACT-76732870:14196dc4027:-7f87','LOB',2,NULL,NULL,NULL,NULL,NULL),('RCOND-3dc4dd90:14451e4a9d5:-6e9e','RUL-36ba5ccb:1430894b791:-6677','businesstax','RULFACT-1f3e2b64:14230dd8f62:-7eb6','BT',3,NULL,NULL,NULL,NULL,NULL),('RCOND-3dc4dd90:14451e4a9d5:-6f12','RUL-36ba5ccb:1430894b791:-6677','lob','RULFACT-76732870:14196dc4027:-7f87','LOB',2,NULL,NULL,NULL,NULL,NULL),('RCOND-43d54639:143600ea5ae:-7e0e','RUL53eaacea:143600ac457:-7fb2','bpapplication','RULFACT-26aa09fd:1419696e71f:-7feb',NULL,0,NULL,NULL,NULL,NULL,NULL),('RCOND-4fd26d3d:142fa7a65f9:-7124','RUL-4fd26d3d:142fa7a65f9:-7200','businesstax','RULFACT-1f3e2b64:14230dd8f62:-7eb6','BT',1,NULL,NULL,NULL,NULL,NULL),('RCOND-4fd26d3d:142fa7a65f9:-71a1','RUL-4fd26d3d:142fa7a65f9:-7200','lob','RULFACT-76732870:14196dc4027:-7f87','LOB',0,NULL,NULL,NULL,NULL,NULL),('RCOND-4fd26d3d:142fa7a65f9:-7414','RUL2491462a:142fa35d130:-5a95','businesstax','RULFACT-1f3e2b64:14230dd8f62:-7eb6','BT',1,NULL,NULL,NULL,NULL,NULL),('RCOND-4fd26d3d:142fa7a65f9:-7492','RUL2491462a:142fa35d130:-5a95','lob','RULFACT-76732870:14196dc4027:-7f87','LOB',0,NULL,NULL,NULL,NULL,NULL),('RCOND-5c8064e4:143fb646ea9:-77b3','RUL44624045:143fad5bbe3:-6586','qtrdate','RULFACT-fd57605:142324ab5d2:-7f33',NULL,3,NULL,NULL,NULL,NULL,NULL),('RCOND-5c8064e4:143fb646ea9:-7c35','RUL44624045:143fad5bbe3:-6586','BillDate','RULFACT-46f22f55:14231734d86:-7eca',NULL,1,NULL,NULL,NULL,NULL,NULL),('RCOND-6bef6bd6:14303fc14ea:-7f77','RUL-2a4d2fa5:1422bad4acc:-7957','currentdate','RULFACT49ae4bad:141e3b6758c:-7ba3',NULL,1,NULL,NULL,NULL,NULL,NULL),('RCOND-72a9958a:141e4770339:-6684','RUL-72a9958a:141e4770339:-6728','rptledger','RULFACT17d6e7ce:141df4b60c2:-7fd3','RL',1,NULL,NULL,NULL,NULL,NULL),('RCOND-72a9958a:141e4770339:-66eb','RUL-72a9958a:141e4770339:-6728','currentdate','RULFACT49ae4bad:141e3b6758c:-7ba3',NULL,0,NULL,NULL,NULL,NULL,NULL),('RCOND-72a9958a:141e4770339:-7a15','RUL-20919e10:141e3f76dc8:-6107','rptledger','RULFACT17d6e7ce:141df4b60c2:-7fd3','RL',1,NULL,NULL,NULL,NULL,NULL),('RCOND-72a9958a:141e4770339:-7f00','RUL-20919e10:141e3f76dc8:-6fa4','rptledger','RULFACT17d6e7ce:141df4b60c2:-7fd3','RL',1,NULL,NULL,NULL,NULL,NULL),('RCOND-7c13908b:1435065d2a1:-661a','RUL-7c13908b:1435065d2a1:-66d7','rptledger','RULFACT17d6e7ce:141df4b60c2:-7fd3','RL',1,NULL,NULL,NULL,NULL,NULL),('RCOND-7c13908b:1435065d2a1:-6657','RUL-7c13908b:1435065d2a1:-66d7','currentdate','RULFACT49ae4bad:141e3b6758c:-7ba3',NULL,0,NULL,NULL,NULL,NULL,NULL),('RCOND-7e9d4ac4:1421b9d7ba4:-7c48','RUL-7e9d4ac4:1421b9d7ba4:-7d51','rptledger','RULFACT17d6e7ce:141df4b60c2:-7fd3','RL',1,NULL,NULL,NULL,NULL,NULL),('RCOND-7e9d4ac4:1421b9d7ba4:-7cb5','RUL-7e9d4ac4:1421b9d7ba4:-7d51','currentdate','RULFACT49ae4bad:141e3b6758c:-7ba3',NULL,0,NULL,NULL,NULL,NULL,NULL),('RCOND1dc7a3de:142b70df9f8:-7f13','RUL1dc7a3de:142b70df9f8:-7fb7','businessinfo','RULFACT-bad19b4:141f3c18435:-7fa9',NULL,1,NULL,NULL,'integer','NUM_EMPLOYEE_FEMALE','NUM_EMPLOYEE_FEMALE'),('RCOND1dc7a3de:142b70df9f8:-7f5e','RUL1dc7a3de:142b70df9f8:-7fb7','businessinfo','RULFACT-bad19b4:141f3c18435:-7fa9',NULL,0,NULL,NULL,'integer','NUM_EMPLOYEE_MALE','NUM_EMPLOYEE_MALE'),('RCOND2659bca9:142b667ccd3:-7d1c','RUL2659bca9:142b667ccd3:-7f3f','bpapplication','RULFACT-26aa09fd:1419696e71f:-7feb',NULL,0,NULL,NULL,NULL,NULL,NULL),('RCOND270217d9:143576614a1:-7a52','RUL270217d9:143576614a1:-7c3c','assessedvalue','RULFACT17d6e7ce:141df4b60c2:-7c21',NULL,2,NULL,NULL,NULL,NULL,NULL),('RCOND270217d9:143576614a1:-7a8c','RUL270217d9:143576614a1:-7c3c','currentdate','RULFACT49ae4bad:141e3b6758c:-7ba3',NULL,1,NULL,NULL,NULL,NULL,NULL),('RCOND270217d9:143576614a1:-7c0e','RUL270217d9:143576614a1:-7c3c','rptledger','RULFACT17d6e7ce:141df4b60c2:-7fd3','RL',0,NULL,NULL,NULL,NULL,NULL),('RCOND270217d9:143576614a1:-7d89','RUL52ab3945:14357604d15:-7c1a','assessedvalue','RULFACT17d6e7ce:141df4b60c2:-7c21',NULL,2,NULL,NULL,NULL,NULL,NULL),('RCOND270217d9:143576614a1:-7dcb','RUL52ab3945:14357604d15:-7c1a','currentdate','RULFACT49ae4bad:141e3b6758c:-7ba3',NULL,1,NULL,NULL,NULL,NULL,NULL),('RCOND270217d9:143576614a1:-7f4d','RUL52ab3945:14357604d15:-7c1a','rptledger','RULFACT17d6e7ce:141df4b60c2:-7fd3','RL',0,NULL,NULL,NULL,NULL,NULL),('RCOND29ba689e:144612b8ef4:-79fe','RUL29ba689e:144612b8ef4:-7def','rptledger','RULFACT17d6e7ce:141df4b60c2:-7fd3','RL',1,NULL,NULL,NULL,NULL,NULL),('RCOND29ba689e:144612b8ef4:-7a3b','RUL29ba689e:144612b8ef4:-7def','currentdate','RULFACT49ae4bad:141e3b6758c:-7ba3',NULL,0,NULL,NULL,NULL,NULL,NULL),('RCOND36552f88:142c18ff1a4:-7eea','RUL36552f88:142c18ff1a4:-7f16','bpapplication','RULFACT-26aa09fd:1419696e71f:-7feb',NULL,0,NULL,NULL,NULL,NULL,NULL),('RCOND441bb08f:1436c079bff:-6f73','RUL441bb08f:1436c079bff:-6fa7','rptledger','RULFACT17d6e7ce:141df4b60c2:-7fd3','RL',0,NULL,NULL,NULL,NULL,NULL),('RCOND441bb08f:1436c079bff:-6f73-0002','RUL441bb08f:1436c079bff:-6fa7-0002','rptledger','RULFACT17d6e7ce:141df4b60c2:-7fd3','RL',0,NULL,NULL,NULL,NULL,NULL),('RCOND441bb08f:1436c079bff:-6f73-0003','RUL441bb08f:1436c079bff:-6fa7-0003','rptledger','RULFACT17d6e7ce:141df4b60c2:-7fd3','RL',0,NULL,NULL,NULL,NULL,NULL),('RCOND441bb08f:1436c079bff:-6f73-0004','RUL441bb08f:1436c079bff:-6fa7-0004','rptledger','RULFACT17d6e7ce:141df4b60c2:-7fd3','RL',0,NULL,NULL,NULL,NULL,NULL),('RCOND441bb08f:1436c079bff:-6f73-0005','RUL441bb08f:1436c079bff:-6fa7-0005','rptledger','RULFACT17d6e7ce:141df4b60c2:-7fd3','RL',0,NULL,NULL,NULL,NULL,NULL),('RCOND441bb08f:1436c079bff:-6f73-0006','RUL441bb08f:1436c079bff:-6fa7-0006','rptledger','RULFACT17d6e7ce:141df4b60c2:-7fd3','RL',0,NULL,NULL,NULL,NULL,NULL),('RCOND441bb08f:1436c079bff:-6f73-0007','RUL441bb08f:1436c079bff:-6fa7-0007','rptledger','RULFACT17d6e7ce:141df4b60c2:-7fd3','RL',0,NULL,NULL,NULL,NULL,NULL),('RCOND441bb08f:1436c079bff:-6f73-0008','RUL441bb08f:1436c079bff:-6fa7-0008','rptledger','RULFACT17d6e7ce:141df4b60c2:-7fd3','RL',0,NULL,NULL,NULL,NULL,NULL),('RCOND441bb08f:1436c079bff:-6f73-0009','RUL441bb08f:1436c079bff:-6fa7-0009','rptledger','RULFACT17d6e7ce:141df4b60c2:-7fd3','RL',0,NULL,NULL,NULL,NULL,NULL),('RCOND441bb08f:1436c079bff:-6f73-0010','RUL441bb08f:1436c079bff:-6fa7-0010','rptledger','RULFACT17d6e7ce:141df4b60c2:-7fd3','RL',0,NULL,NULL,NULL,NULL,NULL),('RCOND441bb08f:1436c079bff:-6f73-0011','RUL441bb08f:1436c079bff:-6fa7-0011','rptledger','RULFACT17d6e7ce:141df4b60c2:-7fd3','RL',0,NULL,NULL,NULL,NULL,NULL),('RCOND441bb08f:1436c079bff:-6f73-0012','RUL441bb08f:1436c079bff:-6fa7-0012','rptledger','RULFACT17d6e7ce:141df4b60c2:-7fd3','RL',0,NULL,NULL,NULL,NULL,NULL),('RCOND441bb08f:1436c079bff:-6f73-0013','RUL441bb08f:1436c079bff:-6fa7-0013','rptledger','RULFACT17d6e7ce:141df4b60c2:-7fd3','RL',0,NULL,NULL,NULL,NULL,NULL),('RCOND441bb08f:1436c079bff:-6f73-0014','RUL441bb08f:1436c079bff:-6fa7-0014','rptledger','RULFACT17d6e7ce:141df4b60c2:-7fd3','RL',0,NULL,NULL,NULL,NULL,NULL),('RCOND441bb08f:1436c079bff:-6f73-0015','RUL441bb08f:1436c079bff:-6fa7-0015','rptledger','RULFACT17d6e7ce:141df4b60c2:-7fd3','RL',0,NULL,NULL,NULL,NULL,NULL),('RCOND441bb08f:1436c079bff:-6f73-0016','RUL441bb08f:1436c079bff:-6fa7-0016','rptledger','RULFACT17d6e7ce:141df4b60c2:-7fd3','RL',0,NULL,NULL,NULL,NULL,NULL),('RCOND441bb08f:1436c079bff:-6f73-0017','RUL441bb08f:1436c079bff:-6fa7-0017','rptledger','RULFACT17d6e7ce:141df4b60c2:-7fd3','RL',0,NULL,NULL,NULL,NULL,NULL),('RCOND441bb08f:1436c079bff:-6f73-0018','RUL441bb08f:1436c079bff:-6fa7-0018','rptledger','RULFACT17d6e7ce:141df4b60c2:-7fd3','RL',0,NULL,NULL,NULL,NULL,NULL),('RCOND441bb08f:1436c079bff:-6f73-0019','RUL441bb08f:1436c079bff:-6fa7-0019','rptledger','RULFACT17d6e7ce:141df4b60c2:-7fd3','RL',0,NULL,NULL,NULL,NULL,NULL),('RCOND441bb08f:1436c079bff:-6f73-0020','RUL441bb08f:1436c079bff:-6fa7-0020','rptledger','RULFACT17d6e7ce:141df4b60c2:-7fd3','RL',0,NULL,NULL,NULL,NULL,NULL),('RCOND441bb08f:1436c079bff:-6f73-0021','RUL441bb08f:1436c079bff:-6fa7-0021','rptledger','RULFACT17d6e7ce:141df4b60c2:-7fd3','RL',0,NULL,NULL,NULL,NULL,NULL),('RCOND441bb08f:1436c079bff:-6f73-0022','RUL441bb08f:1436c079bff:-6fa7-0022','rptledger','RULFACT17d6e7ce:141df4b60c2:-7fd3','RL',0,NULL,NULL,NULL,NULL,NULL),('RCOND441bb08f:1436c079bff:-6f73-0023','RUL441bb08f:1436c079bff:-6fa7-0023','rptledger','RULFACT17d6e7ce:141df4b60c2:-7fd3','RL',0,NULL,NULL,NULL,NULL,NULL),('RCOND441bb08f:1436c079bff:-6f73-0024','RUL441bb08f:1436c079bff:-6fa7-0024','rptledger','RULFACT17d6e7ce:141df4b60c2:-7fd3','RL',0,NULL,NULL,NULL,NULL,NULL),('RCOND441bb08f:1436c079bff:-6f73-0025','RUL441bb08f:1436c079bff:-6fa7-0025','rptledger','RULFACT17d6e7ce:141df4b60c2:-7fd3','RL',0,NULL,NULL,NULL,NULL,NULL),('RCOND441bb08f:1436c079bff:-6f73-0026','RUL441bb08f:1436c079bff:-6fa7-0026','rptledger','RULFACT17d6e7ce:141df4b60c2:-7fd3','RL',0,NULL,NULL,NULL,NULL,NULL),('RCOND441bb08f:1436c079bff:-6f73-0027','RUL441bb08f:1436c079bff:-6fa7-0027','rptledger','RULFACT17d6e7ce:141df4b60c2:-7fd3','RL',0,NULL,NULL,NULL,NULL,NULL),('RCOND441bb08f:1436c079bff:-6f73-0028','RUL441bb08f:1436c079bff:-6fa7-0028','rptledger','RULFACT17d6e7ce:141df4b60c2:-7fd3','RL',0,NULL,NULL,NULL,NULL,NULL),('RCOND441bb08f:1436c079bff:-6f73-0029','RUL441bb08f:1436c079bff:-6fa7-0029','rptledger','RULFACT17d6e7ce:141df4b60c2:-7fd3','RL',0,NULL,NULL,NULL,NULL,NULL),('RCOND441bb08f:1436c079bff:-6f73-0030','RUL441bb08f:1436c079bff:-6fa7-0030','rptledger','RULFACT17d6e7ce:141df4b60c2:-7fd3','RL',0,NULL,NULL,NULL,NULL,NULL),('RCOND441bb08f:1436c079bff:-6f73-0031','RUL441bb08f:1436c079bff:-6fa7-0031','rptledger','RULFACT17d6e7ce:141df4b60c2:-7fd3','RL',0,NULL,NULL,NULL,NULL,NULL),('RCOND441bb08f:1436c079bff:-6f73-0032','RUL441bb08f:1436c079bff:-6fa7-0032','rptledger','RULFACT17d6e7ce:141df4b60c2:-7fd3','RL',0,NULL,NULL,NULL,NULL,NULL),('RCOND441bb08f:1436c079bff:-6f73-0033','RUL441bb08f:1436c079bff:-6fa7-0033','rptledger','RULFACT17d6e7ce:141df4b60c2:-7fd3','RL',0,NULL,NULL,NULL,NULL,NULL),('RCOND441bb08f:1436c079bff:-6f73-0034','RUL441bb08f:1436c079bff:-6fa7-0034','rptledger','RULFACT17d6e7ce:141df4b60c2:-7fd3','RL',0,NULL,NULL,NULL,NULL,NULL),('RCOND441bb08f:1436c079bff:-6f73-0035','RUL441bb08f:1436c079bff:-6fa7-0035','rptledger','RULFACT17d6e7ce:141df4b60c2:-7fd3','RL',0,NULL,NULL,NULL,NULL,NULL),('RCOND441bb08f:1436c079bff:-6f73-0036','RUL441bb08f:1436c079bff:-6fa7-0036','rptledger','RULFACT17d6e7ce:141df4b60c2:-7fd3','RL',0,NULL,NULL,NULL,NULL,NULL),('RCOND441bb08f:1436c079bff:-6f73-0037','RUL441bb08f:1436c079bff:-6fa7-0037','rptledger','RULFACT17d6e7ce:141df4b60c2:-7fd3','RL',0,NULL,NULL,NULL,NULL,NULL),('RCOND441bb08f:1436c079bff:-6f73-0038','RUL441bb08f:1436c079bff:-6fa7-0038','rptledger','RULFACT17d6e7ce:141df4b60c2:-7fd3','RL',0,NULL,NULL,NULL,NULL,NULL),('RCOND441bb08f:1436c079bff:-6f73-0039','RUL441bb08f:1436c079bff:-6fa7-0039','rptledger','RULFACT17d6e7ce:141df4b60c2:-7fd3','RL',0,NULL,NULL,NULL,NULL,NULL),('RCOND441bb08f:1436c079bff:-6f73-0040','RUL441bb08f:1436c079bff:-6fa7-0040','rptledger','RULFACT17d6e7ce:141df4b60c2:-7fd3','RL',0,NULL,NULL,NULL,NULL,NULL),('RCOND441bb08f:1436c079bff:-6f73-0041','RUL441bb08f:1436c079bff:-6fa7-0041','rptledger','RULFACT17d6e7ce:141df4b60c2:-7fd3','RL',0,NULL,NULL,NULL,NULL,NULL),('RCOND441bb08f:1436c079bff:-6f73-0042','RUL441bb08f:1436c079bff:-6fa7-0042','rptledger','RULFACT17d6e7ce:141df4b60c2:-7fd3','RL',0,NULL,NULL,NULL,NULL,NULL),('RCOND441bb08f:1436c079bff:-6f73-0043','RUL441bb08f:1436c079bff:-6fa7-0043','rptledger','RULFACT17d6e7ce:141df4b60c2:-7fd3','RL',0,NULL,NULL,NULL,NULL,NULL),('RCOND441bb08f:1436c079bff:-6f73-0044','RUL441bb08f:1436c079bff:-6fa7-0044','rptledger','RULFACT17d6e7ce:141df4b60c2:-7fd3','RL',0,NULL,NULL,NULL,NULL,NULL),('RCOND441bb08f:1436c079bff:-7529','RUL441bb08f:1436c079bff:-755d','rptledger','RULFACT17d6e7ce:141df4b60c2:-7fd3','RL',0,NULL,NULL,NULL,NULL,NULL),('RCOND44624045:143fad5bbe3:-49af','RUL44624045:143fad5bbe3:-4a87','regfee','RULFACT-1f3e2b64:14230dd8f62:-7e29','RF',1,NULL,NULL,NULL,NULL,NULL),('RCOND44624045:143fad5bbe3:-4a2e','RUL44624045:143fad5bbe3:-4a87','lob','RULFACT-76732870:14196dc4027:-7f87','LOB',0,NULL,NULL,NULL,NULL,NULL),('RCOND44624045:143fad5bbe3:-4ef4','RUL-6ce4c9de:143fa4fc8ee:-79f5','regfee','RULFACT-1f3e2b64:14230dd8f62:-7e29','RF',1,NULL,NULL,NULL,NULL,NULL),('RCOND44624045:143fad5bbe3:-4f83','RUL-6ce4c9de:143fa4fc8ee:-79f5','bpapplication','RULFACT-26aa09fd:1419696e71f:-7feb',NULL,0,NULL,NULL,NULL,NULL,NULL),('RCOND5e124146:141e4410702:-7771','RUL-20919e10:141e3f76dc8:-6107','currentdate','RULFACT49ae4bad:141e3b6758c:-7ba3',NULL,0,NULL,NULL,NULL,NULL,NULL),('RCOND6d66cc31:1446cc9522e:-7b91','RUL6d66cc31:1446cc9522e:-7bb3','RPTTxnInfoFact','RULFACT6d66cc31:1446cc9522e:-7ee1',NULL,0,NULL,NULL,NULL,NULL,NULL),('RCONDaa4e683:143e6f7bbf2:-693d','RULaa4e683:143e6f7bbf2:-69f4','rptledger','RULFACT17d6e7ce:141df4b60c2:-7fd3','RL',1,NULL,NULL,NULL,NULL,NULL),('RCONDaa4e683:143e6f7bbf2:-69b5','RULaa4e683:143e6f7bbf2:-69f4','currentdate','RULFACT49ae4bad:141e3b6758c:-7ba3',NULL,0,NULL,NULL,NULL,NULL,NULL);
/*!40000 ALTER TABLE `sys_rule_condition` ENABLE KEYS */;
UNLOCK TABLES;

--
-- Dumping data for table `sys_rule_condition_constraint`
--

LOCK TABLES `sys_rule_condition_constraint` WRITE;
/*!40000 ALTER TABLE `sys_rule_condition_constraint` DISABLE KEYS */;
INSERT INTO `sys_rule_condition_constraint` VALUES ('RCONST-20919e10:141e3f76dc8:-61a7','RCOND-20919e10:141e3f76dc8:-64b1','FACTFLD2701c487:141e346f838:-7f95','fullpayment',NULL,'is true','== true',NULL,NULL,NULL,NULL,NULL,NULL,NULL,NULL,3),('RCONST-20919e10:141e3f76dc8:-6348','RCOND-20919e10:141e3f76dc8:-64b1','FACTFLD17d6e7ce:141df4b60c2:-7c7f','sef','SEF',NULL,NULL,NULL,NULL,NULL,NULL,NULL,NULL,NULL,NULL,2),('RCONST-20919e10:141e3f76dc8:-63c3','RCOND-20919e10:141e3f76dc8:-64b1','FACTFLD17d6e7ce:141df4b60c2:-7ca2','basic','BASIC',NULL,NULL,NULL,NULL,NULL,NULL,NULL,NULL,NULL,NULL,1),('RCONST-20919e10:141e3f76dc8:-643d','RCOND-20919e10:141e3f76dc8:-64b1','FACTFLD17d6e7ce:141df4b60c2:-7d03','year',NULL,'greater than','>',1,'RCONST-20919e10:141e3f76dc8:-64d9','CY',NULL,NULL,NULL,NULL,NULL,0),('RCONST-20919e10:141e3f76dc8:-64d9','RCOND-20919e10:141e3f76dc8:-64eb','FACTFLD49ae4bad:141e3b6758c:-7b9c','year','CY',NULL,NULL,NULL,NULL,NULL,NULL,NULL,NULL,NULL,NULL,0),('RCONST-20919e10:141e3f76dc8:-6ccb','RCOND-20919e10:141e3f76dc8:-6cfe','FACTFLD49ae4bad:141e3b6758c:-7b95','qtr','CQTR',NULL,NULL,NULL,NULL,NULL,NULL,NULL,NULL,NULL,NULL,1),('RCONST-20919e10:141e3f76dc8:-6cec','RCOND-20919e10:141e3f76dc8:-6cfe','FACTFLD49ae4bad:141e3b6758c:-7b9c','year','CY',NULL,NULL,NULL,NULL,NULL,NULL,NULL,NULL,NULL,NULL,0),('RCONST-20919e10:141e3f76dc8:-7522','RCOND-20919e10:141e3f76dc8:-7715','FACTFLD17d6e7ce:141df4b60c2:-7ca9','numberofmonthsfromjan','NMON',NULL,NULL,NULL,NULL,NULL,NULL,NULL,NULL,NULL,NULL,3),('RCONST-20919e10:141e3f76dc8:-75ae','RCOND-20919e10:141e3f76dc8:-7715','FACTFLD17d6e7ce:141df4b60c2:-7c7f','sef','SEF',NULL,NULL,NULL,NULL,NULL,NULL,NULL,NULL,NULL,NULL,2),('RCONST-20919e10:141e3f76dc8:-7629','RCOND-20919e10:141e3f76dc8:-7715','FACTFLD17d6e7ce:141df4b60c2:-7ca2','basic','BASIC',NULL,NULL,NULL,NULL,NULL,NULL,NULL,NULL,NULL,NULL,1),('RCONST-20919e10:141e3f76dc8:-76a1','RCOND-20919e10:141e3f76dc8:-7715','FACTFLD17d6e7ce:141df4b60c2:-7d03','year',NULL,'less than','<',1,'RCONST-20919e10:141e3f76dc8:-773d','CY',NULL,NULL,NULL,NULL,NULL,0),('RCONST-20919e10:141e3f76dc8:-773d','RCOND-20919e10:141e3f76dc8:-774f','FACTFLD49ae4bad:141e3b6758c:-7b9c','year','CY',NULL,NULL,NULL,NULL,NULL,NULL,NULL,NULL,NULL,NULL,0),('RCONST-20919e10:141e3f76dc8:-7a2e','RCOND-20919e10:141e3f76dc8:-7b76','FACTFLD17d6e7ce:141df4b60c2:-7cf5','av','AV',NULL,NULL,NULL,NULL,NULL,NULL,NULL,NULL,NULL,NULL,1),('RCONST-20919e10:141e3f76dc8:-7ab3','RCOND-20919e10:141e3f76dc8:-7b76','FACTFLD17d6e7ce:141df4b60c2:-7d03','year',NULL,'greater than','>',1,'RCONST-20919e10:141e3f76dc8:-7b9e','CY',NULL,NULL,NULL,NULL,NULL,0),('RCONST-20919e10:141e3f76dc8:-7b9e','RCOND-20919e10:141e3f76dc8:-7bb8','FACTFLD49ae4bad:141e3b6758c:-7b9c','year','CY',NULL,NULL,NULL,NULL,NULL,NULL,NULL,NULL,NULL,NULL,0),('RCONST-20919e10:141e3f76dc8:-7ce4','RCOND-20919e10:141e3f76dc8:-7de5','FACTFLD17d6e7ce:141df4b60c2:-7cf5','av','AV',NULL,NULL,NULL,NULL,NULL,NULL,NULL,NULL,NULL,NULL,1),('RCONST-20919e10:141e3f76dc8:-7d71','RCOND-20919e10:141e3f76dc8:-7de5','FACTFLD17d6e7ce:141df4b60c2:-7d03','year',NULL,'equal to','==',1,'RCONST-20919e10:141e3f76dc8:-7e0d','CY',NULL,NULL,NULL,NULL,NULL,0),('RCONST-20919e10:141e3f76dc8:-7e0d','RCOND-20919e10:141e3f76dc8:-7e1f','FACTFLD49ae4bad:141e3b6758c:-7b9c','year','CY','equal to','==',1,'RCONST-20919e10:141e3f76dc8:-7e0d','CY',NULL,NULL,NULL,NULL,NULL,0),('RCONST-2a4d2fa5:1422bad4acc:-77c3','RCOND-2a4d2fa5:1422bad4acc:-7919','FACTFLD17d6e7ce:141df4b60c2:-7c7f','sef','SEF',NULL,NULL,NULL,NULL,NULL,NULL,NULL,NULL,NULL,NULL,2),('RCONST-2a4d2fa5:1422bad4acc:-7852','RCOND-2a4d2fa5:1422bad4acc:-7919','FACTFLD17d6e7ce:141df4b60c2:-7ce0','classification',NULL,'is any of the ff.','matches',NULL,NULL,NULL,NULL,NULL,NULL,'[[key:\"INDUSTRIAL\",value:\"INDUSTRIAL\"],[key:\"COMMERCIAL\",value:\"COMMERCIAL\"]]',NULL,1),('RCONST-2a4d2fa5:1422bad4acc:-78ba','RCOND-2a4d2fa5:1422bad4acc:-7919','FACTFLD17d6e7ce:141df4b60c2:-7ce7','rputype',NULL,'is any of the ff.','matches',NULL,NULL,NULL,NULL,NULL,NULL,'[\"bldg\"]',NULL,0),('RCONST-36ba5ccb:1430894b791:-5c05','RCOND-36ba5ccb:1430894b791:-5ff4','FACTFLD-435133e2:142c7ca3c49:-7abe','beginQtrDate','BEGINQTRDATE',NULL,NULL,NULL,NULL,NULL,NULL,NULL,NULL,NULL,NULL,1),('RCONST-36ba5ccb:1430894b791:-5f54','RCOND-36ba5ccb:1430894b791:-5f71','FACTFLD-42025b26:14237a79c92:-7f53','date','BILLDATE',NULL,NULL,NULL,NULL,NULL,NULL,NULL,NULL,NULL,NULL,0),('RCONST-36ba5ccb:1430894b791:-5fd5','RCOND-36ba5ccb:1430894b791:-5ff4','FACTFLD-fd57605:142324ab5d2:-7f08','qtr','QTR',NULL,NULL,NULL,NULL,NULL,NULL,NULL,NULL,NULL,NULL,0),('RCONST-3dc4dd90:14451e4a9d5:-5789','RCOND-3dc4dd90:14451e4a9d5:-6bff','FACTFLD-45a06f70:141e85fbfd5:-7f6f','assessmenttype',NULL,'is any of the ff.','matches',NULL,NULL,NULL,NULL,NULL,NULL,'[\"RENEW\"]',NULL,0),('RCONST-3dc4dd90:14451e4a9d5:-59ae','RCOND-3dc4dd90:14451e4a9d5:-6f12','FACTFLD-45a06f70:141e85fbfd5:-7f6f','assessmenttype',NULL,'is any of the ff.','matches',NULL,NULL,NULL,NULL,NULL,NULL,'[\"RENEW\"]',NULL,0),('RCONST-3dc4dd90:14451e4a9d5:-69f0','RCOND-3dc4dd90:14451e4a9d5:-6b1c','FACTFLD-5c8064e4:143fb646ea9:-7ec0','surcharge','SURCHRGE',NULL,NULL,NULL,NULL,NULL,NULL,NULL,NULL,NULL,NULL,3),('RCONST-3dc4dd90:14451e4a9d5:-6a37','RCOND-3dc4dd90:14451e4a9d5:-6b1c','FACTFLD-1f3e2b64:14230dd8f62:-7e07','amtdue','AMTDUE',NULL,NULL,NULL,NULL,NULL,NULL,NULL,NULL,NULL,NULL,2),('RCONST-3dc4dd90:14451e4a9d5:-6abd','RCOND-3dc4dd90:14451e4a9d5:-6b1c','FACTFLD-1f3e2b64:14230dd8f62:-7dfe','expired',NULL,'is true','== true',NULL,NULL,NULL,NULL,NULL,NULL,NULL,NULL,1),('RCONST-3dc4dd90:14451e4a9d5:-6aee','RCOND-3dc4dd90:14451e4a9d5:-6b1c','FACTFLD-234b5263:142c77537de:-7b3b','lob',NULL,'equals','==',NULL,'RCOND-3dc4dd90:14451e4a9d5:-6bff','LOB',NULL,NULL,NULL,NULL,NULL,0),('RCONST-3dc4dd90:14451e4a9d5:-6d6a','RCOND-3dc4dd90:14451e4a9d5:-6e9e','FACTFLD-fd57605:142324ab5d2:-78ff','surcharge','SURCHRG',NULL,NULL,NULL,NULL,NULL,NULL,NULL,NULL,NULL,NULL,4),('RCONST-3dc4dd90:14451e4a9d5:-6dba','RCOND-3dc4dd90:14451e4a9d5:-6e9e','FACTFLD-1f3e2b64:14230dd8f62:-7e94','amtdue','AMTDUE',NULL,NULL,NULL,NULL,NULL,NULL,NULL,NULL,NULL,NULL,3),('RCONST-3dc4dd90:14451e4a9d5:-6e05','RCOND-3dc4dd90:14451e4a9d5:-6e9e','FACTFLD-1f3e2b64:14230dd8f62:-7e8b','expired',NULL,'is true','== true',NULL,NULL,NULL,NULL,NULL,NULL,NULL,NULL,2),('RCONST-3dc4dd90:14451e4a9d5:-6e40','RCOND-3dc4dd90:14451e4a9d5:-6e9e','FACTFLD-fd57605:142324ab5d2:-7eaf','qtr',NULL,'equal to','==',1,'RCONST-36ba5ccb:1430894b791:-5fd5','QTR',NULL,NULL,NULL,NULL,NULL,1),('RCONST-3dc4dd90:14451e4a9d5:-6e6e','RCOND-3dc4dd90:14451e4a9d5:-6e9e','FACTFLD-234b5263:142c77537de:-7c17','lob',NULL,'equals','==',NULL,'RCOND-3dc4dd90:14451e4a9d5:-6f12','LOB',NULL,NULL,NULL,NULL,NULL,0),('RCONST-43d54639:143600ea5ae:-7c04','RCOND36552f88:142c18ff1a4:-7eea','FACTFLD-26aa09fd:1419696e71f:-7fe4','apptype',NULL,'is any of the ff.','matches',NULL,NULL,NULL,NULL,NULL,NULL,'[\"NEW\",\"RENEW\"]',NULL,0),('RCONST-43d54639:143600ea5ae:-7ded','RCOND-43d54639:143600ea5ae:-7e0e','FACTFLD-26aa09fd:1419696e71f:-7fe4','apptype',NULL,'is any of the ff.','matches',NULL,NULL,NULL,NULL,NULL,NULL,'[\"NEW\",\"RENEW\",\"RETIRE\"]',NULL,0),('RCONST-4fd26d3d:142fa7a65f9:-6ff5','RCOND-4fd26d3d:142fa7a65f9:-7124','FACTFLD-1f3e2b64:14230dd8f62:-7e94','amtdue','AMT',NULL,NULL,NULL,NULL,NULL,NULL,NULL,NULL,NULL,NULL,2),('RCONST-4fd26d3d:142fa7a65f9:-70d1','RCOND-4fd26d3d:142fa7a65f9:-7124','FACTFLD-1f3e2b64:14230dd8f62:-7e8b','expired',NULL,'is true','== true',NULL,NULL,NULL,NULL,NULL,NULL,NULL,NULL,1),('RCONST-4fd26d3d:142fa7a65f9:-70fb','RCOND-4fd26d3d:142fa7a65f9:-7124','FACTFLD-234b5263:142c77537de:-7c17','lob',NULL,'equals','==',NULL,'RCOND-4fd26d3d:142fa7a65f9:-71a1','LOB',NULL,NULL,NULL,NULL,NULL,0),('RCONST-4fd26d3d:142fa7a65f9:-7187','RCOND-4fd26d3d:142fa7a65f9:-71a1','FACTFLD-45a06f70:141e85fbfd5:-7f6f','assessmenttype',NULL,'is any of the ff.','matches',NULL,NULL,NULL,NULL,NULL,NULL,'[\"RENEW\"]',NULL,0),('RCONST-4fd26d3d:142fa7a65f9:-73eb','RCOND-4fd26d3d:142fa7a65f9:-7414','FACTFLD-234b5263:142c77537de:-7c17','lob',NULL,'equals','==',NULL,'RCOND-4fd26d3d:142fa7a65f9:-7492','LOB',NULL,NULL,NULL,NULL,NULL,0),('RCONST-4fd26d3d:142fa7a65f9:-7478','RCOND-4fd26d3d:142fa7a65f9:-7492','FACTFLD-45a06f70:141e85fbfd5:-7f6f','assessmenttype',NULL,'is any of the ff.','matches',NULL,NULL,NULL,NULL,NULL,NULL,'[\"RENEW\"]',NULL,0),('RCONST-5c8064e4:143fb646ea9:-771e','RCOND-5c8064e4:143fb646ea9:-77b3','FACTFLD-435133e2:142c7ca3c49:-7abe','beginQtrDate','BEGINQDATE',NULL,NULL,NULL,NULL,NULL,NULL,NULL,NULL,NULL,NULL,1),('RCONST-5c8064e4:143fb646ea9:-7c17','RCOND-5c8064e4:143fb646ea9:-7c35','FACTFLD-42025b26:14237a79c92:-7f53','date','BILLDATE',NULL,NULL,NULL,NULL,NULL,NULL,NULL,NULL,NULL,NULL,0),('RCONST-6bef6bd6:14303fc14ea:-7f63','RCOND-6bef6bd6:14303fc14ea:-7f77','FACTFLD49ae4bad:141e3b6758c:-7b95','qtr',NULL,'equal to','==',NULL,NULL,NULL,NULL,1,NULL,NULL,NULL,0),('RCONST-72a9958a:141e4770339:-64bb','RCOND-72a9958a:141e4770339:-6684','FACTFLD17d6e7ce:141df4b60c2:-7c7f','sef','SEF',NULL,NULL,NULL,NULL,NULL,NULL,NULL,NULL,NULL,NULL,3),('RCONST-72a9958a:141e4770339:-654f','RCOND-72a9958a:141e4770339:-6684','FACTFLD17d6e7ce:141df4b60c2:-7ca2','basic','BASIC',NULL,NULL,NULL,NULL,NULL,NULL,NULL,NULL,NULL,NULL,2),('RCONST-72a9958a:141e4770339:-65d7','RCOND-72a9958a:141e4770339:-6684','FACTFLD17d6e7ce:141df4b60c2:-7cfc','qtr',NULL,'greater than or equal to','>=',1,'RCONST-72a9958a:141e4770339:-66b8','CQTR',NULL,NULL,NULL,NULL,NULL,1),('RCONST-72a9958a:141e4770339:-6635','RCOND-72a9958a:141e4770339:-6684','FACTFLD17d6e7ce:141df4b60c2:-7d03','year',NULL,'equal to','==',1,'RCONST-72a9958a:141e4770339:-66d9','CY',NULL,NULL,NULL,NULL,NULL,0),('RCONST-72a9958a:141e4770339:-66b8','RCOND-72a9958a:141e4770339:-66eb','FACTFLD49ae4bad:141e3b6758c:-7b95','qtr','CQTR',NULL,NULL,NULL,NULL,NULL,NULL,NULL,NULL,NULL,NULL,1),('RCONST-72a9958a:141e4770339:-66d9','RCOND-72a9958a:141e4770339:-66eb','FACTFLD49ae4bad:141e3b6758c:-7b9c','year','CY',NULL,NULL,NULL,NULL,NULL,NULL,NULL,NULL,NULL,NULL,0),('RCONST-72a9958a:141e4770339:-6bd1','RCOND-72a9958a:141e4770339:-7a15','FACTFLD2701c487:141e346f838:-7f95','fullpayment',NULL,'not true','== false',NULL,NULL,NULL,NULL,NULL,NULL,NULL,NULL,4),('RCONST-72a9958a:141e4770339:-784b','RCOND-72a9958a:141e4770339:-7a15','FACTFLD17d6e7ce:141df4b60c2:-7c7f','sef','SEF',NULL,NULL,NULL,NULL,NULL,NULL,NULL,NULL,NULL,NULL,3),('RCONST-72a9958a:141e4770339:-78e0','RCOND-72a9958a:141e4770339:-7a15','FACTFLD17d6e7ce:141df4b60c2:-7ca2','basic','BASIC',NULL,NULL,NULL,NULL,NULL,NULL,NULL,NULL,NULL,NULL,2),('RCONST-72a9958a:141e4770339:-79c6','RCOND-72a9958a:141e4770339:-7a15','FACTFLD17d6e7ce:141df4b60c2:-7d03','year',NULL,'greater than','>',1,'RCONST5e124146:141e4410702:-775f','CY',NULL,NULL,NULL,NULL,NULL,0),('RCONST-72a9958a:141e4770339:-7ca7','RCOND-72a9958a:141e4770339:-7f00','FACTFLD17d6e7ce:141df4b60c2:-7ca9','numberofmonthsfromjan','NMON',NULL,NULL,NULL,NULL,NULL,NULL,NULL,NULL,NULL,NULL,4),('RCONST-72a9958a:141e4770339:-7d37','RCOND-72a9958a:141e4770339:-7f00','FACTFLD17d6e7ce:141df4b60c2:-7c7f','sef','SEF',NULL,NULL,NULL,NULL,NULL,NULL,NULL,NULL,NULL,NULL,3),('RCONST-72a9958a:141e4770339:-7dcb','RCOND-72a9958a:141e4770339:-7f00','FACTFLD17d6e7ce:141df4b60c2:-7ca2','basic','BASIC',NULL,NULL,NULL,NULL,NULL,NULL,NULL,NULL,NULL,NULL,2),('RCONST-72a9958a:141e4770339:-7e53','RCOND-72a9958a:141e4770339:-7f00','FACTFLD17d6e7ce:141df4b60c2:-7cfc','qtr',NULL,'less than','<',1,'RCONST-20919e10:141e3f76dc8:-6ccb','CQTR',NULL,NULL,NULL,NULL,NULL,1),('RCONST-72a9958a:141e4770339:-7eb1','RCOND-72a9958a:141e4770339:-7f00','FACTFLD17d6e7ce:141df4b60c2:-7d03','year',NULL,'equal to','==',1,'RCONST-20919e10:141e3f76dc8:-6cec','CY',NULL,NULL,NULL,NULL,NULL,0),('RCONST-772370b6:143fb98feb9:-7e49','RCOND-5c8064e4:143fb646ea9:-77b3','FACTFLD-fd57605:142324ab5d2:-7f08','qtr',NULL,'equal to','==',NULL,NULL,NULL,NULL,1,NULL,NULL,NULL,1),('RCONST-7c13908b:1435065d2a1:-5d53','RCOND-7c13908b:1435065d2a1:-661a','FACTFLD17d6e7ce:141df4b60c2:-7cf5','av','AV',NULL,NULL,NULL,NULL,NULL,NULL,NULL,NULL,NULL,NULL,1),('RCONST-7c13908b:1435065d2a1:-65cb','RCOND-7c13908b:1435065d2a1:-661a','FACTFLD17d6e7ce:141df4b60c2:-7d03','year',NULL,'less than','<',1,'RCONST-7c13908b:1435065d2a1:-6645','CY',NULL,NULL,NULL,NULL,NULL,0),('RCONST-7c13908b:1435065d2a1:-6645','RCOND-7c13908b:1435065d2a1:-6657','FACTFLD49ae4bad:141e3b6758c:-7b9c','year','CY',NULL,NULL,NULL,NULL,NULL,NULL,NULL,NULL,NULL,NULL,0),('RCONST-7e9d4ac4:1421b9d7ba4:-7a86','RCOND-7e9d4ac4:1421b9d7ba4:-7c48','FACTFLD17d6e7ce:141df4b60c2:-7c7f','sef','SEF',NULL,NULL,NULL,NULL,NULL,NULL,NULL,NULL,NULL,NULL,3),('RCONST-7e9d4ac4:1421b9d7ba4:-7b11','RCOND-7e9d4ac4:1421b9d7ba4:-7c48','FACTFLD17d6e7ce:141df4b60c2:-7ca2','basic','BASIC',NULL,NULL,NULL,NULL,NULL,NULL,NULL,NULL,NULL,NULL,2),('RCONST-7e9d4ac4:1421b9d7ba4:-7bf7','RCOND-7e9d4ac4:1421b9d7ba4:-7c48','FACTFLD17d6e7ce:141df4b60c2:-7d03','year',NULL,'equal to','==',1,'RCONST-7e9d4ac4:1421b9d7ba4:-7ca3','CY',NULL,NULL,NULL,NULL,NULL,0),('RCONST-7e9d4ac4:1421b9d7ba4:-7c7f','RCOND-7e9d4ac4:1421b9d7ba4:-7cb5','FACTFLD49ae4bad:141e3b6758c:-7b8e','month',NULL,'equal to','==',NULL,NULL,NULL,NULL,1,NULL,NULL,NULL,1),('RCONST-7e9d4ac4:1421b9d7ba4:-7ca3','RCOND-7e9d4ac4:1421b9d7ba4:-7cb5','FACTFLD49ae4bad:141e3b6758c:-7b9c','year','CY',NULL,NULL,NULL,NULL,NULL,NULL,NULL,NULL,NULL,NULL,0),('RCONST-bdd7bf8:1437ee7123a:-77e4','RCOND-7e9d4ac4:1421b9d7ba4:-7c48','FACTFLD-10f80dab:141dfb3f0a6:-7e9a','qtrlypaymentavailed',NULL,'not true','== false',NULL,NULL,NULL,NULL,NULL,NULL,NULL,NULL,3),('RCONST1dc7a3de:142b70df9f8:-7f0e','RCOND1dc7a3de:142b70df9f8:-7f13','FACTFLD2713811e:141f3ed1502:-7ee7','intvalue','NUM_EMPLOYEE_FEMALE',NULL,NULL,NULL,NULL,NULL,NULL,NULL,NULL,NULL,NULL,0),('RCONST1dc7a3de:142b70df9f8:-7f59','RCOND1dc7a3de:142b70df9f8:-7f5e','FACTFLD2713811e:141f3ed1502:-7ee7','intvalue','NUM_EMPLOYEE_MALE',NULL,NULL,NULL,NULL,NULL,NULL,NULL,NULL,NULL,NULL,0),('RCONST2659bca9:142b667ccd3:-7cf8','RCOND2659bca9:142b667ccd3:-7d1c','FACTFLD-26aa09fd:1419696e71f:-7fe4','apptype',NULL,'is any of the ff.','matches',NULL,NULL,NULL,NULL,NULL,NULL,'[\"NEW\",\"RENEW\"]',NULL,0),('RCONST270217d9:143576614a1:-7a25','RCOND270217d9:143576614a1:-7a52','FACTFLD17d6e7ce:141df4b60c2:-7c0c','assessedvalue','AV2013',NULL,NULL,NULL,NULL,NULL,NULL,NULL,NULL,NULL,NULL,1),('RCONST270217d9:143576614a1:-7a43','RCOND270217d9:143576614a1:-7a52','FACTFLD17d6e7ce:141df4b60c2:-7c13','year',NULL,'equal to','==',NULL,NULL,NULL,NULL,2013,NULL,NULL,NULL,0),('RCONST270217d9:143576614a1:-7a7a','RCOND270217d9:143576614a1:-7a8c','FACTFLD49ae4bad:141e3b6758c:-7b9c','year',NULL,'equal to','==',1,'RCONST270217d9:143576614a1:-7bbd','YR2015',NULL,NULL,NULL,NULL,NULL,0),('RCONST270217d9:143576614a1:-7ac9','RCOND270217d9:143576614a1:-7c0e','FACTFLD270217d9:143576614a1:-7f94','reclassed',NULL,'is true','== true',NULL,NULL,NULL,NULL,NULL,NULL,NULL,NULL,2),('RCONST270217d9:143576614a1:-7b5d','RCOND270217d9:143576614a1:-7c0e','FACTFLD17d6e7ce:141df4b60c2:-7cf5','av','AV',NULL,NULL,NULL,NULL,NULL,NULL,NULL,NULL,NULL,NULL,1),('RCONST270217d9:143576614a1:-7bbd','RCOND270217d9:143576614a1:-7c0e','FACTFLD17d6e7ce:141df4b60c2:-7d03','year','YR2015','equal to','==',NULL,NULL,NULL,NULL,2015,NULL,NULL,NULL,0),('RCONST270217d9:143576614a1:-7d5c','RCOND270217d9:143576614a1:-7d89','FACTFLD17d6e7ce:141df4b60c2:-7c0c','assessedvalue','AV2013',NULL,NULL,NULL,NULL,NULL,NULL,NULL,NULL,NULL,NULL,1),('RCONST270217d9:143576614a1:-7d7a','RCOND270217d9:143576614a1:-7d89','FACTFLD17d6e7ce:141df4b60c2:-7c13','year',NULL,'equal to','==',NULL,NULL,NULL,NULL,2013,NULL,NULL,NULL,0),('RCONST270217d9:143576614a1:-7db1','RCOND270217d9:143576614a1:-7dcb','FACTFLD49ae4bad:141e3b6758c:-7b9c','year',NULL,'equal to','==',1,'RCONST270217d9:143576614a1:-7efc','YR2014',NULL,NULL,NULL,NULL,NULL,0),('RCONST270217d9:143576614a1:-7e08','RCOND270217d9:143576614a1:-7f4d','FACTFLD270217d9:143576614a1:-7f94','reclassed',NULL,'is true','== true',NULL,NULL,NULL,NULL,NULL,NULL,NULL,NULL,2),('RCONST270217d9:143576614a1:-7e9c','RCOND270217d9:143576614a1:-7f4d','FACTFLD17d6e7ce:141df4b60c2:-7cf5','av','AV',NULL,NULL,NULL,NULL,NULL,NULL,NULL,NULL,NULL,NULL,1),('RCONST270217d9:143576614a1:-7efc','RCOND270217d9:143576614a1:-7f4d','FACTFLD17d6e7ce:141df4b60c2:-7d03','year','YR2014','equal to','==',NULL,NULL,NULL,NULL,2014,NULL,NULL,NULL,0),('RCONST29ba689e:144612b8ef4:-78ee','RCOND29ba689e:144612b8ef4:-79fe','FACTFLD17d6e7ce:141df4b60c2:-7cee','txntype',NULL,'matches','matches',NULL,NULL,NULL,NULL,NULL,'ND',NULL,NULL,1),('RCONST29ba689e:144612b8ef4:-7971','RCOND29ba689e:144612b8ef4:-79fe','FACTFLD17d6e7ce:141df4b60c2:-7d03','year',NULL,'less than','<',1,'RCONST29ba689e:144612b8ef4:-7a29','CY',NULL,NULL,NULL,NULL,NULL,0),('RCONST29ba689e:144612b8ef4:-7a29','RCOND29ba689e:144612b8ef4:-7a3b','FACTFLD49ae4bad:141e3b6758c:-7b9c','year','CY',NULL,NULL,NULL,NULL,NULL,NULL,NULL,NULL,NULL,NULL,0),('RCONST441bb08f:1436c079bff:-6d5a','RCOND441bb08f:1436c079bff:-6f73','FACTFLD17d6e7ce:141df4b60c2:-7c9b','basicint','BASICINT',NULL,NULL,NULL,NULL,NULL,NULL,NULL,NULL,NULL,NULL,3),('RCONST441bb08f:1436c079bff:-6d5a-0002','RCOND441bb08f:1436c079bff:-6f73-0002','FACTFLD17d6e7ce:141df4b60c2:-7c9b','basicint','BASICINT',NULL,NULL,NULL,NULL,NULL,NULL,NULL,NULL,NULL,NULL,3),('RCONST441bb08f:1436c079bff:-6d5a-0003','RCOND441bb08f:1436c079bff:-6f73-0003','FACTFLD17d6e7ce:141df4b60c2:-7c9b','basicint','BASICINT',NULL,NULL,NULL,NULL,NULL,NULL,NULL,NULL,NULL,NULL,3),('RCONST441bb08f:1436c079bff:-6d5a-0004','RCOND441bb08f:1436c079bff:-6f73-0004','FACTFLD17d6e7ce:141df4b60c2:-7c9b','basicint','BASICINT',NULL,NULL,NULL,NULL,NULL,NULL,NULL,NULL,NULL,NULL,3),('RCONST441bb08f:1436c079bff:-6d5a-0005','RCOND441bb08f:1436c079bff:-6f73-0005','FACTFLD17d6e7ce:141df4b60c2:-7c9b','basicint','BASICINT',NULL,NULL,NULL,NULL,NULL,NULL,NULL,NULL,NULL,NULL,3),('RCONST441bb08f:1436c079bff:-6d5a-0006','RCOND441bb08f:1436c079bff:-6f73-0006','FACTFLD17d6e7ce:141df4b60c2:-7c9b','basicint','BASICINT',NULL,NULL,NULL,NULL,NULL,NULL,NULL,NULL,NULL,NULL,3),('RCONST441bb08f:1436c079bff:-6d5a-0007','RCOND441bb08f:1436c079bff:-6f73-0007','FACTFLD17d6e7ce:141df4b60c2:-7c9b','basicint','BASICINT',NULL,NULL,NULL,NULL,NULL,NULL,NULL,NULL,NULL,NULL,3),('RCONST441bb08f:1436c079bff:-6d5a-0008','RCOND441bb08f:1436c079bff:-6f73-0008','FACTFLD17d6e7ce:141df4b60c2:-7c9b','basicint','BASICINT',NULL,NULL,NULL,NULL,NULL,NULL,NULL,NULL,NULL,NULL,3),('RCONST441bb08f:1436c079bff:-6d5a-0009','RCOND441bb08f:1436c079bff:-6f73-0009','FACTFLD17d6e7ce:141df4b60c2:-7c9b','basicint','BASICINT',NULL,NULL,NULL,NULL,NULL,NULL,NULL,NULL,NULL,NULL,3),('RCONST441bb08f:1436c079bff:-6d5a-0010','RCOND441bb08f:1436c079bff:-6f73-0010','FACTFLD17d6e7ce:141df4b60c2:-7c9b','basicint','BASICINT',NULL,NULL,NULL,NULL,NULL,NULL,NULL,NULL,NULL,NULL,3),('RCONST441bb08f:1436c079bff:-6d5a-0011','RCOND441bb08f:1436c079bff:-6f73-0011','FACTFLD17d6e7ce:141df4b60c2:-7c9b','basicint','BASICINT',NULL,NULL,NULL,NULL,NULL,NULL,NULL,NULL,NULL,NULL,3),('RCONST441bb08f:1436c079bff:-6d5a-0012','RCOND441bb08f:1436c079bff:-6f73-0012','FACTFLD17d6e7ce:141df4b60c2:-7c9b','basicint','BASICINT',NULL,NULL,NULL,NULL,NULL,NULL,NULL,NULL,NULL,NULL,3),('RCONST441bb08f:1436c079bff:-6d5a-0013','RCOND441bb08f:1436c079bff:-6f73-0013','FACTFLD17d6e7ce:141df4b60c2:-7c9b','basicint','BASICINT',NULL,NULL,NULL,NULL,NULL,NULL,NULL,NULL,NULL,NULL,3),('RCONST441bb08f:1436c079bff:-6d5a-0014','RCOND441bb08f:1436c079bff:-6f73-0014','FACTFLD17d6e7ce:141df4b60c2:-7c9b','basicint','BASICINT',NULL,NULL,NULL,NULL,NULL,NULL,NULL,NULL,NULL,NULL,3),('RCONST441bb08f:1436c079bff:-6d5a-0015','RCOND441bb08f:1436c079bff:-6f73-0015','FACTFLD17d6e7ce:141df4b60c2:-7c9b','basicint','BASICINT',NULL,NULL,NULL,NULL,NULL,NULL,NULL,NULL,NULL,NULL,3),('RCONST441bb08f:1436c079bff:-6d5a-0016','RCOND441bb08f:1436c079bff:-6f73-0016','FACTFLD17d6e7ce:141df4b60c2:-7c9b','basicint','BASICINT',NULL,NULL,NULL,NULL,NULL,NULL,NULL,NULL,NULL,NULL,3),('RCONST441bb08f:1436c079bff:-6d5a-0017','RCOND441bb08f:1436c079bff:-6f73-0017','FACTFLD17d6e7ce:141df4b60c2:-7c9b','basicint','BASICINT',NULL,NULL,NULL,NULL,NULL,NULL,NULL,NULL,NULL,NULL,3),('RCONST441bb08f:1436c079bff:-6d5a-0018','RCOND441bb08f:1436c079bff:-6f73-0018','FACTFLD17d6e7ce:141df4b60c2:-7c9b','basicint','BASICINT',NULL,NULL,NULL,NULL,NULL,NULL,NULL,NULL,NULL,NULL,3),('RCONST441bb08f:1436c079bff:-6d5a-0019','RCOND441bb08f:1436c079bff:-6f73-0019','FACTFLD17d6e7ce:141df4b60c2:-7c9b','basicint','BASICINT',NULL,NULL,NULL,NULL,NULL,NULL,NULL,NULL,NULL,NULL,3),('RCONST441bb08f:1436c079bff:-6d5a-0020','RCOND441bb08f:1436c079bff:-6f73-0020','FACTFLD17d6e7ce:141df4b60c2:-7c9b','basicint','BASICINT',NULL,NULL,NULL,NULL,NULL,NULL,NULL,NULL,NULL,NULL,3),('RCONST441bb08f:1436c079bff:-6d5a-0021','RCOND441bb08f:1436c079bff:-6f73-0021','FACTFLD17d6e7ce:141df4b60c2:-7c9b','basicint','BASICINT',NULL,NULL,NULL,NULL,NULL,NULL,NULL,NULL,NULL,NULL,3),('RCONST441bb08f:1436c079bff:-6d5a-0022','RCOND441bb08f:1436c079bff:-6f73-0022','FACTFLD17d6e7ce:141df4b60c2:-7c9b','basicint','BASICINT',NULL,NULL,NULL,NULL,NULL,NULL,NULL,NULL,NULL,NULL,3),('RCONST441bb08f:1436c079bff:-6d5a-0023','RCOND441bb08f:1436c079bff:-6f73-0023','FACTFLD17d6e7ce:141df4b60c2:-7c9b','basicint','BASICINT',NULL,NULL,NULL,NULL,NULL,NULL,NULL,NULL,NULL,NULL,3),('RCONST441bb08f:1436c079bff:-6d5a-0024','RCOND441bb08f:1436c079bff:-6f73-0024','FACTFLD17d6e7ce:141df4b60c2:-7c9b','basicint','BASICINT',NULL,NULL,NULL,NULL,NULL,NULL,NULL,NULL,NULL,NULL,3),('RCONST441bb08f:1436c079bff:-6d5a-0025','RCOND441bb08f:1436c079bff:-6f73-0025','FACTFLD17d6e7ce:141df4b60c2:-7c9b','basicint','BASICINT',NULL,NULL,NULL,NULL,NULL,NULL,NULL,NULL,NULL,NULL,3),('RCONST441bb08f:1436c079bff:-6d5a-0026','RCOND441bb08f:1436c079bff:-6f73-0026','FACTFLD17d6e7ce:141df4b60c2:-7c9b','basicint','BASICINT',NULL,NULL,NULL,NULL,NULL,NULL,NULL,NULL,NULL,NULL,3),('RCONST441bb08f:1436c079bff:-6d5a-0027','RCOND441bb08f:1436c079bff:-6f73-0027','FACTFLD17d6e7ce:141df4b60c2:-7c9b','basicint','BASICINT',NULL,NULL,NULL,NULL,NULL,NULL,NULL,NULL,NULL,NULL,3),('RCONST441bb08f:1436c079bff:-6d5a-0028','RCOND441bb08f:1436c079bff:-6f73-0028','FACTFLD17d6e7ce:141df4b60c2:-7c9b','basicint','BASICINT',NULL,NULL,NULL,NULL,NULL,NULL,NULL,NULL,NULL,NULL,3),('RCONST441bb08f:1436c079bff:-6d5a-0029','RCOND441bb08f:1436c079bff:-6f73-0029','FACTFLD17d6e7ce:141df4b60c2:-7c9b','basicint','BASICINT',NULL,NULL,NULL,NULL,NULL,NULL,NULL,NULL,NULL,NULL,3),('RCONST441bb08f:1436c079bff:-6d5a-0030','RCOND441bb08f:1436c079bff:-6f73-0030','FACTFLD17d6e7ce:141df4b60c2:-7c9b','basicint','BASICINT',NULL,NULL,NULL,NULL,NULL,NULL,NULL,NULL,NULL,NULL,3),('RCONST441bb08f:1436c079bff:-6d5a-0031','RCOND441bb08f:1436c079bff:-6f73-0031','FACTFLD17d6e7ce:141df4b60c2:-7c9b','basicint','BASICINT',NULL,NULL,NULL,NULL,NULL,NULL,NULL,NULL,NULL,NULL,3),('RCONST441bb08f:1436c079bff:-6d5a-0032','RCOND441bb08f:1436c079bff:-6f73-0032','FACTFLD17d6e7ce:141df4b60c2:-7c9b','basicint','BASICINT',NULL,NULL,NULL,NULL,NULL,NULL,NULL,NULL,NULL,NULL,3),('RCONST441bb08f:1436c079bff:-6d5a-0033','RCOND441bb08f:1436c079bff:-6f73-0033','FACTFLD17d6e7ce:141df4b60c2:-7c9b','basicint','BASICINT',NULL,NULL,NULL,NULL,NULL,NULL,NULL,NULL,NULL,NULL,3),('RCONST441bb08f:1436c079bff:-6d5a-0034','RCOND441bb08f:1436c079bff:-6f73-0034','FACTFLD17d6e7ce:141df4b60c2:-7c9b','basicint','BASICINT',NULL,NULL,NULL,NULL,NULL,NULL,NULL,NULL,NULL,NULL,3),('RCONST441bb08f:1436c079bff:-6d5a-0035','RCOND441bb08f:1436c079bff:-6f73-0035','FACTFLD17d6e7ce:141df4b60c2:-7c9b','basicint','BASICINT',NULL,NULL,NULL,NULL,NULL,NULL,NULL,NULL,NULL,NULL,3),('RCONST441bb08f:1436c079bff:-6d5a-0036','RCOND441bb08f:1436c079bff:-6f73-0036','FACTFLD17d6e7ce:141df4b60c2:-7c9b','basicint','BASICINT',NULL,NULL,NULL,NULL,NULL,NULL,NULL,NULL,NULL,NULL,3),('RCONST441bb08f:1436c079bff:-6d5a-0037','RCOND441bb08f:1436c079bff:-6f73-0037','FACTFLD17d6e7ce:141df4b60c2:-7c9b','basicint','BASICINT',NULL,NULL,NULL,NULL,NULL,NULL,NULL,NULL,NULL,NULL,3),('RCONST441bb08f:1436c079bff:-6d5a-0038','RCOND441bb08f:1436c079bff:-6f73-0038','FACTFLD17d6e7ce:141df4b60c2:-7c9b','basicint','BASICINT',NULL,NULL,NULL,NULL,NULL,NULL,NULL,NULL,NULL,NULL,3),('RCONST441bb08f:1436c079bff:-6d5a-0039','RCOND441bb08f:1436c079bff:-6f73-0039','FACTFLD17d6e7ce:141df4b60c2:-7c9b','basicint','BASICINT',NULL,NULL,NULL,NULL,NULL,NULL,NULL,NULL,NULL,NULL,3),('RCONST441bb08f:1436c079bff:-6d5a-0040','RCOND441bb08f:1436c079bff:-6f73-0040','FACTFLD17d6e7ce:141df4b60c2:-7c9b','basicint','BASICINT',NULL,NULL,NULL,NULL,NULL,NULL,NULL,NULL,NULL,NULL,3),('RCONST441bb08f:1436c079bff:-6d5a-0041','RCOND441bb08f:1436c079bff:-6f73-0041','FACTFLD17d6e7ce:141df4b60c2:-7c9b','basicint','BASICINT',NULL,NULL,NULL,NULL,NULL,NULL,NULL,NULL,NULL,NULL,3),('RCONST441bb08f:1436c079bff:-6d5a-0042','RCOND441bb08f:1436c079bff:-6f73-0042','FACTFLD17d6e7ce:141df4b60c2:-7c9b','basicint','BASICINT',NULL,NULL,NULL,NULL,NULL,NULL,NULL,NULL,NULL,NULL,3),('RCONST441bb08f:1436c079bff:-6d5a-0043','RCOND441bb08f:1436c079bff:-6f73-0043','FACTFLD17d6e7ce:141df4b60c2:-7c9b','basicint','BASICINT',NULL,NULL,NULL,NULL,NULL,NULL,NULL,NULL,NULL,NULL,3),('RCONST441bb08f:1436c079bff:-6d5a-0044','RCOND441bb08f:1436c079bff:-6f73-0044','FACTFLD17d6e7ce:141df4b60c2:-7c9b','basicint','BASICINT',NULL,NULL,NULL,NULL,NULL,NULL,NULL,NULL,NULL,NULL,3),('RCONST441bb08f:1436c079bff:-6df7','RCOND441bb08f:1436c079bff:-6f73','FACTFLD17d6e7ce:141df4b60c2:-7c94','basicdisc','BASICDISC',NULL,NULL,NULL,NULL,NULL,NULL,NULL,NULL,NULL,NULL,2),('RCONST441bb08f:1436c079bff:-6df7-0002','RCOND441bb08f:1436c079bff:-6f73-0002','FACTFLD17d6e7ce:141df4b60c2:-7c94','basicdisc','BASICDISC',NULL,NULL,NULL,NULL,NULL,NULL,NULL,NULL,NULL,NULL,2),('RCONST441bb08f:1436c079bff:-6df7-0003','RCOND441bb08f:1436c079bff:-6f73-0003','FACTFLD17d6e7ce:141df4b60c2:-7c94','basicdisc','BASICDISC',NULL,NULL,NULL,NULL,NULL,NULL,NULL,NULL,NULL,NULL,2),('RCONST441bb08f:1436c079bff:-6df7-0004','RCOND441bb08f:1436c079bff:-6f73-0004','FACTFLD17d6e7ce:141df4b60c2:-7c94','basicdisc','BASICDISC',NULL,NULL,NULL,NULL,NULL,NULL,NULL,NULL,NULL,NULL,2),('RCONST441bb08f:1436c079bff:-6df7-0005','RCOND441bb08f:1436c079bff:-6f73-0005','FACTFLD17d6e7ce:141df4b60c2:-7c94','basicdisc','BASICDISC',NULL,NULL,NULL,NULL,NULL,NULL,NULL,NULL,NULL,NULL,2),('RCONST441bb08f:1436c079bff:-6df7-0006','RCOND441bb08f:1436c079bff:-6f73-0006','FACTFLD17d6e7ce:141df4b60c2:-7c94','basicdisc','BASICDISC',NULL,NULL,NULL,NULL,NULL,NULL,NULL,NULL,NULL,NULL,2),('RCONST441bb08f:1436c079bff:-6df7-0007','RCOND441bb08f:1436c079bff:-6f73-0007','FACTFLD17d6e7ce:141df4b60c2:-7c94','basicdisc','BASICDISC',NULL,NULL,NULL,NULL,NULL,NULL,NULL,NULL,NULL,NULL,2),('RCONST441bb08f:1436c079bff:-6df7-0008','RCOND441bb08f:1436c079bff:-6f73-0008','FACTFLD17d6e7ce:141df4b60c2:-7c94','basicdisc','BASICDISC',NULL,NULL,NULL,NULL,NULL,NULL,NULL,NULL,NULL,NULL,2),('RCONST441bb08f:1436c079bff:-6df7-0009','RCOND441bb08f:1436c079bff:-6f73-0009','FACTFLD17d6e7ce:141df4b60c2:-7c94','basicdisc','BASICDISC',NULL,NULL,NULL,NULL,NULL,NULL,NULL,NULL,NULL,NULL,2),('RCONST441bb08f:1436c079bff:-6df7-0010','RCOND441bb08f:1436c079bff:-6f73-0010','FACTFLD17d6e7ce:141df4b60c2:-7c94','basicdisc','BASICDISC',NULL,NULL,NULL,NULL,NULL,NULL,NULL,NULL,NULL,NULL,2),('RCONST441bb08f:1436c079bff:-6df7-0011','RCOND441bb08f:1436c079bff:-6f73-0011','FACTFLD17d6e7ce:141df4b60c2:-7c94','basicdisc','BASICDISC',NULL,NULL,NULL,NULL,NULL,NULL,NULL,NULL,NULL,NULL,2),('RCONST441bb08f:1436c079bff:-6df7-0012','RCOND441bb08f:1436c079bff:-6f73-0012','FACTFLD17d6e7ce:141df4b60c2:-7c94','basicdisc','BASICDISC',NULL,NULL,NULL,NULL,NULL,NULL,NULL,NULL,NULL,NULL,2),('RCONST441bb08f:1436c079bff:-6df7-0013','RCOND441bb08f:1436c079bff:-6f73-0013','FACTFLD17d6e7ce:141df4b60c2:-7c94','basicdisc','BASICDISC',NULL,NULL,NULL,NULL,NULL,NULL,NULL,NULL,NULL,NULL,2),('RCONST441bb08f:1436c079bff:-6df7-0014','RCOND441bb08f:1436c079bff:-6f73-0014','FACTFLD17d6e7ce:141df4b60c2:-7c94','basicdisc','BASICDISC',NULL,NULL,NULL,NULL,NULL,NULL,NULL,NULL,NULL,NULL,2),('RCONST441bb08f:1436c079bff:-6df7-0015','RCOND441bb08f:1436c079bff:-6f73-0015','FACTFLD17d6e7ce:141df4b60c2:-7c94','basicdisc','BASICDISC',NULL,NULL,NULL,NULL,NULL,NULL,NULL,NULL,NULL,NULL,2),('RCONST441bb08f:1436c079bff:-6df7-0016','RCOND441bb08f:1436c079bff:-6f73-0016','FACTFLD17d6e7ce:141df4b60c2:-7c94','basicdisc','BASICDISC',NULL,NULL,NULL,NULL,NULL,NULL,NULL,NULL,NULL,NULL,2),('RCONST441bb08f:1436c079bff:-6df7-0017','RCOND441bb08f:1436c079bff:-6f73-0017','FACTFLD17d6e7ce:141df4b60c2:-7c94','basicdisc','BASICDISC',NULL,NULL,NULL,NULL,NULL,NULL,NULL,NULL,NULL,NULL,2),('RCONST441bb08f:1436c079bff:-6df7-0018','RCOND441bb08f:1436c079bff:-6f73-0018','FACTFLD17d6e7ce:141df4b60c2:-7c94','basicdisc','BASICDISC',NULL,NULL,NULL,NULL,NULL,NULL,NULL,NULL,NULL,NULL,2),('RCONST441bb08f:1436c079bff:-6df7-0019','RCOND441bb08f:1436c079bff:-6f73-0019','FACTFLD17d6e7ce:141df4b60c2:-7c94','basicdisc','BASICDISC',NULL,NULL,NULL,NULL,NULL,NULL,NULL,NULL,NULL,NULL,2),('RCONST441bb08f:1436c079bff:-6df7-0020','RCOND441bb08f:1436c079bff:-6f73-0020','FACTFLD17d6e7ce:141df4b60c2:-7c94','basicdisc','BASICDISC',NULL,NULL,NULL,NULL,NULL,NULL,NULL,NULL,NULL,NULL,2),('RCONST441bb08f:1436c079bff:-6df7-0021','RCOND441bb08f:1436c079bff:-6f73-0021','FACTFLD17d6e7ce:141df4b60c2:-7c94','basicdisc','BASICDISC',NULL,NULL,NULL,NULL,NULL,NULL,NULL,NULL,NULL,NULL,2),('RCONST441bb08f:1436c079bff:-6df7-0022','RCOND441bb08f:1436c079bff:-6f73-0022','FACTFLD17d6e7ce:141df4b60c2:-7c94','basicdisc','BASICDISC',NULL,NULL,NULL,NULL,NULL,NULL,NULL,NULL,NULL,NULL,2),('RCONST441bb08f:1436c079bff:-6df7-0023','RCOND441bb08f:1436c079bff:-6f73-0023','FACTFLD17d6e7ce:141df4b60c2:-7c94','basicdisc','BASICDISC',NULL,NULL,NULL,NULL,NULL,NULL,NULL,NULL,NULL,NULL,2),('RCONST441bb08f:1436c079bff:-6df7-0024','RCOND441bb08f:1436c079bff:-6f73-0024','FACTFLD17d6e7ce:141df4b60c2:-7c94','basicdisc','BASICDISC',NULL,NULL,NULL,NULL,NULL,NULL,NULL,NULL,NULL,NULL,2),('RCONST441bb08f:1436c079bff:-6df7-0025','RCOND441bb08f:1436c079bff:-6f73-0025','FACTFLD17d6e7ce:141df4b60c2:-7c94','basicdisc','BASICDISC',NULL,NULL,NULL,NULL,NULL,NULL,NULL,NULL,NULL,NULL,2),('RCONST441bb08f:1436c079bff:-6df7-0026','RCOND441bb08f:1436c079bff:-6f73-0026','FACTFLD17d6e7ce:141df4b60c2:-7c94','basicdisc','BASICDISC',NULL,NULL,NULL,NULL,NULL,NULL,NULL,NULL,NULL,NULL,2),('RCONST441bb08f:1436c079bff:-6df7-0027','RCOND441bb08f:1436c079bff:-6f73-0027','FACTFLD17d6e7ce:141df4b60c2:-7c94','basicdisc','BASICDISC',NULL,NULL,NULL,NULL,NULL,NULL,NULL,NULL,NULL,NULL,2),('RCONST441bb08f:1436c079bff:-6df7-0028','RCOND441bb08f:1436c079bff:-6f73-0028','FACTFLD17d6e7ce:141df4b60c2:-7c94','basicdisc','BASICDISC',NULL,NULL,NULL,NULL,NULL,NULL,NULL,NULL,NULL,NULL,2),('RCONST441bb08f:1436c079bff:-6df7-0029','RCOND441bb08f:1436c079bff:-6f73-0029','FACTFLD17d6e7ce:141df4b60c2:-7c94','basicdisc','BASICDISC',NULL,NULL,NULL,NULL,NULL,NULL,NULL,NULL,NULL,NULL,2),('RCONST441bb08f:1436c079bff:-6df7-0030','RCOND441bb08f:1436c079bff:-6f73-0030','FACTFLD17d6e7ce:141df4b60c2:-7c94','basicdisc','BASICDISC',NULL,NULL,NULL,NULL,NULL,NULL,NULL,NULL,NULL,NULL,2),('RCONST441bb08f:1436c079bff:-6df7-0031','RCOND441bb08f:1436c079bff:-6f73-0031','FACTFLD17d6e7ce:141df4b60c2:-7c94','basicdisc','BASICDISC',NULL,NULL,NULL,NULL,NULL,NULL,NULL,NULL,NULL,NULL,2),('RCONST441bb08f:1436c079bff:-6df7-0032','RCOND441bb08f:1436c079bff:-6f73-0032','FACTFLD17d6e7ce:141df4b60c2:-7c94','basicdisc','BASICDISC',NULL,NULL,NULL,NULL,NULL,NULL,NULL,NULL,NULL,NULL,2),('RCONST441bb08f:1436c079bff:-6df7-0033','RCOND441bb08f:1436c079bff:-6f73-0033','FACTFLD17d6e7ce:141df4b60c2:-7c94','basicdisc','BASICDISC',NULL,NULL,NULL,NULL,NULL,NULL,NULL,NULL,NULL,NULL,2),('RCONST441bb08f:1436c079bff:-6df7-0034','RCOND441bb08f:1436c079bff:-6f73-0034','FACTFLD17d6e7ce:141df4b60c2:-7c94','basicdisc','BASICDISC',NULL,NULL,NULL,NULL,NULL,NULL,NULL,NULL,NULL,NULL,2),('RCONST441bb08f:1436c079bff:-6df7-0035','RCOND441bb08f:1436c079bff:-6f73-0035','FACTFLD17d6e7ce:141df4b60c2:-7c94','basicdisc','BASICDISC',NULL,NULL,NULL,NULL,NULL,NULL,NULL,NULL,NULL,NULL,2),('RCONST441bb08f:1436c079bff:-6df7-0036','RCOND441bb08f:1436c079bff:-6f73-0036','FACTFLD17d6e7ce:141df4b60c2:-7c94','basicdisc','BASICDISC',NULL,NULL,NULL,NULL,NULL,NULL,NULL,NULL,NULL,NULL,2),('RCONST441bb08f:1436c079bff:-6df7-0037','RCOND441bb08f:1436c079bff:-6f73-0037','FACTFLD17d6e7ce:141df4b60c2:-7c94','basicdisc','BASICDISC',NULL,NULL,NULL,NULL,NULL,NULL,NULL,NULL,NULL,NULL,2),('RCONST441bb08f:1436c079bff:-6df7-0038','RCOND441bb08f:1436c079bff:-6f73-0038','FACTFLD17d6e7ce:141df4b60c2:-7c94','basicdisc','BASICDISC',NULL,NULL,NULL,NULL,NULL,NULL,NULL,NULL,NULL,NULL,2),('RCONST441bb08f:1436c079bff:-6df7-0039','RCOND441bb08f:1436c079bff:-6f73-0039','FACTFLD17d6e7ce:141df4b60c2:-7c94','basicdisc','BASICDISC',NULL,NULL,NULL,NULL,NULL,NULL,NULL,NULL,NULL,NULL,2),('RCONST441bb08f:1436c079bff:-6df7-0040','RCOND441bb08f:1436c079bff:-6f73-0040','FACTFLD17d6e7ce:141df4b60c2:-7c94','basicdisc','BASICDISC',NULL,NULL,NULL,NULL,NULL,NULL,NULL,NULL,NULL,NULL,2),('RCONST441bb08f:1436c079bff:-6df7-0041','RCOND441bb08f:1436c079bff:-6f73-0041','FACTFLD17d6e7ce:141df4b60c2:-7c94','basicdisc','BASICDISC',NULL,NULL,NULL,NULL,NULL,NULL,NULL,NULL,NULL,NULL,2),('RCONST441bb08f:1436c079bff:-6df7-0042','RCOND441bb08f:1436c079bff:-6f73-0042','FACTFLD17d6e7ce:141df4b60c2:-7c94','basicdisc','BASICDISC',NULL,NULL,NULL,NULL,NULL,NULL,NULL,NULL,NULL,NULL,2),('RCONST441bb08f:1436c079bff:-6df7-0043','RCOND441bb08f:1436c079bff:-6f73-0043','FACTFLD17d6e7ce:141df4b60c2:-7c94','basicdisc','BASICDISC',NULL,NULL,NULL,NULL,NULL,NULL,NULL,NULL,NULL,NULL,2),('RCONST441bb08f:1436c079bff:-6df7-0044','RCOND441bb08f:1436c079bff:-6f73-0044','FACTFLD17d6e7ce:141df4b60c2:-7c94','basicdisc','BASICDISC',NULL,NULL,NULL,NULL,NULL,NULL,NULL,NULL,NULL,NULL,2),('RCONST441bb08f:1436c079bff:-6e87','RCOND441bb08f:1436c079bff:-6f73','FACTFLD17d6e7ce:141df4b60c2:-7ca2','basic','BASIC',NULL,NULL,NULL,NULL,NULL,NULL,NULL,NULL,NULL,NULL,1),('RCONST441bb08f:1436c079bff:-6e87-0002','RCOND441bb08f:1436c079bff:-6f73-0002','FACTFLD17d6e7ce:141df4b60c2:-7ca2','basic','BASIC',NULL,NULL,NULL,NULL,NULL,NULL,NULL,NULL,NULL,NULL,1),('RCONST441bb08f:1436c079bff:-6e87-0003','RCOND441bb08f:1436c079bff:-6f73-0003','FACTFLD17d6e7ce:141df4b60c2:-7ca2','basic','BASIC',NULL,NULL,NULL,NULL,NULL,NULL,NULL,NULL,NULL,NULL,1),('RCONST441bb08f:1436c079bff:-6e87-0004','RCOND441bb08f:1436c079bff:-6f73-0004','FACTFLD17d6e7ce:141df4b60c2:-7ca2','basic','BASIC',NULL,NULL,NULL,NULL,NULL,NULL,NULL,NULL,NULL,NULL,1),('RCONST441bb08f:1436c079bff:-6e87-0005','RCOND441bb08f:1436c079bff:-6f73-0005','FACTFLD17d6e7ce:141df4b60c2:-7ca2','basic','BASIC',NULL,NULL,NULL,NULL,NULL,NULL,NULL,NULL,NULL,NULL,1),('RCONST441bb08f:1436c079bff:-6e87-0006','RCOND441bb08f:1436c079bff:-6f73-0006','FACTFLD17d6e7ce:141df4b60c2:-7ca2','basic','BASIC',NULL,NULL,NULL,NULL,NULL,NULL,NULL,NULL,NULL,NULL,1),('RCONST441bb08f:1436c079bff:-6e87-0007','RCOND441bb08f:1436c079bff:-6f73-0007','FACTFLD17d6e7ce:141df4b60c2:-7ca2','basic','BASIC',NULL,NULL,NULL,NULL,NULL,NULL,NULL,NULL,NULL,NULL,1),('RCONST441bb08f:1436c079bff:-6e87-0008','RCOND441bb08f:1436c079bff:-6f73-0008','FACTFLD17d6e7ce:141df4b60c2:-7ca2','basic','BASIC',NULL,NULL,NULL,NULL,NULL,NULL,NULL,NULL,NULL,NULL,1),('RCONST441bb08f:1436c079bff:-6e87-0009','RCOND441bb08f:1436c079bff:-6f73-0009','FACTFLD17d6e7ce:141df4b60c2:-7ca2','basic','BASIC',NULL,NULL,NULL,NULL,NULL,NULL,NULL,NULL,NULL,NULL,1),('RCONST441bb08f:1436c079bff:-6e87-0010','RCOND441bb08f:1436c079bff:-6f73-0010','FACTFLD17d6e7ce:141df4b60c2:-7ca2','basic','BASIC',NULL,NULL,NULL,NULL,NULL,NULL,NULL,NULL,NULL,NULL,1),('RCONST441bb08f:1436c079bff:-6e87-0011','RCOND441bb08f:1436c079bff:-6f73-0011','FACTFLD17d6e7ce:141df4b60c2:-7ca2','basic','BASIC',NULL,NULL,NULL,NULL,NULL,NULL,NULL,NULL,NULL,NULL,1),('RCONST441bb08f:1436c079bff:-6e87-0012','RCOND441bb08f:1436c079bff:-6f73-0012','FACTFLD17d6e7ce:141df4b60c2:-7ca2','basic','BASIC',NULL,NULL,NULL,NULL,NULL,NULL,NULL,NULL,NULL,NULL,1),('RCONST441bb08f:1436c079bff:-6e87-0013','RCOND441bb08f:1436c079bff:-6f73-0013','FACTFLD17d6e7ce:141df4b60c2:-7ca2','basic','BASIC',NULL,NULL,NULL,NULL,NULL,NULL,NULL,NULL,NULL,NULL,1),('RCONST441bb08f:1436c079bff:-6e87-0014','RCOND441bb08f:1436c079bff:-6f73-0014','FACTFLD17d6e7ce:141df4b60c2:-7ca2','basic','BASIC',NULL,NULL,NULL,NULL,NULL,NULL,NULL,NULL,NULL,NULL,1),('RCONST441bb08f:1436c079bff:-6e87-0015','RCOND441bb08f:1436c079bff:-6f73-0015','FACTFLD17d6e7ce:141df4b60c2:-7ca2','basic','BASIC',NULL,NULL,NULL,NULL,NULL,NULL,NULL,NULL,NULL,NULL,1),('RCONST441bb08f:1436c079bff:-6e87-0016','RCOND441bb08f:1436c079bff:-6f73-0016','FACTFLD17d6e7ce:141df4b60c2:-7ca2','basic','BASIC',NULL,NULL,NULL,NULL,NULL,NULL,NULL,NULL,NULL,NULL,1),('RCONST441bb08f:1436c079bff:-6e87-0017','RCOND441bb08f:1436c079bff:-6f73-0017','FACTFLD17d6e7ce:141df4b60c2:-7ca2','basic','BASIC',NULL,NULL,NULL,NULL,NULL,NULL,NULL,NULL,NULL,NULL,1),('RCONST441bb08f:1436c079bff:-6e87-0018','RCOND441bb08f:1436c079bff:-6f73-0018','FACTFLD17d6e7ce:141df4b60c2:-7ca2','basic','BASIC',NULL,NULL,NULL,NULL,NULL,NULL,NULL,NULL,NULL,NULL,1),('RCONST441bb08f:1436c079bff:-6e87-0019','RCOND441bb08f:1436c079bff:-6f73-0019','FACTFLD17d6e7ce:141df4b60c2:-7ca2','basic','BASIC',NULL,NULL,NULL,NULL,NULL,NULL,NULL,NULL,NULL,NULL,1),('RCONST441bb08f:1436c079bff:-6e87-0020','RCOND441bb08f:1436c079bff:-6f73-0020','FACTFLD17d6e7ce:141df4b60c2:-7ca2','basic','BASIC',NULL,NULL,NULL,NULL,NULL,NULL,NULL,NULL,NULL,NULL,1),('RCONST441bb08f:1436c079bff:-6e87-0021','RCOND441bb08f:1436c079bff:-6f73-0021','FACTFLD17d6e7ce:141df4b60c2:-7ca2','basic','BASIC',NULL,NULL,NULL,NULL,NULL,NULL,NULL,NULL,NULL,NULL,1),('RCONST441bb08f:1436c079bff:-6e87-0022','RCOND441bb08f:1436c079bff:-6f73-0022','FACTFLD17d6e7ce:141df4b60c2:-7ca2','basic','BASIC',NULL,NULL,NULL,NULL,NULL,NULL,NULL,NULL,NULL,NULL,1),('RCONST441bb08f:1436c079bff:-6e87-0023','RCOND441bb08f:1436c079bff:-6f73-0023','FACTFLD17d6e7ce:141df4b60c2:-7ca2','basic','BASIC',NULL,NULL,NULL,NULL,NULL,NULL,NULL,NULL,NULL,NULL,1),('RCONST441bb08f:1436c079bff:-6e87-0024','RCOND441bb08f:1436c079bff:-6f73-0024','FACTFLD17d6e7ce:141df4b60c2:-7ca2','basic','BASIC',NULL,NULL,NULL,NULL,NULL,NULL,NULL,NULL,NULL,NULL,1),('RCONST441bb08f:1436c079bff:-6e87-0025','RCOND441bb08f:1436c079bff:-6f73-0025','FACTFLD17d6e7ce:141df4b60c2:-7ca2','basic','BASIC',NULL,NULL,NULL,NULL,NULL,NULL,NULL,NULL,NULL,NULL,1),('RCONST441bb08f:1436c079bff:-6e87-0026','RCOND441bb08f:1436c079bff:-6f73-0026','FACTFLD17d6e7ce:141df4b60c2:-7ca2','basic','BASIC',NULL,NULL,NULL,NULL,NULL,NULL,NULL,NULL,NULL,NULL,1),('RCONST441bb08f:1436c079bff:-6e87-0027','RCOND441bb08f:1436c079bff:-6f73-0027','FACTFLD17d6e7ce:141df4b60c2:-7ca2','basic','BASIC',NULL,NULL,NULL,NULL,NULL,NULL,NULL,NULL,NULL,NULL,1),('RCONST441bb08f:1436c079bff:-6e87-0028','RCOND441bb08f:1436c079bff:-6f73-0028','FACTFLD17d6e7ce:141df4b60c2:-7ca2','basic','BASIC',NULL,NULL,NULL,NULL,NULL,NULL,NULL,NULL,NULL,NULL,1),('RCONST441bb08f:1436c079bff:-6e87-0029','RCOND441bb08f:1436c079bff:-6f73-0029','FACTFLD17d6e7ce:141df4b60c2:-7ca2','basic','BASIC',NULL,NULL,NULL,NULL,NULL,NULL,NULL,NULL,NULL,NULL,1),('RCONST441bb08f:1436c079bff:-6e87-0030','RCOND441bb08f:1436c079bff:-6f73-0030','FACTFLD17d6e7ce:141df4b60c2:-7ca2','basic','BASIC',NULL,NULL,NULL,NULL,NULL,NULL,NULL,NULL,NULL,NULL,1),('RCONST441bb08f:1436c079bff:-6e87-0031','RCOND441bb08f:1436c079bff:-6f73-0031','FACTFLD17d6e7ce:141df4b60c2:-7ca2','basic','BASIC',NULL,NULL,NULL,NULL,NULL,NULL,NULL,NULL,NULL,NULL,1),('RCONST441bb08f:1436c079bff:-6e87-0032','RCOND441bb08f:1436c079bff:-6f73-0032','FACTFLD17d6e7ce:141df4b60c2:-7ca2','basic','BASIC',NULL,NULL,NULL,NULL,NULL,NULL,NULL,NULL,NULL,NULL,1),('RCONST441bb08f:1436c079bff:-6e87-0033','RCOND441bb08f:1436c079bff:-6f73-0033','FACTFLD17d6e7ce:141df4b60c2:-7ca2','basic','BASIC',NULL,NULL,NULL,NULL,NULL,NULL,NULL,NULL,NULL,NULL,1),('RCONST441bb08f:1436c079bff:-6e87-0034','RCOND441bb08f:1436c079bff:-6f73-0034','FACTFLD17d6e7ce:141df4b60c2:-7ca2','basic','BASIC',NULL,NULL,NULL,NULL,NULL,NULL,NULL,NULL,NULL,NULL,1),('RCONST441bb08f:1436c079bff:-6e87-0035','RCOND441bb08f:1436c079bff:-6f73-0035','FACTFLD17d6e7ce:141df4b60c2:-7ca2','basic','BASIC',NULL,NULL,NULL,NULL,NULL,NULL,NULL,NULL,NULL,NULL,1),('RCONST441bb08f:1436c079bff:-6e87-0036','RCOND441bb08f:1436c079bff:-6f73-0036','FACTFLD17d6e7ce:141df4b60c2:-7ca2','basic','BASIC',NULL,NULL,NULL,NULL,NULL,NULL,NULL,NULL,NULL,NULL,1),('RCONST441bb08f:1436c079bff:-6e87-0037','RCOND441bb08f:1436c079bff:-6f73-0037','FACTFLD17d6e7ce:141df4b60c2:-7ca2','basic','BASIC',NULL,NULL,NULL,NULL,NULL,NULL,NULL,NULL,NULL,NULL,1),('RCONST441bb08f:1436c079bff:-6e87-0038','RCOND441bb08f:1436c079bff:-6f73-0038','FACTFLD17d6e7ce:141df4b60c2:-7ca2','basic','BASIC',NULL,NULL,NULL,NULL,NULL,NULL,NULL,NULL,NULL,NULL,1),('RCONST441bb08f:1436c079bff:-6e87-0039','RCOND441bb08f:1436c079bff:-6f73-0039','FACTFLD17d6e7ce:141df4b60c2:-7ca2','basic','BASIC',NULL,NULL,NULL,NULL,NULL,NULL,NULL,NULL,NULL,NULL,1),('RCONST441bb08f:1436c079bff:-6e87-0040','RCOND441bb08f:1436c079bff:-6f73-0040','FACTFLD17d6e7ce:141df4b60c2:-7ca2','basic','BASIC',NULL,NULL,NULL,NULL,NULL,NULL,NULL,NULL,NULL,NULL,1),('RCONST441bb08f:1436c079bff:-6e87-0041','RCOND441bb08f:1436c079bff:-6f73-0041','FACTFLD17d6e7ce:141df4b60c2:-7ca2','basic','BASIC',NULL,NULL,NULL,NULL,NULL,NULL,NULL,NULL,NULL,NULL,1),('RCONST441bb08f:1436c079bff:-6e87-0042','RCOND441bb08f:1436c079bff:-6f73-0042','FACTFLD17d6e7ce:141df4b60c2:-7ca2','basic','BASIC',NULL,NULL,NULL,NULL,NULL,NULL,NULL,NULL,NULL,NULL,1),('RCONST441bb08f:1436c079bff:-6e87-0043','RCOND441bb08f:1436c079bff:-6f73-0043','FACTFLD17d6e7ce:141df4b60c2:-7ca2','basic','BASIC',NULL,NULL,NULL,NULL,NULL,NULL,NULL,NULL,NULL,NULL,1),('RCONST441bb08f:1436c079bff:-6e87-0044','RCOND441bb08f:1436c079bff:-6f73-0044','FACTFLD17d6e7ce:141df4b60c2:-7ca2','basic','BASIC',NULL,NULL,NULL,NULL,NULL,NULL,NULL,NULL,NULL,NULL,1),('RCONST441bb08f:1436c079bff:-6f08','RCOND441bb08f:1436c079bff:-6f73','FACTFLD441bb08f:1436c079bff:-7f49','barangayid',NULL,'is any of the ff.','matches',NULL,NULL,NULL,NULL,NULL,NULL,'[[key:\"BRGY00000029\",value:\"POBLACION\"]]',NULL,0),('RCONST441bb08f:1436c079bff:-6f08-0002','RCOND441bb08f:1436c079bff:-6f73-0002','FACTFLD441bb08f:1436c079bff:-7f49','barangayid',NULL,'is any of the ff.','matches',NULL,NULL,NULL,NULL,NULL,NULL,'[[key:\"BRGY00000030\",value:\"ABUNO\"]]',NULL,0),('RCONST441bb08f:1436c079bff:-6f08-0003','RCOND441bb08f:1436c079bff:-6f73-0003','FACTFLD441bb08f:1436c079bff:-7f49','barangayid',NULL,'is any of the ff.','matches',NULL,NULL,NULL,NULL,NULL,NULL,'[[key:\"BRGY00000031\",value:\"ACMAC\"]]',NULL,0),('RCONST441bb08f:1436c079bff:-6f08-0004','RCOND441bb08f:1436c079bff:-6f73-0004','FACTFLD441bb08f:1436c079bff:-7f49','barangayid',NULL,'is any of the ff.','matches',NULL,NULL,NULL,NULL,NULL,NULL,'[[key:\"BRGY00000032\",value:\"BAGONG SILANG\"]]',NULL,0),('RCONST441bb08f:1436c079bff:-6f08-0005','RCOND441bb08f:1436c079bff:-6f73-0005','FACTFLD441bb08f:1436c079bff:-7f49','barangayid',NULL,'is any of the ff.','matches',NULL,NULL,NULL,NULL,NULL,NULL,'[[key:\"BRGY00000033\",value:\"BONBONON\"]]',NULL,0),('RCONST441bb08f:1436c079bff:-6f08-0006','RCOND441bb08f:1436c079bff:-6f73-0006','FACTFLD441bb08f:1436c079bff:-7f49','barangayid',NULL,'is any of the ff.','matches',NULL,NULL,NULL,NULL,NULL,NULL,'[[key:\"BRGY00000034\",value:\"BUNAWAN\"]]',NULL,0),('RCONST441bb08f:1436c079bff:-6f08-0007','RCOND441bb08f:1436c079bff:-6f73-0007','FACTFLD441bb08f:1436c079bff:-7f49','barangayid',NULL,'is any of the ff.','matches',NULL,NULL,NULL,NULL,NULL,NULL,'[[key:\"BRGY00000035\",value:\"BURU-UN\"]]',NULL,0),('RCONST441bb08f:1436c079bff:-6f08-0008','RCOND441bb08f:1436c079bff:-6f73-0008','FACTFLD441bb08f:1436c079bff:-7f49','barangayid',NULL,'is any of the ff.','matches',NULL,NULL,NULL,NULL,NULL,NULL,'[[key:\"BRGY00000036\",value:\"CABACSANAN\"]]',NULL,0),('RCONST441bb08f:1436c079bff:-6f08-0009','RCOND441bb08f:1436c079bff:-6f73-0009','FACTFLD441bb08f:1436c079bff:-7f49','barangayid',NULL,'is any of the ff.','matches',NULL,NULL,NULL,NULL,NULL,NULL,'[[key:\"BRGY00000037\",value:\"DALIPUGA\"]]',NULL,0),('RCONST441bb08f:1436c079bff:-6f08-0010','RCOND441bb08f:1436c079bff:-6f73-0010','FACTFLD441bb08f:1436c079bff:-7f49','barangayid',NULL,'is any of the ff.','matches',NULL,NULL,NULL,NULL,NULL,NULL,'[[key:\"BRGY00000038\",value:\"DEL CARMEN\"]]',NULL,0),('RCONST441bb08f:1436c079bff:-6f08-0011','RCOND441bb08f:1436c079bff:-6f73-0011','FACTFLD441bb08f:1436c079bff:-7f49','barangayid',NULL,'is any of the ff.','matches',NULL,NULL,NULL,NULL,NULL,NULL,'[[key:\"BRGY00000039\",value:\"DIGKILAAN\"]]',NULL,0),('RCONST441bb08f:1436c079bff:-6f08-0012','RCOND441bb08f:1436c079bff:-6f73-0012','FACTFLD441bb08f:1436c079bff:-7f49','barangayid',NULL,'is any of the ff.','matches',NULL,NULL,NULL,NULL,NULL,NULL,'[[key:\"BRGY00000040\",value:\"DITUCALAN\"]]',NULL,0),('RCONST441bb08f:1436c079bff:-6f08-0013','RCOND441bb08f:1436c079bff:-6f73-0013','FACTFLD441bb08f:1436c079bff:-7f49','barangayid',NULL,'is any of the ff.','matches',NULL,NULL,NULL,NULL,NULL,NULL,'[[key:\"BRGY00000041\",value:\"DULAG\"]]',NULL,0),('RCONST441bb08f:1436c079bff:-6f08-0014','RCOND441bb08f:1436c079bff:-6f73-0014','FACTFLD441bb08f:1436c079bff:-7f49','barangayid',NULL,'is any of the ff.','matches',NULL,NULL,NULL,NULL,NULL,NULL,'[[key:\"BRGY00000042\",value:\"HINAPLANON\"]]',NULL,0),('RCONST441bb08f:1436c079bff:-6f08-0015','RCOND441bb08f:1436c079bff:-6f73-0015','FACTFLD441bb08f:1436c079bff:-7f49','barangayid',NULL,'is any of the ff.','matches',NULL,NULL,NULL,NULL,NULL,NULL,'[[key:\"BRGY00000043\",value:\"HINDANG\"]]',NULL,0),('RCONST441bb08f:1436c079bff:-6f08-0016','RCOND441bb08f:1436c079bff:-6f73-0016','FACTFLD441bb08f:1436c079bff:-7f49','barangayid',NULL,'is any of the ff.','matches',NULL,NULL,NULL,NULL,NULL,NULL,'[[key:\"BRGY00000044\",value:\"KALILANGAN\"]]',NULL,0),('RCONST441bb08f:1436c079bff:-6f08-0017','RCOND441bb08f:1436c079bff:-6f73-0017','FACTFLD441bb08f:1436c079bff:-7f49','barangayid',NULL,'is any of the ff.','matches',NULL,NULL,NULL,NULL,NULL,NULL,'[[key:\"BRGY00000001\",value:\"KIWALAN\"]]',NULL,0),('RCONST441bb08f:1436c079bff:-6f08-0018','RCOND441bb08f:1436c079bff:-6f73-0018','FACTFLD441bb08f:1436c079bff:-7f49','barangayid',NULL,'is any of the ff.','matches',NULL,NULL,NULL,NULL,NULL,NULL,'[[key:\"BRGY00000002\",value:\"LANIPAO\"]]',NULL,0),('RCONST441bb08f:1436c079bff:-6f08-0019','RCOND441bb08f:1436c079bff:-6f73-0019','FACTFLD441bb08f:1436c079bff:-7f49','barangayid',NULL,'is any of the ff.','matches',NULL,NULL,NULL,NULL,NULL,NULL,'[[key:\"BRGY00000003\",value:\"LUINAB\"]]',NULL,0),('RCONST441bb08f:1436c079bff:-6f08-0020','RCOND441bb08f:1436c079bff:-6f73-0020','FACTFLD441bb08f:1436c079bff:-7f49','barangayid',NULL,'is any of the ff.','matches',NULL,NULL,NULL,NULL,NULL,NULL,'[[key:\"BRGY00000004\",value:\"MAHAYAHAY\"]]',NULL,0),('RCONST441bb08f:1436c079bff:-6f08-0021','RCOND441bb08f:1436c079bff:-6f73-0021','FACTFLD441bb08f:1436c079bff:-7f49','barangayid',NULL,'is any of the ff.','matches',NULL,NULL,NULL,NULL,NULL,NULL,'[[key:\"BRGY00000005\",value:\"MAINIT\"]]',NULL,0),('RCONST441bb08f:1436c079bff:-6f08-0022','RCOND441bb08f:1436c079bff:-6f73-0022','FACTFLD441bb08f:1436c079bff:-7f49','barangayid',NULL,'is any of the ff.','matches',NULL,NULL,NULL,NULL,NULL,NULL,'[[key:\"BRGY00000006\",value:\"MANDULOG\"]]',NULL,0),('RCONST441bb08f:1436c079bff:-6f08-0023','RCOND441bb08f:1436c079bff:-6f73-0023','FACTFLD441bb08f:1436c079bff:-7f49','barangayid',NULL,'is any of the ff.','matches',NULL,NULL,NULL,NULL,NULL,NULL,'[[key:\"BRGY00000007\",value:\"MA. CRISTINA\"]]',NULL,0),('RCONST441bb08f:1436c079bff:-6f08-0024','RCOND441bb08f:1436c079bff:-6f73-0024','FACTFLD441bb08f:1436c079bff:-7f49','barangayid',NULL,'is any of the ff.','matches',NULL,NULL,NULL,NULL,NULL,NULL,'[[key:\"BRGY00000008\",value:\"PALA-O\"]]',NULL,0),('RCONST441bb08f:1436c079bff:-6f08-0025','RCOND441bb08f:1436c079bff:-6f73-0025','FACTFLD441bb08f:1436c079bff:-7f49','barangayid',NULL,'is any of the ff.','matches',NULL,NULL,NULL,NULL,NULL,NULL,'[[key:\"BRGY00000009\",value:\"PANOROGANAN\"]]',NULL,0),('RCONST441bb08f:1436c079bff:-6f08-0026','RCOND441bb08f:1436c079bff:-6f73-0026','FACTFLD441bb08f:1436c079bff:-7f49','barangayid',NULL,'is any of the ff.','matches',NULL,NULL,NULL,NULL,NULL,NULL,'[[key:\"BRGY00000010\",value:\"PUGA-AN\"]]',NULL,0),('RCONST441bb08f:1436c079bff:-6f08-0027','RCOND441bb08f:1436c079bff:-6f73-0027','FACTFLD441bb08f:1436c079bff:-7f49','barangayid',NULL,'is any of the ff.','matches',NULL,NULL,NULL,NULL,NULL,NULL,'[[key:\"BRGY00000011\",value:\"TOMINOBO PROPER\"]]',NULL,0),('RCONST441bb08f:1436c079bff:-6f08-0028','RCOND441bb08f:1436c079bff:-6f73-0028','FACTFLD441bb08f:1436c079bff:-7f49','barangayid',NULL,'is any of the ff.','matches',NULL,NULL,NULL,NULL,NULL,NULL,'[[key:\"BRGY00000012\",value:\"ROGONGON\"]]',NULL,0),('RCONST441bb08f:1436c079bff:-6f08-0029','RCOND441bb08f:1436c079bff:-6f73-0029','FACTFLD441bb08f:1436c079bff:-7f49','barangayid',NULL,'is any of the ff.','matches',NULL,NULL,NULL,NULL,NULL,NULL,'[[key:\"BRGY00000013\",value:\"SAN MIGUEL\"]]',NULL,0),('RCONST441bb08f:1436c079bff:-6f08-0030','RCOND441bb08f:1436c079bff:-6f73-0030','FACTFLD441bb08f:1436c079bff:-7f49','barangayid',NULL,'is any of the ff.','matches',NULL,NULL,NULL,NULL,NULL,NULL,'[[key:\"BRGY00000014\",value:\"SAN ROQUE\"]]',NULL,0),('RCONST441bb08f:1436c079bff:-6f08-0031','RCOND441bb08f:1436c079bff:-6f73-0031','FACTFLD441bb08f:1436c079bff:-7f49','barangayid',NULL,'is any of the ff.','matches',NULL,NULL,NULL,NULL,NULL,NULL,'[[key:\"BRGY00000015\",value:\"SANTIAGO\"]]',NULL,0),('RCONST441bb08f:1436c079bff:-6f08-0032','RCOND441bb08f:1436c079bff:-6f73-0032','FACTFLD441bb08f:1436c079bff:-7f49','barangayid',NULL,'is any of the ff.','matches',NULL,NULL,NULL,NULL,NULL,NULL,'[[key:\"BRGY00000016\",value:\"STA. ELENA\"]]',NULL,0),('RCONST441bb08f:1436c079bff:-6f08-0033','RCOND441bb08f:1436c079bff:-6f73-0033','FACTFLD441bb08f:1436c079bff:-7f49','barangayid',NULL,'is any of the ff.','matches',NULL,NULL,NULL,NULL,NULL,NULL,'[[key:\"BRGY00000017\",value:\"STA. FILOMENA\"]]',NULL,0),('RCONST441bb08f:1436c079bff:-6f08-0034','RCOND441bb08f:1436c079bff:-6f73-0034','FACTFLD441bb08f:1436c079bff:-7f49','barangayid',NULL,'is any of the ff.','matches',NULL,NULL,NULL,NULL,NULL,NULL,'[[key:\"BRGY00000018\",value:\"STO. ROSARIO\"]]',NULL,0),('RCONST441bb08f:1436c079bff:-6f08-0035','RCOND441bb08f:1436c079bff:-6f73-0035','FACTFLD441bb08f:1436c079bff:-7f49','barangayid',NULL,'is any of the ff.','matches',NULL,NULL,NULL,NULL,NULL,NULL,'[[key:\"BRGY00000019\",value:\"SARAY\"]]',NULL,0),('RCONST441bb08f:1436c079bff:-6f08-0036','RCOND441bb08f:1436c079bff:-6f73-0036','FACTFLD441bb08f:1436c079bff:-7f49','barangayid',NULL,'is any of the ff.','matches',NULL,NULL,NULL,NULL,NULL,NULL,'[[key:\"BRGY00000020\",value:\"SUAREZ\"]]',NULL,0),('RCONST441bb08f:1436c079bff:-6f08-0037','RCOND441bb08f:1436c079bff:-6f73-0037','FACTFLD441bb08f:1436c079bff:-7f49','barangayid',NULL,'is any of the ff.','matches',NULL,NULL,NULL,NULL,NULL,NULL,'[[key:\"BRGY00000021\",value:\"TAMBACAN\"]]',NULL,0),('RCONST441bb08f:1436c079bff:-6f08-0038','RCOND441bb08f:1436c079bff:-6f73-0038','FACTFLD441bb08f:1436c079bff:-7f49','barangayid',NULL,'is any of the ff.','matches',NULL,NULL,NULL,NULL,NULL,NULL,'[[key:\"BRGY00000022\",value:\"TIBANGA\"]]',NULL,0),('RCONST441bb08f:1436c079bff:-6f08-0039','RCOND441bb08f:1436c079bff:-6f73-0039','FACTFLD441bb08f:1436c079bff:-7f49','barangayid',NULL,'is any of the ff.','matches',NULL,NULL,NULL,NULL,NULL,NULL,'[[key:\"BRGY00000023\",value:\"TIPANOY\"]]',NULL,0),('RCONST441bb08f:1436c079bff:-6f08-0040','RCOND441bb08f:1436c079bff:-6f73-0040','FACTFLD441bb08f:1436c079bff:-7f49','barangayid',NULL,'is any of the ff.','matches',NULL,NULL,NULL,NULL,NULL,NULL,'[[key:\"BRGY00000024\",value:\"TUBOD\"]]',NULL,0),('RCONST441bb08f:1436c079bff:-6f08-0041','RCOND441bb08f:1436c079bff:-6f73-0041','FACTFLD441bb08f:1436c079bff:-7f49','barangayid',NULL,'is any of the ff.','matches',NULL,NULL,NULL,NULL,NULL,NULL,'[[key:\"BRGY00000025\",value:\"UBALDO LAYA\"]]',NULL,0),('RCONST441bb08f:1436c079bff:-6f08-0042','RCOND441bb08f:1436c079bff:-6f73-0042','FACTFLD441bb08f:1436c079bff:-7f49','barangayid',NULL,'is any of the ff.','matches',NULL,NULL,NULL,NULL,NULL,NULL,'[[key:\"BRGY00000026\",value:\"UPPER HINAPLANON\"]]',NULL,0),('RCONST441bb08f:1436c079bff:-6f08-0043','RCOND441bb08f:1436c079bff:-6f73-0043','FACTFLD441bb08f:1436c079bff:-7f49','barangayid',NULL,'is any of the ff.','matches',NULL,NULL,NULL,NULL,NULL,NULL,'[[key:\"BRGY00000027\",value:\"UPPER TOMINOBO\"]]',NULL,0),('RCONST441bb08f:1436c079bff:-6f08-0044','RCOND441bb08f:1436c079bff:-6f73-0044','FACTFLD441bb08f:1436c079bff:-7f49','barangayid',NULL,'is any of the ff.','matches',NULL,NULL,NULL,NULL,NULL,NULL,'[[key:\"BRGY00000028\",value:\"VILLAVERDE\"]]',NULL,0),('RCONST441bb08f:1436c079bff:-71bf','RCOND441bb08f:1436c079bff:-7529','FACTFLD441bb08f:1436c079bff:-7f64','brgyintshare','BRGYINTSHARE',NULL,NULL,NULL,NULL,NULL,NULL,NULL,NULL,NULL,NULL,4),('RCONST441bb08f:1436c079bff:-728e','RCOND441bb08f:1436c079bff:-7529','FACTFLD441bb08f:1436c079bff:-7f6d','brgyshare','BRGYSHARE',NULL,NULL,NULL,NULL,NULL,NULL,NULL,NULL,NULL,NULL,3),('RCONST441bb08f:1436c079bff:-7344','RCOND441bb08f:1436c079bff:-7529','FACTFLD17d6e7ce:141df4b60c2:-7c9b','basicint','BASICINT',NULL,NULL,NULL,NULL,NULL,NULL,NULL,NULL,NULL,NULL,2),('RCONST441bb08f:1436c079bff:-73e3','RCOND441bb08f:1436c079bff:-7529','FACTFLD17d6e7ce:141df4b60c2:-7c94','basicdisc','BASICDISC',NULL,NULL,NULL,NULL,NULL,NULL,NULL,NULL,NULL,NULL,1),('RCONST441bb08f:1436c079bff:-747e','RCOND441bb08f:1436c079bff:-7529','FACTFLD17d6e7ce:141df4b60c2:-7ca2','basic','BASIC',NULL,NULL,NULL,NULL,NULL,NULL,NULL,NULL,NULL,NULL,0),('RCONST44624045:143fad5bbe3:-493e','RCOND44624045:143fad5bbe3:-49af','FACTFLD-1f3e2b64:14230dd8f62:-7e07','amtdue','AMTDUE',NULL,NULL,NULL,NULL,NULL,NULL,NULL,NULL,NULL,NULL,2),('RCONST44624045:143fad5bbe3:-4965','RCOND44624045:143fad5bbe3:-49af','FACTFLD-1f3e2b64:14230dd8f62:-7dfe','expired',NULL,'is true','== true',NULL,NULL,NULL,NULL,NULL,NULL,NULL,NULL,1),('RCONST44624045:143fad5bbe3:-498b','RCOND44624045:143fad5bbe3:-49af','FACTFLD-234b5263:142c77537de:-7b3b','lob',NULL,'equals','==',NULL,'RCOND44624045:143fad5bbe3:-4a2e','LOB',NULL,NULL,NULL,NULL,NULL,0),('RCONST44624045:143fad5bbe3:-4a14','RCOND44624045:143fad5bbe3:-4a2e','FACTFLD-45a06f70:141e85fbfd5:-7f6f','assessmenttype',NULL,'is any of the ff.','matches',NULL,NULL,NULL,NULL,NULL,NULL,'[\"RENEW\"]',NULL,0),('RCONST44624045:143fad5bbe3:-4e88','RCOND44624045:143fad5bbe3:-4ef4','FACTFLD-1f3e2b64:14230dd8f62:-7e07','amtdue','AMTDUE',NULL,NULL,NULL,NULL,NULL,NULL,NULL,NULL,NULL,NULL,2),('RCONST44624045:143fad5bbe3:-4ead','RCOND44624045:143fad5bbe3:-4ef4','FACTFLD-1f3e2b64:14230dd8f62:-7dfe','expired',NULL,'is true','== true',NULL,NULL,NULL,NULL,NULL,NULL,NULL,NULL,1),('RCONST44624045:143fad5bbe3:-4ed0','RCOND44624045:143fad5bbe3:-4ef4','FACTFLD-234b5263:142c77537de:-7b3b','lob',NULL,'is null','== null',NULL,NULL,NULL,NULL,NULL,NULL,NULL,NULL,0),('RCONST44624045:143fad5bbe3:-4f59','RCOND44624045:143fad5bbe3:-4f83','FACTFLD-26aa09fd:1419696e71f:-7fe4','apptype',NULL,'is any of the ff.','matches',NULL,NULL,NULL,NULL,NULL,NULL,'[\"RENEW\"]',NULL,0),('RCONST5e124146:141e4410702:-773d','RCOND5e124146:141e4410702:-7771','FACTFLD49ae4bad:141e3b6758c:-7b95','qtr','CQTR',NULL,NULL,NULL,NULL,NULL,NULL,NULL,NULL,NULL,NULL,1),('RCONST5e124146:141e4410702:-775f','RCOND5e124146:141e4410702:-7771','FACTFLD49ae4bad:141e3b6758c:-7b9c','year','CY',NULL,NULL,NULL,NULL,NULL,NULL,NULL,NULL,NULL,NULL,0),('RCONST5efee916:144597ae7de:-10c6','RCOND441bb08f:1436c079bff:-6f73-0028','FACTFLD5efee916:144597ae7de:-7f0e','basicdisctaken','BASICDISCTAKEN',NULL,NULL,NULL,NULL,NULL,NULL,NULL,NULL,NULL,NULL,6),('RCONST5efee916:144597ae7de:-11aa','RCOND441bb08f:1436c079bff:-6f73-0028','FACTFLD5efee916:144597ae7de:-7f4b','basicintpaid','BASICINTPAID',NULL,NULL,NULL,NULL,NULL,NULL,NULL,NULL,NULL,NULL,5),('RCONST5efee916:144597ae7de:-1280','RCOND441bb08f:1436c079bff:-6f73-0028','FACTFLD5efee916:144597ae7de:-7f72','basicpaid','BASICPAID',NULL,NULL,NULL,NULL,NULL,NULL,NULL,NULL,NULL,NULL,4),('RCONST5efee916:144597ae7de:-13c','RCOND441bb08f:1436c079bff:-6f73-0032','FACTFLD5efee916:144597ae7de:-7f0e','basicdisctaken','BASICDISCTAKEN',NULL,NULL,NULL,NULL,NULL,NULL,NULL,NULL,NULL,NULL,6),('RCONST5efee916:144597ae7de:-1491','RCOND441bb08f:1436c079bff:-6f73-0027','FACTFLD5efee916:144597ae7de:-7f0e','basicdisctaken','BASICDISCTAKEN',NULL,NULL,NULL,NULL,NULL,NULL,NULL,NULL,NULL,NULL,6),('RCONST5efee916:144597ae7de:-1575','RCOND441bb08f:1436c079bff:-6f73-0027','FACTFLD5efee916:144597ae7de:-7f4b','basicintpaid','BASICINTPAID',NULL,NULL,NULL,NULL,NULL,NULL,NULL,NULL,NULL,NULL,5),('RCONST5efee916:144597ae7de:-164b','RCOND441bb08f:1436c079bff:-6f73-0027','FACTFLD5efee916:144597ae7de:-7f72','basicpaid','BASICPAID',NULL,NULL,NULL,NULL,NULL,NULL,NULL,NULL,NULL,NULL,4),('RCONST5efee916:144597ae7de:-1856','RCOND441bb08f:1436c079bff:-6f73-0026','FACTFLD5efee916:144597ae7de:-7f0e','basicdisctaken','BASICDISCTAKEN',NULL,NULL,NULL,NULL,NULL,NULL,NULL,NULL,NULL,NULL,6),('RCONST5efee916:144597ae7de:-193a','RCOND441bb08f:1436c079bff:-6f73-0026','FACTFLD5efee916:144597ae7de:-7f4b','basicintpaid','BASICINTPAID',NULL,NULL,NULL,NULL,NULL,NULL,NULL,NULL,NULL,NULL,5),('RCONST5efee916:144597ae7de:-1a10','RCOND441bb08f:1436c079bff:-6f73-0026','FACTFLD5efee916:144597ae7de:-7f72','basicpaid','BASICPAID',NULL,NULL,NULL,NULL,NULL,NULL,NULL,NULL,NULL,NULL,4),('RCONST5efee916:144597ae7de:-1c1b','RCOND441bb08f:1436c079bff:-6f73-0025','FACTFLD5efee916:144597ae7de:-7f0e','basicdisctaken','BASICDISCTAKEN',NULL,NULL,NULL,NULL,NULL,NULL,NULL,NULL,NULL,NULL,6),('RCONST5efee916:144597ae7de:-1cff','RCOND441bb08f:1436c079bff:-6f73-0025','FACTFLD5efee916:144597ae7de:-7f4b','basicintpaid','BASICINTPAID',NULL,NULL,NULL,NULL,NULL,NULL,NULL,NULL,NULL,NULL,5),('RCONST5efee916:144597ae7de:-1dd5','RCOND441bb08f:1436c079bff:-6f73-0025','FACTFLD5efee916:144597ae7de:-7f72','basicpaid','BASICPAID',NULL,NULL,NULL,NULL,NULL,NULL,NULL,NULL,NULL,NULL,4),('RCONST5efee916:144597ae7de:-1fe0','RCOND441bb08f:1436c079bff:-6f73-0024','FACTFLD5efee916:144597ae7de:-7f0e','basicdisctaken','BASICDISCTAKEN',NULL,NULL,NULL,NULL,NULL,NULL,NULL,NULL,NULL,NULL,6),('RCONST5efee916:144597ae7de:-20c4','RCOND441bb08f:1436c079bff:-6f73-0024','FACTFLD5efee916:144597ae7de:-7f4b','basicintpaid','BASICINTPAID',NULL,NULL,NULL,NULL,NULL,NULL,NULL,NULL,NULL,NULL,5),('RCONST5efee916:144597ae7de:-219a','RCOND441bb08f:1436c079bff:-6f73-0024','FACTFLD5efee916:144597ae7de:-7f72','basicpaid','BASICPAID',NULL,NULL,NULL,NULL,NULL,NULL,NULL,NULL,NULL,NULL,4),('RCONST5efee916:144597ae7de:-220','RCOND441bb08f:1436c079bff:-6f73-0032','FACTFLD5efee916:144597ae7de:-7f4b','basicintpaid','BASICINTPAID',NULL,NULL,NULL,NULL,NULL,NULL,NULL,NULL,NULL,NULL,5),('RCONST5efee916:144597ae7de:-23a5','RCOND441bb08f:1436c079bff:-6f73-0023','FACTFLD5efee916:144597ae7de:-7f0e','basicdisctaken','BASICDISCTAKEN',NULL,NULL,NULL,NULL,NULL,NULL,NULL,NULL,NULL,NULL,6),('RCONST5efee916:144597ae7de:-2489','RCOND441bb08f:1436c079bff:-6f73-0023','FACTFLD5efee916:144597ae7de:-7f4b','basicintpaid','BASICINTPAID',NULL,NULL,NULL,NULL,NULL,NULL,NULL,NULL,NULL,NULL,5),('RCONST5efee916:144597ae7de:-255f','RCOND441bb08f:1436c079bff:-6f73-0023','FACTFLD5efee916:144597ae7de:-7f72','basicpaid','BASICPAID',NULL,NULL,NULL,NULL,NULL,NULL,NULL,NULL,NULL,NULL,4),('RCONST5efee916:144597ae7de:-276a','RCOND441bb08f:1436c079bff:-6f73-0022','FACTFLD5efee916:144597ae7de:-7f0e','basicdisctaken','BASICDISCTAKEN',NULL,NULL,NULL,NULL,NULL,NULL,NULL,NULL,NULL,NULL,6),('RCONST5efee916:144597ae7de:-284e','RCOND441bb08f:1436c079bff:-6f73-0022','FACTFLD5efee916:144597ae7de:-7f4b','basicintpaid','BASICINTPAID',NULL,NULL,NULL,NULL,NULL,NULL,NULL,NULL,NULL,NULL,5),('RCONST5efee916:144597ae7de:-2924','RCOND441bb08f:1436c079bff:-6f73-0022','FACTFLD5efee916:144597ae7de:-7f72','basicpaid','BASICPAID',NULL,NULL,NULL,NULL,NULL,NULL,NULL,NULL,NULL,NULL,4),('RCONST5efee916:144597ae7de:-2b45','RCOND441bb08f:1436c079bff:-6f73-0021','FACTFLD5efee916:144597ae7de:-7f0e','basicdisctaken','BASICDISCTAKEN',NULL,NULL,NULL,NULL,NULL,NULL,NULL,NULL,NULL,NULL,6),('RCONST5efee916:144597ae7de:-2c29','RCOND441bb08f:1436c079bff:-6f73-0021','FACTFLD5efee916:144597ae7de:-7f4b','basicintpaid','BASICINTPAID',NULL,NULL,NULL,NULL,NULL,NULL,NULL,NULL,NULL,NULL,5),('RCONST5efee916:144597ae7de:-2cff','RCOND441bb08f:1436c079bff:-6f73-0021','FACTFLD5efee916:144597ae7de:-7f72','basicpaid','BASICPAID',NULL,NULL,NULL,NULL,NULL,NULL,NULL,NULL,NULL,NULL,4),('RCONST5efee916:144597ae7de:-2f6','RCOND441bb08f:1436c079bff:-6f73-0032','FACTFLD5efee916:144597ae7de:-7f72','basicpaid','BASICPAID',NULL,NULL,NULL,NULL,NULL,NULL,NULL,NULL,NULL,NULL,4),('RCONST5efee916:144597ae7de:-2fa9','RCOND441bb08f:1436c079bff:-6f73-0020','FACTFLD5efee916:144597ae7de:-7f0e','basicdisctaken','BASICDISCTAKEN',NULL,NULL,NULL,NULL,NULL,NULL,NULL,NULL,NULL,NULL,6),('RCONST5efee916:144597ae7de:-308d','RCOND441bb08f:1436c079bff:-6f73-0020','FACTFLD5efee916:144597ae7de:-7f4b','basicintpaid','BASICINTPAID',NULL,NULL,NULL,NULL,NULL,NULL,NULL,NULL,NULL,NULL,5),('RCONST5efee916:144597ae7de:-3163','RCOND441bb08f:1436c079bff:-6f73-0020','FACTFLD5efee916:144597ae7de:-7f72','basicpaid','BASICPAID',NULL,NULL,NULL,NULL,NULL,NULL,NULL,NULL,NULL,NULL,4),('RCONST5efee916:144597ae7de:-3388','RCOND441bb08f:1436c079bff:-6f73-0019','FACTFLD5efee916:144597ae7de:-7f0e','basicdisctaken','BASICDISCTAKEN',NULL,NULL,NULL,NULL,NULL,NULL,NULL,NULL,NULL,NULL,6),('RCONST5efee916:144597ae7de:-346c','RCOND441bb08f:1436c079bff:-6f73-0019','FACTFLD5efee916:144597ae7de:-7f4b','basicintpaid','BASICINTPAID',NULL,NULL,NULL,NULL,NULL,NULL,NULL,NULL,NULL,NULL,5),('RCONST5efee916:144597ae7de:-3542','RCOND441bb08f:1436c079bff:-6f73-0019','FACTFLD5efee916:144597ae7de:-7f72','basicpaid','BASICPAID',NULL,NULL,NULL,NULL,NULL,NULL,NULL,NULL,NULL,NULL,4),('RCONST5efee916:144597ae7de:-3764','RCOND441bb08f:1436c079bff:-6f73-0018','FACTFLD5efee916:144597ae7de:-7f0e','basicdisctaken','BASICDISCTAKEN',NULL,NULL,NULL,NULL,NULL,NULL,NULL,NULL,NULL,NULL,6),('RCONST5efee916:144597ae7de:-3848','RCOND441bb08f:1436c079bff:-6f73-0018','FACTFLD5efee916:144597ae7de:-7f4b','basicintpaid','BASICINTPAID',NULL,NULL,NULL,NULL,NULL,NULL,NULL,NULL,NULL,NULL,5),('RCONST5efee916:144597ae7de:-391e','RCOND441bb08f:1436c079bff:-6f73-0018','FACTFLD5efee916:144597ae7de:-7f72','basicpaid','BASICPAID',NULL,NULL,NULL,NULL,NULL,NULL,NULL,NULL,NULL,NULL,4),('RCONST5efee916:144597ae7de:-3b29','RCOND441bb08f:1436c079bff:-6f73-0017','FACTFLD5efee916:144597ae7de:-7f0e','basicdisctaken','BASICDISCTAKEN',NULL,NULL,NULL,NULL,NULL,NULL,NULL,NULL,NULL,NULL,6),('RCONST5efee916:144597ae7de:-3c0d','RCOND441bb08f:1436c079bff:-6f73-0017','FACTFLD5efee916:144597ae7de:-7f4b','basicintpaid','BASICINTPAID',NULL,NULL,NULL,NULL,NULL,NULL,NULL,NULL,NULL,NULL,5),('RCONST5efee916:144597ae7de:-3ce3','RCOND441bb08f:1436c079bff:-6f73-0017','FACTFLD5efee916:144597ae7de:-7f72','basicpaid','BASICPAID',NULL,NULL,NULL,NULL,NULL,NULL,NULL,NULL,NULL,NULL,4),('RCONST5efee916:144597ae7de:-3f0b','RCOND441bb08f:1436c079bff:-6f73-0016','FACTFLD5efee916:144597ae7de:-7f0e','basicdisctaken','BASICDISCTAKEN',NULL,NULL,NULL,NULL,NULL,NULL,NULL,NULL,NULL,NULL,6),('RCONST5efee916:144597ae7de:-3fef','RCOND441bb08f:1436c079bff:-6f73-0016','FACTFLD5efee916:144597ae7de:-7f4b','basicintpaid','BASICINTPAID',NULL,NULL,NULL,NULL,NULL,NULL,NULL,NULL,NULL,NULL,5),('RCONST5efee916:144597ae7de:-40c5','RCOND441bb08f:1436c079bff:-6f73-0016','FACTFLD5efee916:144597ae7de:-7f72','basicpaid','BASICPAID',NULL,NULL,NULL,NULL,NULL,NULL,NULL,NULL,NULL,NULL,4),('RCONST5efee916:144597ae7de:-42d0','RCOND441bb08f:1436c079bff:-6f73-0015','FACTFLD5efee916:144597ae7de:-7f0e','basicdisctaken','BASICDISCTAKEN',NULL,NULL,NULL,NULL,NULL,NULL,NULL,NULL,NULL,NULL,6),('RCONST5efee916:144597ae7de:-43b4','RCOND441bb08f:1436c079bff:-6f73-0015','FACTFLD5efee916:144597ae7de:-7f4b','basicintpaid','BASICINTPAID',NULL,NULL,NULL,NULL,NULL,NULL,NULL,NULL,NULL,NULL,5),('RCONST5efee916:144597ae7de:-448b','RCOND441bb08f:1436c079bff:-6f73-0015','FACTFLD5efee916:144597ae7de:-7f72','basicpaid','BASICPAID',NULL,NULL,NULL,NULL,NULL,NULL,NULL,NULL,NULL,NULL,4),('RCONST5efee916:144597ae7de:-46a0','RCOND441bb08f:1436c079bff:-6f73-0014','FACTFLD5efee916:144597ae7de:-7f0e','basicdisctaken','BASICDISCTAKEN',NULL,NULL,NULL,NULL,NULL,NULL,NULL,NULL,NULL,NULL,6),('RCONST5efee916:144597ae7de:-4784','RCOND441bb08f:1436c079bff:-6f73-0014','FACTFLD5efee916:144597ae7de:-7f4b','basicintpaid','BASICINTPAID',NULL,NULL,NULL,NULL,NULL,NULL,NULL,NULL,NULL,NULL,5),('RCONST5efee916:144597ae7de:-485a','RCOND441bb08f:1436c079bff:-6f73-0014','FACTFLD5efee916:144597ae7de:-7f72','basicpaid','BASICPAID',NULL,NULL,NULL,NULL,NULL,NULL,NULL,NULL,NULL,NULL,4),('RCONST5efee916:144597ae7de:-4a79','RCOND441bb08f:1436c079bff:-6f73-0013','FACTFLD5efee916:144597ae7de:-7f0e','basicdisctaken','BASICDISCTAKEN',NULL,NULL,NULL,NULL,NULL,NULL,NULL,NULL,NULL,NULL,6),('RCONST5efee916:144597ae7de:-4b5d','RCOND441bb08f:1436c079bff:-6f73-0013','FACTFLD5efee916:144597ae7de:-7f4b','basicintpaid','BASICINTPAID',NULL,NULL,NULL,NULL,NULL,NULL,NULL,NULL,NULL,NULL,5),('RCONST5efee916:144597ae7de:-4c33','RCOND441bb08f:1436c079bff:-6f73-0013','FACTFLD5efee916:144597ae7de:-7f72','basicpaid','BASICPAID',NULL,NULL,NULL,NULL,NULL,NULL,NULL,NULL,NULL,NULL,4),('RCONST5efee916:144597ae7de:-4e4c','RCOND441bb08f:1436c079bff:-6f73-0012','FACTFLD5efee916:144597ae7de:-7f0e','basicdisctaken','BASICDISCTAKEN',NULL,NULL,NULL,NULL,NULL,NULL,NULL,NULL,NULL,NULL,6),('RCONST5efee916:144597ae7de:-4f30','RCOND441bb08f:1436c079bff:-6f73-0012','FACTFLD5efee916:144597ae7de:-7f4b','basicintpaid','BASICINTPAID',NULL,NULL,NULL,NULL,NULL,NULL,NULL,NULL,NULL,NULL,5),('RCONST5efee916:144597ae7de:-5006','RCOND441bb08f:1436c079bff:-6f73-0012','FACTFLD5efee916:144597ae7de:-7f72','basicpaid','BASICPAID',NULL,NULL,NULL,NULL,NULL,NULL,NULL,NULL,NULL,NULL,4),('RCONST5efee916:144597ae7de:-503','RCOND441bb08f:1436c079bff:-6f73-0031','FACTFLD5efee916:144597ae7de:-7f0e','basicdisctaken','BASICDISCTAKEN',NULL,NULL,NULL,NULL,NULL,NULL,NULL,NULL,NULL,NULL,6),('RCONST5efee916:144597ae7de:-5228','RCOND441bb08f:1436c079bff:-6f73-0011','FACTFLD5efee916:144597ae7de:-7f0e','basicdisctaken','BASICDISCTAKEN',NULL,NULL,NULL,NULL,NULL,NULL,NULL,NULL,NULL,NULL,6),('RCONST5efee916:144597ae7de:-530c','RCOND441bb08f:1436c079bff:-6f73-0011','FACTFLD5efee916:144597ae7de:-7f4b','basicintpaid','BASICINTPAID',NULL,NULL,NULL,NULL,NULL,NULL,NULL,NULL,NULL,NULL,5),('RCONST5efee916:144597ae7de:-53e2','RCOND441bb08f:1436c079bff:-6f73-0011','FACTFLD5efee916:144597ae7de:-7f72','basicpaid','BASICPAID',NULL,NULL,NULL,NULL,NULL,NULL,NULL,NULL,NULL,NULL,4),('RCONST5efee916:144597ae7de:-56fe','RCOND441bb08f:1436c079bff:-6f73-0010','FACTFLD5efee916:144597ae7de:-7f0e','basicdisctaken','BASICDISCTAKEN',NULL,NULL,NULL,NULL,NULL,NULL,NULL,NULL,NULL,NULL,6),('RCONST5efee916:144597ae7de:-57e2','RCOND441bb08f:1436c079bff:-6f73-0010','FACTFLD5efee916:144597ae7de:-7f4b','basicintpaid','BASICINTPAID',NULL,NULL,NULL,NULL,NULL,NULL,NULL,NULL,NULL,NULL,5),('RCONST5efee916:144597ae7de:-58b8','RCOND441bb08f:1436c079bff:-6f73-0010','FACTFLD5efee916:144597ae7de:-7f72','basicpaid','BASICPAID',NULL,NULL,NULL,NULL,NULL,NULL,NULL,NULL,NULL,NULL,4),('RCONST5efee916:144597ae7de:-5ac7','RCOND441bb08f:1436c079bff:-6f73-0009','FACTFLD5efee916:144597ae7de:-7f0e','basicdisctaken','BASICDISCTAKEN',NULL,NULL,NULL,NULL,NULL,NULL,NULL,NULL,NULL,NULL,6),('RCONST5efee916:144597ae7de:-5bab','RCOND441bb08f:1436c079bff:-6f73-0009','FACTFLD5efee916:144597ae7de:-7f4b','basicintpaid','BASICINTPAID',NULL,NULL,NULL,NULL,NULL,NULL,NULL,NULL,NULL,NULL,5),('RCONST5efee916:144597ae7de:-5c81','RCOND441bb08f:1436c079bff:-6f73-0009','FACTFLD5efee916:144597ae7de:-7f72','basicpaid','BASICPAID',NULL,NULL,NULL,NULL,NULL,NULL,NULL,NULL,NULL,NULL,4),('RCONST5efee916:144597ae7de:-5e90','RCOND441bb08f:1436c079bff:-6f73-0008','FACTFLD5efee916:144597ae7de:-7f0e','basicdisctaken','BASICDISCTAKEN',NULL,NULL,NULL,NULL,NULL,NULL,NULL,NULL,NULL,NULL,6),('RCONST5efee916:144597ae7de:-5ed','RCOND441bb08f:1436c079bff:-6f73-0031','FACTFLD5efee916:144597ae7de:-7f4b','basicintpaid','BASICINTPAID',NULL,NULL,NULL,NULL,NULL,NULL,NULL,NULL,NULL,NULL,5),('RCONST5efee916:144597ae7de:-5f74','RCOND441bb08f:1436c079bff:-6f73-0008','FACTFLD5efee916:144597ae7de:-7f4b','basicintpaid','BASICINTPAID',NULL,NULL,NULL,NULL,NULL,NULL,NULL,NULL,NULL,NULL,5),('RCONST5efee916:144597ae7de:-604a','RCOND441bb08f:1436c079bff:-6f73-0008','FACTFLD5efee916:144597ae7de:-7f72','basicpaid','BASICPAID',NULL,NULL,NULL,NULL,NULL,NULL,NULL,NULL,NULL,NULL,4),('RCONST5efee916:144597ae7de:-6265','RCOND441bb08f:1436c079bff:-6f73-0007','FACTFLD5efee916:144597ae7de:-7f0e','basicdisctaken','BASICDISCTAKEN',NULL,NULL,NULL,NULL,NULL,NULL,NULL,NULL,NULL,NULL,6),('RCONST5efee916:144597ae7de:-6349','RCOND441bb08f:1436c079bff:-6f73-0007','FACTFLD5efee916:144597ae7de:-7f4b','basicintpaid','BASICINTPAID',NULL,NULL,NULL,NULL,NULL,NULL,NULL,NULL,NULL,NULL,5),('RCONST5efee916:144597ae7de:-641f','RCOND441bb08f:1436c079bff:-6f73-0007','FACTFLD5efee916:144597ae7de:-7f72','basicpaid','BASICPAID',NULL,NULL,NULL,NULL,NULL,NULL,NULL,NULL,NULL,NULL,4),('RCONST5efee916:144597ae7de:-662e','RCOND441bb08f:1436c079bff:-6f73-0006','FACTFLD5efee916:144597ae7de:-7f0e','basicdisctaken','BASICDISCTAKEN',NULL,NULL,NULL,NULL,NULL,NULL,NULL,NULL,NULL,NULL,6),('RCONST5efee916:144597ae7de:-6712','RCOND441bb08f:1436c079bff:-6f73-0006','FACTFLD5efee916:144597ae7de:-7f4b','basicintpaid','BASICINTPAID',NULL,NULL,NULL,NULL,NULL,NULL,NULL,NULL,NULL,NULL,5),('RCONST5efee916:144597ae7de:-67e8','RCOND441bb08f:1436c079bff:-6f73-0006','FACTFLD5efee916:144597ae7de:-7f72','basicpaid','BASICPAID',NULL,NULL,NULL,NULL,NULL,NULL,NULL,NULL,NULL,NULL,4),('RCONST5efee916:144597ae7de:-6a17','RCOND441bb08f:1436c079bff:-6f73-0005','FACTFLD5efee916:144597ae7de:-7f0e','basicdisctaken','BASICDISCTAKEN',NULL,NULL,NULL,NULL,NULL,NULL,NULL,NULL,NULL,NULL,6),('RCONST5efee916:144597ae7de:-6afb','RCOND441bb08f:1436c079bff:-6f73-0005','FACTFLD5efee916:144597ae7de:-7f4b','basicintpaid','BASICINTPAID',NULL,NULL,NULL,NULL,NULL,NULL,NULL,NULL,NULL,NULL,5),('RCONST5efee916:144597ae7de:-6bd1','RCOND441bb08f:1436c079bff:-6f73-0005','FACTFLD5efee916:144597ae7de:-7f72','basicpaid','BASICPAID',NULL,NULL,NULL,NULL,NULL,NULL,NULL,NULL,NULL,NULL,4),('RCONST5efee916:144597ae7de:-6c3','RCOND441bb08f:1436c079bff:-6f73-0031','FACTFLD5efee916:144597ae7de:-7f72','basicpaid','BASICPAID',NULL,NULL,NULL,NULL,NULL,NULL,NULL,NULL,NULL,NULL,4),('RCONST5efee916:144597ae7de:-6e09','RCOND441bb08f:1436c079bff:-6f73-0004','FACTFLD5efee916:144597ae7de:-7f0e','basicdisctaken','BASICDISCTAKEN',NULL,NULL,NULL,NULL,NULL,NULL,NULL,NULL,NULL,NULL,6),('RCONST5efee916:144597ae7de:-6eed','RCOND441bb08f:1436c079bff:-6f73-0004','FACTFLD5efee916:144597ae7de:-7f4b','basicintpaid','BASICINTPAID',NULL,NULL,NULL,NULL,NULL,NULL,NULL,NULL,NULL,NULL,5),('RCONST5efee916:144597ae7de:-6fc3','RCOND441bb08f:1436c079bff:-6f73-0004','FACTFLD5efee916:144597ae7de:-7f72','basicpaid','BASICPAID',NULL,NULL,NULL,NULL,NULL,NULL,NULL,NULL,NULL,NULL,4),('RCONST5efee916:144597ae7de:-71d2','RCOND441bb08f:1436c079bff:-6f73-0003','FACTFLD5efee916:144597ae7de:-7f0e','basicdisctaken','BASICDISCTAKEN',NULL,NULL,NULL,NULL,NULL,NULL,NULL,NULL,NULL,NULL,6),('RCONST5efee916:144597ae7de:-72b6','RCOND441bb08f:1436c079bff:-6f73-0003','FACTFLD5efee916:144597ae7de:-7f4b','basicintpaid','BASICINTPAID',NULL,NULL,NULL,NULL,NULL,NULL,NULL,NULL,NULL,NULL,5),('RCONST5efee916:144597ae7de:-738c','RCOND441bb08f:1436c079bff:-6f73-0003','FACTFLD5efee916:144597ae7de:-7f72','basicpaid','BASICPAID',NULL,NULL,NULL,NULL,NULL,NULL,NULL,NULL,NULL,NULL,4),('RCONST5efee916:144597ae7de:-75ee','RCOND441bb08f:1436c079bff:-6f73-0002','FACTFLD5efee916:144597ae7de:-7f0e','basicdisctaken','BASICDISCTAKEN',NULL,NULL,NULL,NULL,NULL,NULL,NULL,NULL,NULL,NULL,6),('RCONST5efee916:144597ae7de:-76d2','RCOND441bb08f:1436c079bff:-6f73-0002','FACTFLD5efee916:144597ae7de:-7f4b','basicintpaid','BASICINTPAID',NULL,NULL,NULL,NULL,NULL,NULL,NULL,NULL,NULL,NULL,5),('RCONST5efee916:144597ae7de:-77a8','RCOND441bb08f:1436c079bff:-6f73-0002','FACTFLD5efee916:144597ae7de:-7f72','basicpaid','BASICPAID',NULL,NULL,NULL,NULL,NULL,NULL,NULL,NULL,NULL,NULL,4),('RCONST5efee916:144597ae7de:-7c05','RCOND441bb08f:1436c079bff:-6f73','FACTFLD5efee916:144597ae7de:-7f0e','basicdisctaken','BASICDISCTAKEN',NULL,NULL,NULL,NULL,NULL,NULL,NULL,NULL,NULL,NULL,6),('RCONST5efee916:144597ae7de:-7ce9','RCOND441bb08f:1436c079bff:-6f73','FACTFLD5efee916:144597ae7de:-7f4b','basicintpaid','BASICINTPAID',NULL,NULL,NULL,NULL,NULL,NULL,NULL,NULL,NULL,NULL,5),('RCONST5efee916:144597ae7de:-7dbf','RCOND441bb08f:1436c079bff:-6f73','FACTFLD5efee916:144597ae7de:-7f72','basicpaid','BASICPAID',NULL,NULL,NULL,NULL,NULL,NULL,NULL,NULL,NULL,NULL,4),('RCONST5efee916:144597ae7de:-91b','RCOND441bb08f:1436c079bff:-6f73-0030','FACTFLD5efee916:144597ae7de:-7f0e','basicdisctaken','BASICDISCTAKEN',NULL,NULL,NULL,NULL,NULL,NULL,NULL,NULL,NULL,NULL,6),('RCONST5efee916:144597ae7de:-a01','RCOND441bb08f:1436c079bff:-6f73-0030','FACTFLD5efee916:144597ae7de:-7f4b','basicintpaid','BASICINTPAID',NULL,NULL,NULL,NULL,NULL,NULL,NULL,NULL,NULL,NULL,5),('RCONST5efee916:144597ae7de:-ad7','RCOND441bb08f:1436c079bff:-6f73-0030','FACTFLD5efee916:144597ae7de:-7f72','basicpaid','BASICPAID',NULL,NULL,NULL,NULL,NULL,NULL,NULL,NULL,NULL,NULL,4),('RCONST5efee916:144597ae7de:-d01','RCOND441bb08f:1436c079bff:-6f73-0029','FACTFLD5efee916:144597ae7de:-7f0e','basicdisctaken','BASICDISCTAKEN',NULL,NULL,NULL,NULL,NULL,NULL,NULL,NULL,NULL,NULL,6),('RCONST5efee916:144597ae7de:-de5','RCOND441bb08f:1436c079bff:-6f73-0029','FACTFLD5efee916:144597ae7de:-7f4b','basicintpaid','BASICINTPAID',NULL,NULL,NULL,NULL,NULL,NULL,NULL,NULL,NULL,NULL,5),('RCONST5efee916:144597ae7de:-ebb','RCOND441bb08f:1436c079bff:-6f73-0029','FACTFLD5efee916:144597ae7de:-7f72','basicpaid','BASICPAID',NULL,NULL,NULL,NULL,NULL,NULL,NULL,NULL,NULL,NULL,4),('RCONST5efee916:144597ae7de:1013','RCOND441bb08f:1436c079bff:-6f73-0037','FACTFLD5efee916:144597ae7de:-7f72','basicpaid','BASICPAID',NULL,NULL,NULL,NULL,NULL,NULL,NULL,NULL,NULL,NULL,4),('RCONST5efee916:144597ae7de:10e9','RCOND441bb08f:1436c079bff:-6f73-0037','FACTFLD5efee916:144597ae7de:-7f4b','basicintpaid','BASICINTPAID',NULL,NULL,NULL,NULL,NULL,NULL,NULL,NULL,NULL,NULL,5),('RCONST5efee916:144597ae7de:11cd','RCOND441bb08f:1436c079bff:-6f73-0037','FACTFLD5efee916:144597ae7de:-7f0e','basicdisctaken','BASICDISCTAKEN',NULL,NULL,NULL,NULL,NULL,NULL,NULL,NULL,NULL,NULL,6),('RCONST5efee916:144597ae7de:13ee','RCOND441bb08f:1436c079bff:-6f73-0038','FACTFLD5efee916:144597ae7de:-7f72','basicpaid','BASICPAID',NULL,NULL,NULL,NULL,NULL,NULL,NULL,NULL,NULL,NULL,4),('RCONST5efee916:144597ae7de:14c4','RCOND441bb08f:1436c079bff:-6f73-0038','FACTFLD5efee916:144597ae7de:-7f4b','basicintpaid','BASICINTPAID',NULL,NULL,NULL,NULL,NULL,NULL,NULL,NULL,NULL,NULL,5),('RCONST5efee916:144597ae7de:15a8','RCOND441bb08f:1436c079bff:-6f73-0038','FACTFLD5efee916:144597ae7de:-7f0e','basicdisctaken','BASICDISCTAKEN',NULL,NULL,NULL,NULL,NULL,NULL,NULL,NULL,NULL,NULL,6),('RCONST5efee916:144597ae7de:181b','RCOND441bb08f:1436c079bff:-6f73-0039','FACTFLD5efee916:144597ae7de:-7f72','basicpaid','BASICPAID',NULL,NULL,NULL,NULL,NULL,NULL,NULL,NULL,NULL,NULL,4),('RCONST5efee916:144597ae7de:18f1','RCOND441bb08f:1436c079bff:-6f73-0039','FACTFLD5efee916:144597ae7de:-7f4b','basicintpaid','BASICINTPAID',NULL,NULL,NULL,NULL,NULL,NULL,NULL,NULL,NULL,NULL,5),('RCONST5efee916:144597ae7de:19d5','RCOND441bb08f:1436c079bff:-6f73-0039','FACTFLD5efee916:144597ae7de:-7f0e','basicdisctaken','BASICDISCTAKEN',NULL,NULL,NULL,NULL,NULL,NULL,NULL,NULL,NULL,NULL,6),('RCONST5efee916:144597ae7de:1a5','RCOND441bb08f:1436c079bff:-6f73-0033','FACTFLD5efee916:144597ae7de:-7f4b','basicintpaid','BASICINTPAID',NULL,NULL,NULL,NULL,NULL,NULL,NULL,NULL,NULL,NULL,5),('RCONST5efee916:144597ae7de:1bdf','RCOND441bb08f:1436c079bff:-6f73-0040','FACTFLD5efee916:144597ae7de:-7f72','basicpaid','BASICPAID',NULL,NULL,NULL,NULL,NULL,NULL,NULL,NULL,NULL,NULL,4),('RCONST5efee916:144597ae7de:1cb5','RCOND441bb08f:1436c079bff:-6f73-0040','FACTFLD5efee916:144597ae7de:-7f4b','basicintpaid','BASICINTPAID',NULL,NULL,NULL,NULL,NULL,NULL,NULL,NULL,NULL,NULL,5),('RCONST5efee916:144597ae7de:1d99','RCOND441bb08f:1436c079bff:-6f73-0040','FACTFLD5efee916:144597ae7de:-7f0e','basicdisctaken','BASICDISCTAKEN',NULL,NULL,NULL,NULL,NULL,NULL,NULL,NULL,NULL,NULL,6),('RCONST5efee916:144597ae7de:200c','RCOND441bb08f:1436c079bff:-6f73-0041','FACTFLD5efee916:144597ae7de:-7f72','basicpaid','BASICPAID',NULL,NULL,NULL,NULL,NULL,NULL,NULL,NULL,NULL,NULL,4),('RCONST5efee916:144597ae7de:20e2','RCOND441bb08f:1436c079bff:-6f73-0041','FACTFLD5efee916:144597ae7de:-7f4b','basicintpaid','BASICINTPAID',NULL,NULL,NULL,NULL,NULL,NULL,NULL,NULL,NULL,NULL,5),('RCONST5efee916:144597ae7de:21c6','RCOND441bb08f:1436c079bff:-6f73-0041','FACTFLD5efee916:144597ae7de:-7f0e','basicdisctaken','BASICDISCTAKEN',NULL,NULL,NULL,NULL,NULL,NULL,NULL,NULL,NULL,NULL,6),('RCONST5efee916:144597ae7de:23db','RCOND441bb08f:1436c079bff:-6f73-0042','FACTFLD5efee916:144597ae7de:-7f72','basicpaid','BASICPAID',NULL,NULL,NULL,NULL,NULL,NULL,NULL,NULL,NULL,NULL,4),('RCONST5efee916:144597ae7de:24b1','RCOND441bb08f:1436c079bff:-6f73-0042','FACTFLD5efee916:144597ae7de:-7f4b','basicintpaid','BASICINTPAID',NULL,NULL,NULL,NULL,NULL,NULL,NULL,NULL,NULL,NULL,5),('RCONST5efee916:144597ae7de:2597','RCOND441bb08f:1436c079bff:-6f73-0042','FACTFLD5efee916:144597ae7de:-7f0e','basicdisctaken','BASICDISCTAKEN',NULL,NULL,NULL,NULL,NULL,NULL,NULL,NULL,NULL,NULL,6),('RCONST5efee916:144597ae7de:27ac','RCOND441bb08f:1436c079bff:-6f73-0043','FACTFLD5efee916:144597ae7de:-7f72','basicpaid','BASICPAID',NULL,NULL,NULL,NULL,NULL,NULL,NULL,NULL,NULL,NULL,4),('RCONST5efee916:144597ae7de:2882','RCOND441bb08f:1436c079bff:-6f73-0043','FACTFLD5efee916:144597ae7de:-7f4b','basicintpaid','BASICINTPAID',NULL,NULL,NULL,NULL,NULL,NULL,NULL,NULL,NULL,NULL,5),('RCONST5efee916:144597ae7de:289','RCOND441bb08f:1436c079bff:-6f73-0033','FACTFLD5efee916:144597ae7de:-7f0e','basicdisctaken','BASICDISCTAKEN',NULL,NULL,NULL,NULL,NULL,NULL,NULL,NULL,NULL,NULL,6),('RCONST5efee916:144597ae7de:2966','RCOND441bb08f:1436c079bff:-6f73-0043','FACTFLD5efee916:144597ae7de:-7f0e','basicdisctaken','BASICDISCTAKEN',NULL,NULL,NULL,NULL,NULL,NULL,NULL,NULL,NULL,NULL,6),('RCONST5efee916:144597ae7de:2b71','RCOND441bb08f:1436c079bff:-6f73-0044','FACTFLD5efee916:144597ae7de:-7f72','basicpaid','BASICPAID',NULL,NULL,NULL,NULL,NULL,NULL,NULL,NULL,NULL,NULL,4),('RCONST5efee916:144597ae7de:2c47','RCOND441bb08f:1436c079bff:-6f73-0044','FACTFLD5efee916:144597ae7de:-7f4b','basicintpaid','BASICINTPAID',NULL,NULL,NULL,NULL,NULL,NULL,NULL,NULL,NULL,NULL,5),('RCONST5efee916:144597ae7de:2d2b','RCOND441bb08f:1436c079bff:-6f73-0044','FACTFLD5efee916:144597ae7de:-7f0e','basicdisctaken','BASICDISCTAKEN',NULL,NULL,NULL,NULL,NULL,NULL,NULL,NULL,NULL,NULL,6),('RCONST5efee916:144597ae7de:327b','RCOND441bb08f:1436c079bff:-7529','FACTFLD5efee916:144597ae7de:-7f72','basicpaid','BASICPAID',NULL,NULL,NULL,NULL,NULL,NULL,NULL,NULL,NULL,NULL,5),('RCONST5efee916:144597ae7de:3364','RCOND441bb08f:1436c079bff:-7529','FACTFLD5efee916:144597ae7de:-7f4b','basicintpaid','BASICINTPAID',NULL,NULL,NULL,NULL,NULL,NULL,NULL,NULL,NULL,NULL,6),('RCONST5efee916:144597ae7de:3467','RCOND441bb08f:1436c079bff:-7529','FACTFLD5efee916:144597ae7de:-7f0e','basicdisctaken','BASICDISCTAKEN',NULL,NULL,NULL,NULL,NULL,NULL,NULL,NULL,NULL,NULL,7),('RCONST5efee916:144597ae7de:3c01','RCOND441bb08f:1436c079bff:-6f73-0035','FACTFLD5efee916:144597ae7de:-7f0e','basicdisctaken','BASICDISCTAKEN',NULL,NULL,NULL,NULL,NULL,NULL,NULL,NULL,NULL,NULL,6),('RCONST5efee916:144597ae7de:494','RCOND441bb08f:1436c079bff:-6f73-0034','FACTFLD5efee916:144597ae7de:-7f72','basicpaid','BASICPAID',NULL,NULL,NULL,NULL,NULL,NULL,NULL,NULL,NULL,NULL,4),('RCONST5efee916:144597ae7de:56a','RCOND441bb08f:1436c079bff:-6f73-0034','FACTFLD5efee916:144597ae7de:-7f4b','basicintpaid','BASICINTPAID',NULL,NULL,NULL,NULL,NULL,NULL,NULL,NULL,NULL,NULL,5),('RCONST5efee916:144597ae7de:64e','RCOND441bb08f:1436c079bff:-6f73-0034','FACTFLD5efee916:144597ae7de:-7f0e','basicdisctaken','BASICDISCTAKEN',NULL,NULL,NULL,NULL,NULL,NULL,NULL,NULL,NULL,NULL,6),('RCONST5efee916:144597ae7de:859','RCOND441bb08f:1436c079bff:-6f73-0035','FACTFLD5efee916:144597ae7de:-7f72','basicpaid','BASICPAID',NULL,NULL,NULL,NULL,NULL,NULL,NULL,NULL,NULL,NULL,4),('RCONST5efee916:144597ae7de:92f','RCOND441bb08f:1436c079bff:-6f73-0035','FACTFLD5efee916:144597ae7de:-7f4b','basicintpaid','BASICINTPAID',NULL,NULL,NULL,NULL,NULL,NULL,NULL,NULL,NULL,NULL,5),('RCONST5efee916:144597ae7de:c25','RCOND441bb08f:1436c079bff:-6f73-0036','FACTFLD5efee916:144597ae7de:-7f72','basicpaid','BASICPAID',NULL,NULL,NULL,NULL,NULL,NULL,NULL,NULL,NULL,NULL,4),('RCONST5efee916:144597ae7de:cf','RCOND441bb08f:1436c079bff:-6f73-0033','FACTFLD5efee916:144597ae7de:-7f72','basicpaid','BASICPAID',NULL,NULL,NULL,NULL,NULL,NULL,NULL,NULL,NULL,NULL,4),('RCONST5efee916:144597ae7de:cfb','RCOND441bb08f:1436c079bff:-6f73-0036','FACTFLD5efee916:144597ae7de:-7f4b','basicintpaid','BASICINTPAID',NULL,NULL,NULL,NULL,NULL,NULL,NULL,NULL,NULL,NULL,5),('RCONST5efee916:144597ae7de:ddf','RCOND441bb08f:1436c079bff:-6f73-0036','FACTFLD5efee916:144597ae7de:-7f0e','basicdisctaken','BASICDISCTAKEN',NULL,NULL,NULL,NULL,NULL,NULL,NULL,NULL,NULL,NULL,6),('RCONSTaa4e683:143e6f7bbf2:-66d5','RCONDaa4e683:143e6f7bbf2:-693d','FACTFLD-10f80dab:141dfb3f0a6:-7e9a','qtrlypaymentavailed',NULL,'not true','== false',NULL,NULL,NULL,NULL,NULL,NULL,NULL,NULL,3),('RCONSTaa4e683:143e6f7bbf2:-677c','RCONDaa4e683:143e6f7bbf2:-693d','FACTFLD17d6e7ce:141df4b60c2:-7c7f','sef','SEF',NULL,NULL,NULL,NULL,NULL,NULL,NULL,NULL,NULL,NULL,2),('RCONSTaa4e683:143e6f7bbf2:-6836','RCONDaa4e683:143e6f7bbf2:-693d','FACTFLD17d6e7ce:141df4b60c2:-7ca2','basic','BASIC',NULL,NULL,NULL,NULL,NULL,NULL,NULL,NULL,NULL,NULL,1),('RCONSTaa4e683:143e6f7bbf2:-68d1','RCONDaa4e683:143e6f7bbf2:-693d','FACTFLD17d6e7ce:141df4b60c2:-7d03','year',NULL,'equal to','==',1,'RCONSTaa4e683:143e6f7bbf2:-699f','CY',NULL,NULL,NULL,NULL,NULL,0),('RCONSTaa4e683:143e6f7bbf2:-6978','RCONDaa4e683:143e6f7bbf2:-69b5','FACTFLD49ae4bad:141e3b6758c:-7b8e','month',NULL,'equal to','==',NULL,NULL,NULL,NULL,2,NULL,NULL,NULL,1),('RCONSTaa4e683:143e6f7bbf2:-699f','RCONDaa4e683:143e6f7bbf2:-69b5','FACTFLD49ae4bad:141e3b6758c:-7b9c','year','CY',NULL,NULL,NULL,NULL,NULL,NULL,NULL,NULL,NULL,NULL,0);
/*!40000 ALTER TABLE `sys_rule_condition_constraint` ENABLE KEYS */;
UNLOCK TABLES;

--
-- Dumping data for table `sys_rule_condition_var`
--

LOCK TABLES `sys_rule_condition_var` WRITE;
/*!40000 ALTER TABLE `sys_rule_condition_var` DISABLE KEYS */;
INSERT INTO `sys_rule_condition_var` VALUES ('RCOND-20919e10:141e3f76dc8:-64b1','RCOND-20919e10:141e3f76dc8:-64b1','RUL-20919e10:141e3f76dc8:-651b','RL','RPTLedgerFact',1),('RCOND-20919e10:141e3f76dc8:-7715','RCOND-20919e10:141e3f76dc8:-7715','RUL-20919e10:141e3f76dc8:-777f','RL','RPTLedgerFact',1),('RCOND-20919e10:141e3f76dc8:-7b76','RCOND-20919e10:141e3f76dc8:-7b76','RUL-20919e10:141e3f76dc8:-7be8','RL','RPTLedgerFact',1),('RCOND-20919e10:141e3f76dc8:-7de5','RCOND-20919e10:141e3f76dc8:-7de5','RUL-20919e10:141e3f76dc8:-7e4f','RL','RPTLedgerFact',1),('RCOND-2a4d2fa5:1422bad4acc:-7919','RCOND-2a4d2fa5:1422bad4acc:-7919','RUL-2a4d2fa5:1422bad4acc:-7957','RL','RPTLedgerFact',0),('RCOND-3dc4dd90:14451e4a9d5:-6b1c','RCOND-3dc4dd90:14451e4a9d5:-6b1c','RUL44624045:143fad5bbe3:-6586','RF','bpls.facts.BillItem',3),('RCOND-3dc4dd90:14451e4a9d5:-6bff','RCOND-3dc4dd90:14451e4a9d5:-6bff','RUL44624045:143fad5bbe3:-6586','LOB','bpls.facts.LOB',2),('RCOND-3dc4dd90:14451e4a9d5:-6e9e','RCOND-3dc4dd90:14451e4a9d5:-6e9e','RUL-36ba5ccb:1430894b791:-6677','BT','bpls.facts.BillItem',3),('RCOND-3dc4dd90:14451e4a9d5:-6f12','RCOND-3dc4dd90:14451e4a9d5:-6f12','RUL-36ba5ccb:1430894b791:-6677','LOB','bpls.facts.LOB',2),('RCOND-4fd26d3d:142fa7a65f9:-7124','RCOND-4fd26d3d:142fa7a65f9:-7124','RUL-4fd26d3d:142fa7a65f9:-7200','BT','bpls.facts.BillItem',1),('RCOND-4fd26d3d:142fa7a65f9:-71a1','RCOND-4fd26d3d:142fa7a65f9:-71a1','RUL-4fd26d3d:142fa7a65f9:-7200','LOB','bpls.facts.LOB',0),('RCOND-4fd26d3d:142fa7a65f9:-7414','RCOND-4fd26d3d:142fa7a65f9:-7414','RUL2491462a:142fa35d130:-5a95','BT','bpls.facts.BillItem',1),('RCOND-4fd26d3d:142fa7a65f9:-7492','RCOND-4fd26d3d:142fa7a65f9:-7492','RUL2491462a:142fa35d130:-5a95','LOB','bpls.facts.LOB',0),('RCOND-72a9958a:141e4770339:-6684','RCOND-72a9958a:141e4770339:-6684','RUL-72a9958a:141e4770339:-6728','RL','RPTLedgerFact',1),('RCOND-72a9958a:141e4770339:-7a15','RCOND-72a9958a:141e4770339:-7a15','RUL-20919e10:141e3f76dc8:-6107','RL','RPTLedgerFact',1),('RCOND-72a9958a:141e4770339:-7f00','RCOND-72a9958a:141e4770339:-7f00','RUL-20919e10:141e3f76dc8:-6fa4','RL','RPTLedgerFact',1),('RCOND-7c13908b:1435065d2a1:-661a','RCOND-7c13908b:1435065d2a1:-661a','RUL-7c13908b:1435065d2a1:-66d7','RL','RPTLedgerFact',1),('RCOND-7e9d4ac4:1421b9d7ba4:-7c48','RCOND-7e9d4ac4:1421b9d7ba4:-7c48','RUL-7e9d4ac4:1421b9d7ba4:-7d51','RL','RPTLedgerFact',1),('RCOND270217d9:143576614a1:-7c0e','RCOND270217d9:143576614a1:-7c0e','RUL270217d9:143576614a1:-7c3c','RL','RPTLedgerFact',0),('RCOND270217d9:143576614a1:-7f4d','RCOND270217d9:143576614a1:-7f4d','RUL52ab3945:14357604d15:-7c1a','RL','RPTLedgerFact',0),('RCOND29ba689e:144612b8ef4:-79fe','RCOND29ba689e:144612b8ef4:-79fe','RUL29ba689e:144612b8ef4:-7def','RL','RPTLedgerFact',1),('RCOND441bb08f:1436c079bff:-6f73','RCOND441bb08f:1436c079bff:-6f73','RUL441bb08f:1436c079bff:-6fa7','RL','RPTLedgerFact',0),('RCOND441bb08f:1436c079bff:-6f73-0002','RCOND441bb08f:1436c079bff:-6f73-0002','RUL441bb08f:1436c079bff:-6fa7-0002','RL','RPTLedgerFact',0),('RCOND441bb08f:1436c079bff:-6f73-0003','RCOND441bb08f:1436c079bff:-6f73-0003','RUL441bb08f:1436c079bff:-6fa7-0003','RL','RPTLedgerFact',0),('RCOND441bb08f:1436c079bff:-6f73-0004','RCOND441bb08f:1436c079bff:-6f73-0004','RUL441bb08f:1436c079bff:-6fa7-0004','RL','RPTLedgerFact',0),('RCOND441bb08f:1436c079bff:-6f73-0005','RCOND441bb08f:1436c079bff:-6f73-0005','RUL441bb08f:1436c079bff:-6fa7-0005','RL','RPTLedgerFact',0),('RCOND441bb08f:1436c079bff:-6f73-0006','RCOND441bb08f:1436c079bff:-6f73-0006','RUL441bb08f:1436c079bff:-6fa7-0006','RL','RPTLedgerFact',0),('RCOND441bb08f:1436c079bff:-6f73-0007','RCOND441bb08f:1436c079bff:-6f73-0007','RUL441bb08f:1436c079bff:-6fa7-0007','RL','RPTLedgerFact',0),('RCOND441bb08f:1436c079bff:-6f73-0008','RCOND441bb08f:1436c079bff:-6f73-0008','RUL441bb08f:1436c079bff:-6fa7-0008','RL','RPTLedgerFact',0),('RCOND441bb08f:1436c079bff:-6f73-0009','RCOND441bb08f:1436c079bff:-6f73-0009','RUL441bb08f:1436c079bff:-6fa7-0009','RL','RPTLedgerFact',0),('RCOND441bb08f:1436c079bff:-6f73-0010','RCOND441bb08f:1436c079bff:-6f73-0010','RUL441bb08f:1436c079bff:-6fa7-0010','RL','RPTLedgerFact',0),('RCOND441bb08f:1436c079bff:-6f73-0011','RCOND441bb08f:1436c079bff:-6f73-0011','RUL441bb08f:1436c079bff:-6fa7-0011','RL','RPTLedgerFact',0),('RCOND441bb08f:1436c079bff:-6f73-0012','RCOND441bb08f:1436c079bff:-6f73-0012','RUL441bb08f:1436c079bff:-6fa7-0012','RL','RPTLedgerFact',0),('RCOND441bb08f:1436c079bff:-6f73-0013','RCOND441bb08f:1436c079bff:-6f73-0013','RUL441bb08f:1436c079bff:-6fa7-0013','RL','RPTLedgerFact',0),('RCOND441bb08f:1436c079bff:-6f73-0014','RCOND441bb08f:1436c079bff:-6f73-0014','RUL441bb08f:1436c079bff:-6fa7-0014','RL','RPTLedgerFact',0),('RCOND441bb08f:1436c079bff:-6f73-0015','RCOND441bb08f:1436c079bff:-6f73-0015','RUL441bb08f:1436c079bff:-6fa7-0015','RL','RPTLedgerFact',0),('RCOND441bb08f:1436c079bff:-6f73-0016','RCOND441bb08f:1436c079bff:-6f73-0016','RUL441bb08f:1436c079bff:-6fa7-0016','RL','RPTLedgerFact',0),('RCOND441bb08f:1436c079bff:-6f73-0017','RCOND441bb08f:1436c079bff:-6f73-0017','RUL441bb08f:1436c079bff:-6fa7-0017','RL','RPTLedgerFact',0),('RCOND441bb08f:1436c079bff:-6f73-0018','RCOND441bb08f:1436c079bff:-6f73-0018','RUL441bb08f:1436c079bff:-6fa7-0018','RL','RPTLedgerFact',0),('RCOND441bb08f:1436c079bff:-6f73-0019','RCOND441bb08f:1436c079bff:-6f73-0019','RUL441bb08f:1436c079bff:-6fa7-0019','RL','RPTLedgerFact',0),('RCOND441bb08f:1436c079bff:-6f73-0020','RCOND441bb08f:1436c079bff:-6f73-0020','RUL441bb08f:1436c079bff:-6fa7-0020','RL','RPTLedgerFact',0),('RCOND441bb08f:1436c079bff:-6f73-0021','RCOND441bb08f:1436c079bff:-6f73-0021','RUL441bb08f:1436c079bff:-6fa7-0021','RL','RPTLedgerFact',0),('RCOND441bb08f:1436c079bff:-6f73-0022','RCOND441bb08f:1436c079bff:-6f73-0022','RUL441bb08f:1436c079bff:-6fa7-0022','RL','RPTLedgerFact',0),('RCOND441bb08f:1436c079bff:-6f73-0023','RCOND441bb08f:1436c079bff:-6f73-0023','RUL441bb08f:1436c079bff:-6fa7-0023','RL','RPTLedgerFact',0),('RCOND441bb08f:1436c079bff:-6f73-0024','RCOND441bb08f:1436c079bff:-6f73-0024','RUL441bb08f:1436c079bff:-6fa7-0024','RL','RPTLedgerFact',0),('RCOND441bb08f:1436c079bff:-6f73-0025','RCOND441bb08f:1436c079bff:-6f73-0025','RUL441bb08f:1436c079bff:-6fa7-0025','RL','RPTLedgerFact',0),('RCOND441bb08f:1436c079bff:-6f73-0026','RCOND441bb08f:1436c079bff:-6f73-0026','RUL441bb08f:1436c079bff:-6fa7-0026','RL','RPTLedgerFact',0),('RCOND441bb08f:1436c079bff:-6f73-0027','RCOND441bb08f:1436c079bff:-6f73-0027','RUL441bb08f:1436c079bff:-6fa7-0027','RL','RPTLedgerFact',0),('RCOND441bb08f:1436c079bff:-6f73-0028','RCOND441bb08f:1436c079bff:-6f73-0028','RUL441bb08f:1436c079bff:-6fa7-0028','RL','RPTLedgerFact',0),('RCOND441bb08f:1436c079bff:-6f73-0029','RCOND441bb08f:1436c079bff:-6f73-0029','RUL441bb08f:1436c079bff:-6fa7-0029','RL','RPTLedgerFact',0),('RCOND441bb08f:1436c079bff:-6f73-0030','RCOND441bb08f:1436c079bff:-6f73-0030','RUL441bb08f:1436c079bff:-6fa7-0030','RL','RPTLedgerFact',0),('RCOND441bb08f:1436c079bff:-6f73-0031','RCOND441bb08f:1436c079bff:-6f73-0031','RUL441bb08f:1436c079bff:-6fa7-0031','RL','RPTLedgerFact',0),('RCOND441bb08f:1436c079bff:-6f73-0032','RCOND441bb08f:1436c079bff:-6f73-0032','RUL441bb08f:1436c079bff:-6fa7-0032','RL','RPTLedgerFact',0),('RCOND441bb08f:1436c079bff:-6f73-0033','RCOND441bb08f:1436c079bff:-6f73-0033','RUL441bb08f:1436c079bff:-6fa7-0033','RL','RPTLedgerFact',0),('RCOND441bb08f:1436c079bff:-6f73-0034','RCOND441bb08f:1436c079bff:-6f73-0034','RUL441bb08f:1436c079bff:-6fa7-0034','RL','RPTLedgerFact',0),('RCOND441bb08f:1436c079bff:-6f73-0035','RCOND441bb08f:1436c079bff:-6f73-0035','RUL441bb08f:1436c079bff:-6fa7-0035','RL','RPTLedgerFact',0),('RCOND441bb08f:1436c079bff:-6f73-0036','RCOND441bb08f:1436c079bff:-6f73-0036','RUL441bb08f:1436c079bff:-6fa7-0036','RL','RPTLedgerFact',0),('RCOND441bb08f:1436c079bff:-6f73-0037','RCOND441bb08f:1436c079bff:-6f73-0037','RUL441bb08f:1436c079bff:-6fa7-0037','RL','RPTLedgerFact',0),('RCOND441bb08f:1436c079bff:-6f73-0038','RCOND441bb08f:1436c079bff:-6f73-0038','RUL441bb08f:1436c079bff:-6fa7-0038','RL','RPTLedgerFact',0),('RCOND441bb08f:1436c079bff:-6f73-0039','RCOND441bb08f:1436c079bff:-6f73-0039','RUL441bb08f:1436c079bff:-6fa7-0039','RL','RPTLedgerFact',0),('RCOND441bb08f:1436c079bff:-6f73-0040','RCOND441bb08f:1436c079bff:-6f73-0040','RUL441bb08f:1436c079bff:-6fa7-0040','RL','RPTLedgerFact',0),('RCOND441bb08f:1436c079bff:-6f73-0041','RCOND441bb08f:1436c079bff:-6f73-0041','RUL441bb08f:1436c079bff:-6fa7-0041','RL','RPTLedgerFact',0),('RCOND441bb08f:1436c079bff:-6f73-0042','RCOND441bb08f:1436c079bff:-6f73-0042','RUL441bb08f:1436c079bff:-6fa7-0042','RL','RPTLedgerFact',0),('RCOND441bb08f:1436c079bff:-6f73-0043','RCOND441bb08f:1436c079bff:-6f73-0043','RUL441bb08f:1436c079bff:-6fa7-0043','RL','RPTLedgerFact',0),('RCOND441bb08f:1436c079bff:-6f73-0044','RCOND441bb08f:1436c079bff:-6f73-0044','RUL441bb08f:1436c079bff:-6fa7-0044','RL','RPTLedgerFact',0),('RCOND441bb08f:1436c079bff:-7529','RCOND441bb08f:1436c079bff:-7529','RUL441bb08f:1436c079bff:-755d','RL','RPTLedgerFact',0),('RCOND44624045:143fad5bbe3:-49af','RCOND44624045:143fad5bbe3:-49af','RUL44624045:143fad5bbe3:-4a87','RF','bpls.facts.BillItem',1),('RCOND44624045:143fad5bbe3:-4a2e','RCOND44624045:143fad5bbe3:-4a2e','RUL44624045:143fad5bbe3:-4a87','LOB','bpls.facts.LOB',0),('RCOND44624045:143fad5bbe3:-4ef4','RCOND44624045:143fad5bbe3:-4ef4','RUL-6ce4c9de:143fa4fc8ee:-79f5','RF','bpls.facts.BillItem',1),('RCONDaa4e683:143e6f7bbf2:-693d','RCONDaa4e683:143e6f7bbf2:-693d','RULaa4e683:143e6f7bbf2:-69f4','RL','RPTLedgerFact',1),('RCONST-20919e10:141e3f76dc8:-6348','RCOND-20919e10:141e3f76dc8:-64b1','RUL-20919e10:141e3f76dc8:-651b','SEF','decimal',2),('RCONST-20919e10:141e3f76dc8:-63c3','RCOND-20919e10:141e3f76dc8:-64b1','RUL-20919e10:141e3f76dc8:-651b','BASIC','decimal',1),('RCONST-20919e10:141e3f76dc8:-64d9','RCOND-20919e10:141e3f76dc8:-64eb','RUL-20919e10:141e3f76dc8:-651b','CY','integer',0),('RCONST-20919e10:141e3f76dc8:-6ccb','RCOND-20919e10:141e3f76dc8:-6cfe','RUL-20919e10:141e3f76dc8:-6fa4','CQTR','integer',1),('RCONST-20919e10:141e3f76dc8:-6cec','RCOND-20919e10:141e3f76dc8:-6cfe','RUL-20919e10:141e3f76dc8:-6fa4','CY','integer',0),('RCONST-20919e10:141e3f76dc8:-7522','RCOND-20919e10:141e3f76dc8:-7715','RUL-20919e10:141e3f76dc8:-777f','NMON','integer',3),('RCONST-20919e10:141e3f76dc8:-75ae','RCOND-20919e10:141e3f76dc8:-7715','RUL-20919e10:141e3f76dc8:-777f','SEF','decimal',2),('RCONST-20919e10:141e3f76dc8:-7629','RCOND-20919e10:141e3f76dc8:-7715','RUL-20919e10:141e3f76dc8:-777f','BASIC','decimal',1),('RCONST-20919e10:141e3f76dc8:-773d','RCOND-20919e10:141e3f76dc8:-774f','RUL-20919e10:141e3f76dc8:-777f','CY','integer',0),('RCONST-20919e10:141e3f76dc8:-7a2e','RCOND-20919e10:141e3f76dc8:-7b76','RUL-20919e10:141e3f76dc8:-7be8','AV','decimal',1),('RCONST-20919e10:141e3f76dc8:-7b9e','RCOND-20919e10:141e3f76dc8:-7bb8','RUL-20919e10:141e3f76dc8:-7be8','CY','integer',0),('RCONST-20919e10:141e3f76dc8:-7ce4','RCOND-20919e10:141e3f76dc8:-7de5','RUL-20919e10:141e3f76dc8:-7e4f','AV','decimal',1),('RCONST-20919e10:141e3f76dc8:-7e0d','RCOND-20919e10:141e3f76dc8:-7e1f','RUL-20919e10:141e3f76dc8:-7e4f','CY','integer',0),('RCONST-2a4d2fa5:1422bad4acc:-77c3','RCOND-2a4d2fa5:1422bad4acc:-7919','RUL-2a4d2fa5:1422bad4acc:-7957','SEF','decimal',2),('RCONST-36ba5ccb:1430894b791:-5c05','RCOND-36ba5ccb:1430894b791:-5ff4','RUL-36ba5ccb:1430894b791:-6677','BEGINQTRDATE','date',1),('RCONST-36ba5ccb:1430894b791:-5f54','RCOND-36ba5ccb:1430894b791:-5f71','RUL-36ba5ccb:1430894b791:-6677','BILLDATE','date',0),('RCONST-36ba5ccb:1430894b791:-5fd5','RCOND-36ba5ccb:1430894b791:-5ff4','RUL-36ba5ccb:1430894b791:-6677','QTR','integer',0),('RCONST-3dc4dd90:14451e4a9d5:-69f0','RCOND-3dc4dd90:14451e4a9d5:-6b1c','RUL44624045:143fad5bbe3:-6586','SURCHRGE','decimal',3),('RCONST-3dc4dd90:14451e4a9d5:-6a37','RCOND-3dc4dd90:14451e4a9d5:-6b1c','RUL44624045:143fad5bbe3:-6586','AMTDUE','decimal',2),('RCONST-3dc4dd90:14451e4a9d5:-6d6a','RCOND-3dc4dd90:14451e4a9d5:-6e9e','RUL-36ba5ccb:1430894b791:-6677','SURCHRG','decimal',4),('RCONST-3dc4dd90:14451e4a9d5:-6dba','RCOND-3dc4dd90:14451e4a9d5:-6e9e','RUL-36ba5ccb:1430894b791:-6677','AMTDUE','decimal',3),('RCONST-4fd26d3d:142fa7a65f9:-6ff5','RCOND-4fd26d3d:142fa7a65f9:-7124','RUL-4fd26d3d:142fa7a65f9:-7200','AMT','decimal',2),('RCONST-5c8064e4:143fb646ea9:-771e','RCOND-5c8064e4:143fb646ea9:-77b3','RUL44624045:143fad5bbe3:-6586','BEGINQDATE','date',1),('RCONST-5c8064e4:143fb646ea9:-7c17','RCOND-5c8064e4:143fb646ea9:-7c35','RUL44624045:143fad5bbe3:-6586','BILLDATE','date',0),('RCONST-72a9958a:141e4770339:-64bb','RCOND-72a9958a:141e4770339:-6684','RUL-72a9958a:141e4770339:-6728','SEF','decimal',3),('RCONST-72a9958a:141e4770339:-654f','RCOND-72a9958a:141e4770339:-6684','RUL-72a9958a:141e4770339:-6728','BASIC','decimal',2),('RCONST-72a9958a:141e4770339:-66b8','RCOND-72a9958a:141e4770339:-66eb','RUL-72a9958a:141e4770339:-6728','CQTR','integer',1),('RCONST-72a9958a:141e4770339:-66d9','RCOND-72a9958a:141e4770339:-66eb','RUL-72a9958a:141e4770339:-6728','CY','integer',0),('RCONST-72a9958a:141e4770339:-784b','RCOND-72a9958a:141e4770339:-7a15','RUL-20919e10:141e3f76dc8:-6107','SEF','decimal',3),('RCONST-72a9958a:141e4770339:-78e0','RCOND-72a9958a:141e4770339:-7a15','RUL-20919e10:141e3f76dc8:-6107','BASIC','decimal',2),('RCONST-72a9958a:141e4770339:-7ca7','RCOND-72a9958a:141e4770339:-7f00','RUL-20919e10:141e3f76dc8:-6fa4','NMON','integer',4),('RCONST-72a9958a:141e4770339:-7d37','RCOND-72a9958a:141e4770339:-7f00','RUL-20919e10:141e3f76dc8:-6fa4','SEF','decimal',3),('RCONST-72a9958a:141e4770339:-7dcb','RCOND-72a9958a:141e4770339:-7f00','RUL-20919e10:141e3f76dc8:-6fa4','BASIC','decimal',2),('RCONST-7c13908b:1435065d2a1:-5d53','RCOND-7c13908b:1435065d2a1:-661a','RUL-7c13908b:1435065d2a1:-66d7','AV','decimal',1),('RCONST-7c13908b:1435065d2a1:-6645','RCOND-7c13908b:1435065d2a1:-6657','RUL-7c13908b:1435065d2a1:-66d7','CY','integer',0),('RCONST-7e9d4ac4:1421b9d7ba4:-7a86','RCOND-7e9d4ac4:1421b9d7ba4:-7c48','RUL-7e9d4ac4:1421b9d7ba4:-7d51','SEF','decimal',3),('RCONST-7e9d4ac4:1421b9d7ba4:-7b11','RCOND-7e9d4ac4:1421b9d7ba4:-7c48','RUL-7e9d4ac4:1421b9d7ba4:-7d51','BASIC','decimal',2),('RCONST-7e9d4ac4:1421b9d7ba4:-7ca3','RCOND-7e9d4ac4:1421b9d7ba4:-7cb5','RUL-7e9d4ac4:1421b9d7ba4:-7d51','CY','integer',0),('RCONST1dc7a3de:142b70df9f8:-7f0e','RCOND1dc7a3de:142b70df9f8:-7f13','RUL1dc7a3de:142b70df9f8:-7fb7','NUM_EMPLOYEE_FEMALE','integer',0),('RCONST1dc7a3de:142b70df9f8:-7f59','RCOND1dc7a3de:142b70df9f8:-7f5e','RUL1dc7a3de:142b70df9f8:-7fb7','NUM_EMPLOYEE_MALE','integer',0),('RCONST270217d9:143576614a1:-7a25','RCOND270217d9:143576614a1:-7a52','RUL270217d9:143576614a1:-7c3c','AV2013','decimal',1),('RCONST270217d9:143576614a1:-7b5d','RCOND270217d9:143576614a1:-7c0e','RUL270217d9:143576614a1:-7c3c','AV','decimal',1),('RCONST270217d9:143576614a1:-7bbd','RCOND270217d9:143576614a1:-7c0e','RUL270217d9:143576614a1:-7c3c','YR2015','integer',0),('RCONST270217d9:143576614a1:-7d5c','RCOND270217d9:143576614a1:-7d89','RUL52ab3945:14357604d15:-7c1a','AV2013','decimal',1),('RCONST270217d9:143576614a1:-7e9c','RCOND270217d9:143576614a1:-7f4d','RUL52ab3945:14357604d15:-7c1a','AV','decimal',1),('RCONST270217d9:143576614a1:-7efc','RCOND270217d9:143576614a1:-7f4d','RUL52ab3945:14357604d15:-7c1a','YR2014','integer',0),('RCONST29ba689e:144612b8ef4:-7a29','RCOND29ba689e:144612b8ef4:-7a3b','RUL29ba689e:144612b8ef4:-7def','CY','integer',0),('RCONST441bb08f:1436c079bff:-6d5a','RCOND441bb08f:1436c079bff:-6f73','RUL441bb08f:1436c079bff:-6fa7','BASICINT','decimal',3),('RCONST441bb08f:1436c079bff:-6d5a-0002','RCOND441bb08f:1436c079bff:-6f73-0002','RUL441bb08f:1436c079bff:-6fa7-0002','BASICINT','decimal',3),('RCONST441bb08f:1436c079bff:-6d5a-0003','RCOND441bb08f:1436c079bff:-6f73-0003','RUL441bb08f:1436c079bff:-6fa7-0003','BASICINT','decimal',3),('RCONST441bb08f:1436c079bff:-6d5a-0004','RCOND441bb08f:1436c079bff:-6f73-0004','RUL441bb08f:1436c079bff:-6fa7-0004','BASICINT','decimal',3),('RCONST441bb08f:1436c079bff:-6d5a-0005','RCOND441bb08f:1436c079bff:-6f73-0005','RUL441bb08f:1436c079bff:-6fa7-0005','BASICINT','decimal',3),('RCONST441bb08f:1436c079bff:-6d5a-0006','RCOND441bb08f:1436c079bff:-6f73-0006','RUL441bb08f:1436c079bff:-6fa7-0006','BASICINT','decimal',3),('RCONST441bb08f:1436c079bff:-6d5a-0007','RCOND441bb08f:1436c079bff:-6f73-0007','RUL441bb08f:1436c079bff:-6fa7-0007','BASICINT','decimal',3),('RCONST441bb08f:1436c079bff:-6d5a-0008','RCOND441bb08f:1436c079bff:-6f73-0008','RUL441bb08f:1436c079bff:-6fa7-0008','BASICINT','decimal',3),('RCONST441bb08f:1436c079bff:-6d5a-0009','RCOND441bb08f:1436c079bff:-6f73-0009','RUL441bb08f:1436c079bff:-6fa7-0009','BASICINT','decimal',3),('RCONST441bb08f:1436c079bff:-6d5a-0010','RCOND441bb08f:1436c079bff:-6f73-0010','RUL441bb08f:1436c079bff:-6fa7-0010','BASICINT','decimal',3),('RCONST441bb08f:1436c079bff:-6d5a-0011','RCOND441bb08f:1436c079bff:-6f73-0011','RUL441bb08f:1436c079bff:-6fa7-0011','BASICINT','decimal',3),('RCONST441bb08f:1436c079bff:-6d5a-0012','RCOND441bb08f:1436c079bff:-6f73-0012','RUL441bb08f:1436c079bff:-6fa7-0012','BASICINT','decimal',3),('RCONST441bb08f:1436c079bff:-6d5a-0013','RCOND441bb08f:1436c079bff:-6f73-0013','RUL441bb08f:1436c079bff:-6fa7-0013','BASICINT','decimal',3),('RCONST441bb08f:1436c079bff:-6d5a-0014','RCOND441bb08f:1436c079bff:-6f73-0014','RUL441bb08f:1436c079bff:-6fa7-0014','BASICINT','decimal',3),('RCONST441bb08f:1436c079bff:-6d5a-0015','RCOND441bb08f:1436c079bff:-6f73-0015','RUL441bb08f:1436c079bff:-6fa7-0015','BASICINT','decimal',3),('RCONST441bb08f:1436c079bff:-6d5a-0016','RCOND441bb08f:1436c079bff:-6f73-0016','RUL441bb08f:1436c079bff:-6fa7-0016','BASICINT','decimal',3),('RCONST441bb08f:1436c079bff:-6d5a-0017','RCOND441bb08f:1436c079bff:-6f73-0017','RUL441bb08f:1436c079bff:-6fa7-0017','BASICINT','decimal',3),('RCONST441bb08f:1436c079bff:-6d5a-0018','RCOND441bb08f:1436c079bff:-6f73-0018','RUL441bb08f:1436c079bff:-6fa7-0018','BASICINT','decimal',3),('RCONST441bb08f:1436c079bff:-6d5a-0019','RCOND441bb08f:1436c079bff:-6f73-0019','RUL441bb08f:1436c079bff:-6fa7-0019','BASICINT','decimal',3),('RCONST441bb08f:1436c079bff:-6d5a-0020','RCOND441bb08f:1436c079bff:-6f73-0020','RUL441bb08f:1436c079bff:-6fa7-0020','BASICINT','decimal',3),('RCONST441bb08f:1436c079bff:-6d5a-0021','RCOND441bb08f:1436c079bff:-6f73-0021','RUL441bb08f:1436c079bff:-6fa7-0021','BASICINT','decimal',3),('RCONST441bb08f:1436c079bff:-6d5a-0022','RCOND441bb08f:1436c079bff:-6f73-0022','RUL441bb08f:1436c079bff:-6fa7-0022','BASICINT','decimal',3),('RCONST441bb08f:1436c079bff:-6d5a-0023','RCOND441bb08f:1436c079bff:-6f73-0023','RUL441bb08f:1436c079bff:-6fa7-0023','BASICINT','decimal',3),('RCONST441bb08f:1436c079bff:-6d5a-0024','RCOND441bb08f:1436c079bff:-6f73-0024','RUL441bb08f:1436c079bff:-6fa7-0024','BASICINT','decimal',3),('RCONST441bb08f:1436c079bff:-6d5a-0025','RCOND441bb08f:1436c079bff:-6f73-0025','RUL441bb08f:1436c079bff:-6fa7-0025','BASICINT','decimal',3),('RCONST441bb08f:1436c079bff:-6d5a-0026','RCOND441bb08f:1436c079bff:-6f73-0026','RUL441bb08f:1436c079bff:-6fa7-0026','BASICINT','decimal',3),('RCONST441bb08f:1436c079bff:-6d5a-0027','RCOND441bb08f:1436c079bff:-6f73-0027','RUL441bb08f:1436c079bff:-6fa7-0027','BASICINT','decimal',3),('RCONST441bb08f:1436c079bff:-6d5a-0028','RCOND441bb08f:1436c079bff:-6f73-0028','RUL441bb08f:1436c079bff:-6fa7-0028','BASICINT','decimal',3),('RCONST441bb08f:1436c079bff:-6d5a-0029','RCOND441bb08f:1436c079bff:-6f73-0029','RUL441bb08f:1436c079bff:-6fa7-0029','BASICINT','decimal',3),('RCONST441bb08f:1436c079bff:-6d5a-0030','RCOND441bb08f:1436c079bff:-6f73-0030','RUL441bb08f:1436c079bff:-6fa7-0030','BASICINT','decimal',3),('RCONST441bb08f:1436c079bff:-6d5a-0031','RCOND441bb08f:1436c079bff:-6f73-0031','RUL441bb08f:1436c079bff:-6fa7-0031','BASICINT','decimal',3),('RCONST441bb08f:1436c079bff:-6d5a-0032','RCOND441bb08f:1436c079bff:-6f73-0032','RUL441bb08f:1436c079bff:-6fa7-0032','BASICINT','decimal',3),('RCONST441bb08f:1436c079bff:-6d5a-0033','RCOND441bb08f:1436c079bff:-6f73-0033','RUL441bb08f:1436c079bff:-6fa7-0033','BASICINT','decimal',3),('RCONST441bb08f:1436c079bff:-6d5a-0034','RCOND441bb08f:1436c079bff:-6f73-0034','RUL441bb08f:1436c079bff:-6fa7-0034','BASICINT','decimal',3),('RCONST441bb08f:1436c079bff:-6d5a-0035','RCOND441bb08f:1436c079bff:-6f73-0035','RUL441bb08f:1436c079bff:-6fa7-0035','BASICINT','decimal',3),('RCONST441bb08f:1436c079bff:-6d5a-0036','RCOND441bb08f:1436c079bff:-6f73-0036','RUL441bb08f:1436c079bff:-6fa7-0036','BASICINT','decimal',3),('RCONST441bb08f:1436c079bff:-6d5a-0037','RCOND441bb08f:1436c079bff:-6f73-0037','RUL441bb08f:1436c079bff:-6fa7-0037','BASICINT','decimal',3),('RCONST441bb08f:1436c079bff:-6d5a-0038','RCOND441bb08f:1436c079bff:-6f73-0038','RUL441bb08f:1436c079bff:-6fa7-0038','BASICINT','decimal',3),('RCONST441bb08f:1436c079bff:-6d5a-0039','RCOND441bb08f:1436c079bff:-6f73-0039','RUL441bb08f:1436c079bff:-6fa7-0039','BASICINT','decimal',3),('RCONST441bb08f:1436c079bff:-6d5a-0040','RCOND441bb08f:1436c079bff:-6f73-0040','RUL441bb08f:1436c079bff:-6fa7-0040','BASICINT','decimal',3),('RCONST441bb08f:1436c079bff:-6d5a-0041','RCOND441bb08f:1436c079bff:-6f73-0041','RUL441bb08f:1436c079bff:-6fa7-0041','BASICINT','decimal',3),('RCONST441bb08f:1436c079bff:-6d5a-0042','RCOND441bb08f:1436c079bff:-6f73-0042','RUL441bb08f:1436c079bff:-6fa7-0042','BASICINT','decimal',3),('RCONST441bb08f:1436c079bff:-6d5a-0043','RCOND441bb08f:1436c079bff:-6f73-0043','RUL441bb08f:1436c079bff:-6fa7-0043','BASICINT','decimal',3),('RCONST441bb08f:1436c079bff:-6d5a-0044','RCOND441bb08f:1436c079bff:-6f73-0044','RUL441bb08f:1436c079bff:-6fa7-0044','BASICINT','decimal',3),('RCONST441bb08f:1436c079bff:-6df7','RCOND441bb08f:1436c079bff:-6f73','RUL441bb08f:1436c079bff:-6fa7','BASICDISC','decimal',2),('RCONST441bb08f:1436c079bff:-6df7-0002','RCOND441bb08f:1436c079bff:-6f73-0002','RUL441bb08f:1436c079bff:-6fa7-0002','BASICDISC','decimal',2),('RCONST441bb08f:1436c079bff:-6df7-0003','RCOND441bb08f:1436c079bff:-6f73-0003','RUL441bb08f:1436c079bff:-6fa7-0003','BASICDISC','decimal',2),('RCONST441bb08f:1436c079bff:-6df7-0004','RCOND441bb08f:1436c079bff:-6f73-0004','RUL441bb08f:1436c079bff:-6fa7-0004','BASICDISC','decimal',2),('RCONST441bb08f:1436c079bff:-6df7-0005','RCOND441bb08f:1436c079bff:-6f73-0005','RUL441bb08f:1436c079bff:-6fa7-0005','BASICDISC','decimal',2),('RCONST441bb08f:1436c079bff:-6df7-0006','RCOND441bb08f:1436c079bff:-6f73-0006','RUL441bb08f:1436c079bff:-6fa7-0006','BASICDISC','decimal',2),('RCONST441bb08f:1436c079bff:-6df7-0007','RCOND441bb08f:1436c079bff:-6f73-0007','RUL441bb08f:1436c079bff:-6fa7-0007','BASICDISC','decimal',2),('RCONST441bb08f:1436c079bff:-6df7-0008','RCOND441bb08f:1436c079bff:-6f73-0008','RUL441bb08f:1436c079bff:-6fa7-0008','BASICDISC','decimal',2),('RCONST441bb08f:1436c079bff:-6df7-0009','RCOND441bb08f:1436c079bff:-6f73-0009','RUL441bb08f:1436c079bff:-6fa7-0009','BASICDISC','decimal',2),('RCONST441bb08f:1436c079bff:-6df7-0010','RCOND441bb08f:1436c079bff:-6f73-0010','RUL441bb08f:1436c079bff:-6fa7-0010','BASICDISC','decimal',2),('RCONST441bb08f:1436c079bff:-6df7-0011','RCOND441bb08f:1436c079bff:-6f73-0011','RUL441bb08f:1436c079bff:-6fa7-0011','BASICDISC','decimal',2),('RCONST441bb08f:1436c079bff:-6df7-0012','RCOND441bb08f:1436c079bff:-6f73-0012','RUL441bb08f:1436c079bff:-6fa7-0012','BASICDISC','decimal',2),('RCONST441bb08f:1436c079bff:-6df7-0013','RCOND441bb08f:1436c079bff:-6f73-0013','RUL441bb08f:1436c079bff:-6fa7-0013','BASICDISC','decimal',2),('RCONST441bb08f:1436c079bff:-6df7-0014','RCOND441bb08f:1436c079bff:-6f73-0014','RUL441bb08f:1436c079bff:-6fa7-0014','BASICDISC','decimal',2),('RCONST441bb08f:1436c079bff:-6df7-0015','RCOND441bb08f:1436c079bff:-6f73-0015','RUL441bb08f:1436c079bff:-6fa7-0015','BASICDISC','decimal',2),('RCONST441bb08f:1436c079bff:-6df7-0016','RCOND441bb08f:1436c079bff:-6f73-0016','RUL441bb08f:1436c079bff:-6fa7-0016','BASICDISC','decimal',2),('RCONST441bb08f:1436c079bff:-6df7-0017','RCOND441bb08f:1436c079bff:-6f73-0017','RUL441bb08f:1436c079bff:-6fa7-0017','BASICDISC','decimal',2),('RCONST441bb08f:1436c079bff:-6df7-0018','RCOND441bb08f:1436c079bff:-6f73-0018','RUL441bb08f:1436c079bff:-6fa7-0018','BASICDISC','decimal',2),('RCONST441bb08f:1436c079bff:-6df7-0019','RCOND441bb08f:1436c079bff:-6f73-0019','RUL441bb08f:1436c079bff:-6fa7-0019','BASICDISC','decimal',2),('RCONST441bb08f:1436c079bff:-6df7-0020','RCOND441bb08f:1436c079bff:-6f73-0020','RUL441bb08f:1436c079bff:-6fa7-0020','BASICDISC','decimal',2),('RCONST441bb08f:1436c079bff:-6df7-0021','RCOND441bb08f:1436c079bff:-6f73-0021','RUL441bb08f:1436c079bff:-6fa7-0021','BASICDISC','decimal',2),('RCONST441bb08f:1436c079bff:-6df7-0022','RCOND441bb08f:1436c079bff:-6f73-0022','RUL441bb08f:1436c079bff:-6fa7-0022','BASICDISC','decimal',2),('RCONST441bb08f:1436c079bff:-6df7-0023','RCOND441bb08f:1436c079bff:-6f73-0023','RUL441bb08f:1436c079bff:-6fa7-0023','BASICDISC','decimal',2),('RCONST441bb08f:1436c079bff:-6df7-0024','RCOND441bb08f:1436c079bff:-6f73-0024','RUL441bb08f:1436c079bff:-6fa7-0024','BASICDISC','decimal',2),('RCONST441bb08f:1436c079bff:-6df7-0025','RCOND441bb08f:1436c079bff:-6f73-0025','RUL441bb08f:1436c079bff:-6fa7-0025','BASICDISC','decimal',2),('RCONST441bb08f:1436c079bff:-6df7-0026','RCOND441bb08f:1436c079bff:-6f73-0026','RUL441bb08f:1436c079bff:-6fa7-0026','BASICDISC','decimal',2),('RCONST441bb08f:1436c079bff:-6df7-0027','RCOND441bb08f:1436c079bff:-6f73-0027','RUL441bb08f:1436c079bff:-6fa7-0027','BASICDISC','decimal',2),('RCONST441bb08f:1436c079bff:-6df7-0028','RCOND441bb08f:1436c079bff:-6f73-0028','RUL441bb08f:1436c079bff:-6fa7-0028','BASICDISC','decimal',2),('RCONST441bb08f:1436c079bff:-6df7-0029','RCOND441bb08f:1436c079bff:-6f73-0029','RUL441bb08f:1436c079bff:-6fa7-0029','BASICDISC','decimal',2),('RCONST441bb08f:1436c079bff:-6df7-0030','RCOND441bb08f:1436c079bff:-6f73-0030','RUL441bb08f:1436c079bff:-6fa7-0030','BASICDISC','decimal',2),('RCONST441bb08f:1436c079bff:-6df7-0031','RCOND441bb08f:1436c079bff:-6f73-0031','RUL441bb08f:1436c079bff:-6fa7-0031','BASICDISC','decimal',2),('RCONST441bb08f:1436c079bff:-6df7-0032','RCOND441bb08f:1436c079bff:-6f73-0032','RUL441bb08f:1436c079bff:-6fa7-0032','BASICDISC','decimal',2),('RCONST441bb08f:1436c079bff:-6df7-0033','RCOND441bb08f:1436c079bff:-6f73-0033','RUL441bb08f:1436c079bff:-6fa7-0033','BASICDISC','decimal',2),('RCONST441bb08f:1436c079bff:-6df7-0034','RCOND441bb08f:1436c079bff:-6f73-0034','RUL441bb08f:1436c079bff:-6fa7-0034','BASICDISC','decimal',2),('RCONST441bb08f:1436c079bff:-6df7-0035','RCOND441bb08f:1436c079bff:-6f73-0035','RUL441bb08f:1436c079bff:-6fa7-0035','BASICDISC','decimal',2),('RCONST441bb08f:1436c079bff:-6df7-0036','RCOND441bb08f:1436c079bff:-6f73-0036','RUL441bb08f:1436c079bff:-6fa7-0036','BASICDISC','decimal',2),('RCONST441bb08f:1436c079bff:-6df7-0037','RCOND441bb08f:1436c079bff:-6f73-0037','RUL441bb08f:1436c079bff:-6fa7-0037','BASICDISC','decimal',2),('RCONST441bb08f:1436c079bff:-6df7-0038','RCOND441bb08f:1436c079bff:-6f73-0038','RUL441bb08f:1436c079bff:-6fa7-0038','BASICDISC','decimal',2),('RCONST441bb08f:1436c079bff:-6df7-0039','RCOND441bb08f:1436c079bff:-6f73-0039','RUL441bb08f:1436c079bff:-6fa7-0039','BASICDISC','decimal',2),('RCONST441bb08f:1436c079bff:-6df7-0040','RCOND441bb08f:1436c079bff:-6f73-0040','RUL441bb08f:1436c079bff:-6fa7-0040','BASICDISC','decimal',2),('RCONST441bb08f:1436c079bff:-6df7-0041','RCOND441bb08f:1436c079bff:-6f73-0041','RUL441bb08f:1436c079bff:-6fa7-0041','BASICDISC','decimal',2),('RCONST441bb08f:1436c079bff:-6df7-0042','RCOND441bb08f:1436c079bff:-6f73-0042','RUL441bb08f:1436c079bff:-6fa7-0042','BASICDISC','decimal',2),('RCONST441bb08f:1436c079bff:-6df7-0043','RCOND441bb08f:1436c079bff:-6f73-0043','RUL441bb08f:1436c079bff:-6fa7-0043','BASICDISC','decimal',2),('RCONST441bb08f:1436c079bff:-6df7-0044','RCOND441bb08f:1436c079bff:-6f73-0044','RUL441bb08f:1436c079bff:-6fa7-0044','BASICDISC','decimal',2),('RCONST441bb08f:1436c079bff:-6e87','RCOND441bb08f:1436c079bff:-6f73','RUL441bb08f:1436c079bff:-6fa7','BASIC','decimal',1),('RCONST441bb08f:1436c079bff:-6e87-0002','RCOND441bb08f:1436c079bff:-6f73-0002','RUL441bb08f:1436c079bff:-6fa7-0002','BASIC','decimal',1),('RCONST441bb08f:1436c079bff:-6e87-0003','RCOND441bb08f:1436c079bff:-6f73-0003','RUL441bb08f:1436c079bff:-6fa7-0003','BASIC','decimal',1),('RCONST441bb08f:1436c079bff:-6e87-0004','RCOND441bb08f:1436c079bff:-6f73-0004','RUL441bb08f:1436c079bff:-6fa7-0004','BASIC','decimal',1),('RCONST441bb08f:1436c079bff:-6e87-0005','RCOND441bb08f:1436c079bff:-6f73-0005','RUL441bb08f:1436c079bff:-6fa7-0005','BASIC','decimal',1),('RCONST441bb08f:1436c079bff:-6e87-0006','RCOND441bb08f:1436c079bff:-6f73-0006','RUL441bb08f:1436c079bff:-6fa7-0006','BASIC','decimal',1),('RCONST441bb08f:1436c079bff:-6e87-0007','RCOND441bb08f:1436c079bff:-6f73-0007','RUL441bb08f:1436c079bff:-6fa7-0007','BASIC','decimal',1),('RCONST441bb08f:1436c079bff:-6e87-0008','RCOND441bb08f:1436c079bff:-6f73-0008','RUL441bb08f:1436c079bff:-6fa7-0008','BASIC','decimal',1),('RCONST441bb08f:1436c079bff:-6e87-0009','RCOND441bb08f:1436c079bff:-6f73-0009','RUL441bb08f:1436c079bff:-6fa7-0009','BASIC','decimal',1),('RCONST441bb08f:1436c079bff:-6e87-0010','RCOND441bb08f:1436c079bff:-6f73-0010','RUL441bb08f:1436c079bff:-6fa7-0010','BASIC','decimal',1),('RCONST441bb08f:1436c079bff:-6e87-0011','RCOND441bb08f:1436c079bff:-6f73-0011','RUL441bb08f:1436c079bff:-6fa7-0011','BASIC','decimal',1),('RCONST441bb08f:1436c079bff:-6e87-0012','RCOND441bb08f:1436c079bff:-6f73-0012','RUL441bb08f:1436c079bff:-6fa7-0012','BASIC','decimal',1),('RCONST441bb08f:1436c079bff:-6e87-0013','RCOND441bb08f:1436c079bff:-6f73-0013','RUL441bb08f:1436c079bff:-6fa7-0013','BASIC','decimal',1),('RCONST441bb08f:1436c079bff:-6e87-0014','RCOND441bb08f:1436c079bff:-6f73-0014','RUL441bb08f:1436c079bff:-6fa7-0014','BASIC','decimal',1),('RCONST441bb08f:1436c079bff:-6e87-0015','RCOND441bb08f:1436c079bff:-6f73-0015','RUL441bb08f:1436c079bff:-6fa7-0015','BASIC','decimal',1),('RCONST441bb08f:1436c079bff:-6e87-0016','RCOND441bb08f:1436c079bff:-6f73-0016','RUL441bb08f:1436c079bff:-6fa7-0016','BASIC','decimal',1),('RCONST441bb08f:1436c079bff:-6e87-0017','RCOND441bb08f:1436c079bff:-6f73-0017','RUL441bb08f:1436c079bff:-6fa7-0017','BASIC','decimal',1),('RCONST441bb08f:1436c079bff:-6e87-0018','RCOND441bb08f:1436c079bff:-6f73-0018','RUL441bb08f:1436c079bff:-6fa7-0018','BASIC','decimal',1),('RCONST441bb08f:1436c079bff:-6e87-0019','RCOND441bb08f:1436c079bff:-6f73-0019','RUL441bb08f:1436c079bff:-6fa7-0019','BASIC','decimal',1),('RCONST441bb08f:1436c079bff:-6e87-0020','RCOND441bb08f:1436c079bff:-6f73-0020','RUL441bb08f:1436c079bff:-6fa7-0020','BASIC','decimal',1),('RCONST441bb08f:1436c079bff:-6e87-0021','RCOND441bb08f:1436c079bff:-6f73-0021','RUL441bb08f:1436c079bff:-6fa7-0021','BASIC','decimal',1),('RCONST441bb08f:1436c079bff:-6e87-0022','RCOND441bb08f:1436c079bff:-6f73-0022','RUL441bb08f:1436c079bff:-6fa7-0022','BASIC','decimal',1),('RCONST441bb08f:1436c079bff:-6e87-0023','RCOND441bb08f:1436c079bff:-6f73-0023','RUL441bb08f:1436c079bff:-6fa7-0023','BASIC','decimal',1),('RCONST441bb08f:1436c079bff:-6e87-0024','RCOND441bb08f:1436c079bff:-6f73-0024','RUL441bb08f:1436c079bff:-6fa7-0024','BASIC','decimal',1),('RCONST441bb08f:1436c079bff:-6e87-0025','RCOND441bb08f:1436c079bff:-6f73-0025','RUL441bb08f:1436c079bff:-6fa7-0025','BASIC','decimal',1),('RCONST441bb08f:1436c079bff:-6e87-0026','RCOND441bb08f:1436c079bff:-6f73-0026','RUL441bb08f:1436c079bff:-6fa7-0026','BASIC','decimal',1),('RCONST441bb08f:1436c079bff:-6e87-0027','RCOND441bb08f:1436c079bff:-6f73-0027','RUL441bb08f:1436c079bff:-6fa7-0027','BASIC','decimal',1),('RCONST441bb08f:1436c079bff:-6e87-0028','RCOND441bb08f:1436c079bff:-6f73-0028','RUL441bb08f:1436c079bff:-6fa7-0028','BASIC','decimal',1),('RCONST441bb08f:1436c079bff:-6e87-0029','RCOND441bb08f:1436c079bff:-6f73-0029','RUL441bb08f:1436c079bff:-6fa7-0029','BASIC','decimal',1),('RCONST441bb08f:1436c079bff:-6e87-0030','RCOND441bb08f:1436c079bff:-6f73-0030','RUL441bb08f:1436c079bff:-6fa7-0030','BASIC','decimal',1),('RCONST441bb08f:1436c079bff:-6e87-0031','RCOND441bb08f:1436c079bff:-6f73-0031','RUL441bb08f:1436c079bff:-6fa7-0031','BASIC','decimal',1),('RCONST441bb08f:1436c079bff:-6e87-0032','RCOND441bb08f:1436c079bff:-6f73-0032','RUL441bb08f:1436c079bff:-6fa7-0032','BASIC','decimal',1),('RCONST441bb08f:1436c079bff:-6e87-0033','RCOND441bb08f:1436c079bff:-6f73-0033','RUL441bb08f:1436c079bff:-6fa7-0033','BASIC','decimal',1),('RCONST441bb08f:1436c079bff:-6e87-0034','RCOND441bb08f:1436c079bff:-6f73-0034','RUL441bb08f:1436c079bff:-6fa7-0034','BASIC','decimal',1),('RCONST441bb08f:1436c079bff:-6e87-0035','RCOND441bb08f:1436c079bff:-6f73-0035','RUL441bb08f:1436c079bff:-6fa7-0035','BASIC','decimal',1),('RCONST441bb08f:1436c079bff:-6e87-0036','RCOND441bb08f:1436c079bff:-6f73-0036','RUL441bb08f:1436c079bff:-6fa7-0036','BASIC','decimal',1),('RCONST441bb08f:1436c079bff:-6e87-0037','RCOND441bb08f:1436c079bff:-6f73-0037','RUL441bb08f:1436c079bff:-6fa7-0037','BASIC','decimal',1),('RCONST441bb08f:1436c079bff:-6e87-0038','RCOND441bb08f:1436c079bff:-6f73-0038','RUL441bb08f:1436c079bff:-6fa7-0038','BASIC','decimal',1),('RCONST441bb08f:1436c079bff:-6e87-0039','RCOND441bb08f:1436c079bff:-6f73-0039','RUL441bb08f:1436c079bff:-6fa7-0039','BASIC','decimal',1),('RCONST441bb08f:1436c079bff:-6e87-0040','RCOND441bb08f:1436c079bff:-6f73-0040','RUL441bb08f:1436c079bff:-6fa7-0040','BASIC','decimal',1),('RCONST441bb08f:1436c079bff:-6e87-0041','RCOND441bb08f:1436c079bff:-6f73-0041','RUL441bb08f:1436c079bff:-6fa7-0041','BASIC','decimal',1),('RCONST441bb08f:1436c079bff:-6e87-0042','RCOND441bb08f:1436c079bff:-6f73-0042','RUL441bb08f:1436c079bff:-6fa7-0042','BASIC','decimal',1),('RCONST441bb08f:1436c079bff:-6e87-0043','RCOND441bb08f:1436c079bff:-6f73-0043','RUL441bb08f:1436c079bff:-6fa7-0043','BASIC','decimal',1),('RCONST441bb08f:1436c079bff:-6e87-0044','RCOND441bb08f:1436c079bff:-6f73-0044','RUL441bb08f:1436c079bff:-6fa7-0044','BASIC','decimal',1),('RCONST441bb08f:1436c079bff:-71bf','RCOND441bb08f:1436c079bff:-7529','RUL441bb08f:1436c079bff:-755d','BRGYINTSHARE','decimal',4),('RCONST441bb08f:1436c079bff:-728e','RCOND441bb08f:1436c079bff:-7529','RUL441bb08f:1436c079bff:-755d','BRGYSHARE','decimal',3),('RCONST441bb08f:1436c079bff:-7344','RCOND441bb08f:1436c079bff:-7529','RUL441bb08f:1436c079bff:-755d','BASICINT','decimal',2),('RCONST441bb08f:1436c079bff:-73e3','RCOND441bb08f:1436c079bff:-7529','RUL441bb08f:1436c079bff:-755d','BASICDISC','decimal',1),('RCONST441bb08f:1436c079bff:-747e','RCOND441bb08f:1436c079bff:-7529','RUL441bb08f:1436c079bff:-755d','BASIC','decimal',0),('RCONST44624045:143fad5bbe3:-493e','RCOND44624045:143fad5bbe3:-49af','RUL44624045:143fad5bbe3:-4a87','AMTDUE','decimal',2),('RCONST44624045:143fad5bbe3:-4e88','RCOND44624045:143fad5bbe3:-4ef4','RUL-6ce4c9de:143fa4fc8ee:-79f5','AMTDUE','decimal',2),('RCONST5e124146:141e4410702:-773d','RCOND5e124146:141e4410702:-7771','RUL-20919e10:141e3f76dc8:-6107','CQTR','integer',1),('RCONST5e124146:141e4410702:-775f','RCOND5e124146:141e4410702:-7771','RUL-20919e10:141e3f76dc8:-6107','CY','integer',0),('RCONST5efee916:144597ae7de:-10c6','RCOND441bb08f:1436c079bff:-6f73-0028','RUL441bb08f:1436c079bff:-6fa7-0028','BASICDISCTAKEN','decimal',6),('RCONST5efee916:144597ae7de:-11aa','RCOND441bb08f:1436c079bff:-6f73-0028','RUL441bb08f:1436c079bff:-6fa7-0028','BASICINTPAID','decimal',5),('RCONST5efee916:144597ae7de:-1280','RCOND441bb08f:1436c079bff:-6f73-0028','RUL441bb08f:1436c079bff:-6fa7-0028','BASICPAID','decimal',4),('RCONST5efee916:144597ae7de:-13c','RCOND441bb08f:1436c079bff:-6f73-0032','RUL441bb08f:1436c079bff:-6fa7-0032','BASICDISCTAKEN','decimal',6),('RCONST5efee916:144597ae7de:-1491','RCOND441bb08f:1436c079bff:-6f73-0027','RUL441bb08f:1436c079bff:-6fa7-0027','BASICDISCTAKEN','decimal',6),('RCONST5efee916:144597ae7de:-1575','RCOND441bb08f:1436c079bff:-6f73-0027','RUL441bb08f:1436c079bff:-6fa7-0027','BASICINTPAID','decimal',5),('RCONST5efee916:144597ae7de:-164b','RCOND441bb08f:1436c079bff:-6f73-0027','RUL441bb08f:1436c079bff:-6fa7-0027','BASICPAID','decimal',4),('RCONST5efee916:144597ae7de:-1856','RCOND441bb08f:1436c079bff:-6f73-0026','RUL441bb08f:1436c079bff:-6fa7-0026','BASICDISCTAKEN','decimal',6),('RCONST5efee916:144597ae7de:-193a','RCOND441bb08f:1436c079bff:-6f73-0026','RUL441bb08f:1436c079bff:-6fa7-0026','BASICINTPAID','decimal',5),('RCONST5efee916:144597ae7de:-1a10','RCOND441bb08f:1436c079bff:-6f73-0026','RUL441bb08f:1436c079bff:-6fa7-0026','BASICPAID','decimal',4),('RCONST5efee916:144597ae7de:-1c1b','RCOND441bb08f:1436c079bff:-6f73-0025','RUL441bb08f:1436c079bff:-6fa7-0025','BASICDISCTAKEN','decimal',6),('RCONST5efee916:144597ae7de:-1cff','RCOND441bb08f:1436c079bff:-6f73-0025','RUL441bb08f:1436c079bff:-6fa7-0025','BASICINTPAID','decimal',5),('RCONST5efee916:144597ae7de:-1dd5','RCOND441bb08f:1436c079bff:-6f73-0025','RUL441bb08f:1436c079bff:-6fa7-0025','BASICPAID','decimal',4),('RCONST5efee916:144597ae7de:-1fe0','RCOND441bb08f:1436c079bff:-6f73-0024','RUL441bb08f:1436c079bff:-6fa7-0024','BASICDISCTAKEN','decimal',6),('RCONST5efee916:144597ae7de:-20c4','RCOND441bb08f:1436c079bff:-6f73-0024','RUL441bb08f:1436c079bff:-6fa7-0024','BASICINTPAID','decimal',5),('RCONST5efee916:144597ae7de:-219a','RCOND441bb08f:1436c079bff:-6f73-0024','RUL441bb08f:1436c079bff:-6fa7-0024','BASICPAID','decimal',4),('RCONST5efee916:144597ae7de:-220','RCOND441bb08f:1436c079bff:-6f73-0032','RUL441bb08f:1436c079bff:-6fa7-0032','BASICINTPAID','decimal',5),('RCONST5efee916:144597ae7de:-23a5','RCOND441bb08f:1436c079bff:-6f73-0023','RUL441bb08f:1436c079bff:-6fa7-0023','BASICDISCTAKEN','decimal',6),('RCONST5efee916:144597ae7de:-2489','RCOND441bb08f:1436c079bff:-6f73-0023','RUL441bb08f:1436c079bff:-6fa7-0023','BASICINTPAID','decimal',5),('RCONST5efee916:144597ae7de:-255f','RCOND441bb08f:1436c079bff:-6f73-0023','RUL441bb08f:1436c079bff:-6fa7-0023','BASICPAID','decimal',4),('RCONST5efee916:144597ae7de:-276a','RCOND441bb08f:1436c079bff:-6f73-0022','RUL441bb08f:1436c079bff:-6fa7-0022','BASICDISCTAKEN','decimal',6),('RCONST5efee916:144597ae7de:-284e','RCOND441bb08f:1436c079bff:-6f73-0022','RUL441bb08f:1436c079bff:-6fa7-0022','BASICINTPAID','decimal',5),('RCONST5efee916:144597ae7de:-2924','RCOND441bb08f:1436c079bff:-6f73-0022','RUL441bb08f:1436c079bff:-6fa7-0022','BASICPAID','decimal',4),('RCONST5efee916:144597ae7de:-2b45','RCOND441bb08f:1436c079bff:-6f73-0021','RUL441bb08f:1436c079bff:-6fa7-0021','BASICDISCTAKEN','decimal',6),('RCONST5efee916:144597ae7de:-2c29','RCOND441bb08f:1436c079bff:-6f73-0021','RUL441bb08f:1436c079bff:-6fa7-0021','BASICINTPAID','decimal',5),('RCONST5efee916:144597ae7de:-2cff','RCOND441bb08f:1436c079bff:-6f73-0021','RUL441bb08f:1436c079bff:-6fa7-0021','BASICPAID','decimal',4),('RCONST5efee916:144597ae7de:-2f6','RCOND441bb08f:1436c079bff:-6f73-0032','RUL441bb08f:1436c079bff:-6fa7-0032','BASICPAID','decimal',4),('RCONST5efee916:144597ae7de:-2fa9','RCOND441bb08f:1436c079bff:-6f73-0020','RUL441bb08f:1436c079bff:-6fa7-0020','BASICDISCTAKEN','decimal',6),('RCONST5efee916:144597ae7de:-308d','RCOND441bb08f:1436c079bff:-6f73-0020','RUL441bb08f:1436c079bff:-6fa7-0020','BASICINTPAID','decimal',5),('RCONST5efee916:144597ae7de:-3163','RCOND441bb08f:1436c079bff:-6f73-0020','RUL441bb08f:1436c079bff:-6fa7-0020','BASICPAID','decimal',4),('RCONST5efee916:144597ae7de:-3388','RCOND441bb08f:1436c079bff:-6f73-0019','RUL441bb08f:1436c079bff:-6fa7-0019','BASICDISCTAKEN','decimal',6),('RCONST5efee916:144597ae7de:-346c','RCOND441bb08f:1436c079bff:-6f73-0019','RUL441bb08f:1436c079bff:-6fa7-0019','BASICINTPAID','decimal',5),('RCONST5efee916:144597ae7de:-3542','RCOND441bb08f:1436c079bff:-6f73-0019','RUL441bb08f:1436c079bff:-6fa7-0019','BASICPAID','decimal',4),('RCONST5efee916:144597ae7de:-3764','RCOND441bb08f:1436c079bff:-6f73-0018','RUL441bb08f:1436c079bff:-6fa7-0018','BASICDISCTAKEN','decimal',6),('RCONST5efee916:144597ae7de:-3848','RCOND441bb08f:1436c079bff:-6f73-0018','RUL441bb08f:1436c079bff:-6fa7-0018','BASICINTPAID','decimal',5),('RCONST5efee916:144597ae7de:-391e','RCOND441bb08f:1436c079bff:-6f73-0018','RUL441bb08f:1436c079bff:-6fa7-0018','BASICPAID','decimal',4),('RCONST5efee916:144597ae7de:-3b29','RCOND441bb08f:1436c079bff:-6f73-0017','RUL441bb08f:1436c079bff:-6fa7-0017','BASICDISCTAKEN','decimal',6),('RCONST5efee916:144597ae7de:-3c0d','RCOND441bb08f:1436c079bff:-6f73-0017','RUL441bb08f:1436c079bff:-6fa7-0017','BASICINTPAID','decimal',5),('RCONST5efee916:144597ae7de:-3ce3','RCOND441bb08f:1436c079bff:-6f73-0017','RUL441bb08f:1436c079bff:-6fa7-0017','BASICPAID','decimal',4),('RCONST5efee916:144597ae7de:-3f0b','RCOND441bb08f:1436c079bff:-6f73-0016','RUL441bb08f:1436c079bff:-6fa7-0016','BASICDISCTAKEN','decimal',6),('RCONST5efee916:144597ae7de:-3fef','RCOND441bb08f:1436c079bff:-6f73-0016','RUL441bb08f:1436c079bff:-6fa7-0016','BASICINTPAID','decimal',5),('RCONST5efee916:144597ae7de:-40c5','RCOND441bb08f:1436c079bff:-6f73-0016','RUL441bb08f:1436c079bff:-6fa7-0016','BASICPAID','decimal',4),('RCONST5efee916:144597ae7de:-42d0','RCOND441bb08f:1436c079bff:-6f73-0015','RUL441bb08f:1436c079bff:-6fa7-0015','BASICDISCTAKEN','decimal',6),('RCONST5efee916:144597ae7de:-43b4','RCOND441bb08f:1436c079bff:-6f73-0015','RUL441bb08f:1436c079bff:-6fa7-0015','BASICINTPAID','decimal',5),('RCONST5efee916:144597ae7de:-448b','RCOND441bb08f:1436c079bff:-6f73-0015','RUL441bb08f:1436c079bff:-6fa7-0015','BASICPAID','decimal',4),('RCONST5efee916:144597ae7de:-46a0','RCOND441bb08f:1436c079bff:-6f73-0014','RUL441bb08f:1436c079bff:-6fa7-0014','BASICDISCTAKEN','decimal',6),('RCONST5efee916:144597ae7de:-4784','RCOND441bb08f:1436c079bff:-6f73-0014','RUL441bb08f:1436c079bff:-6fa7-0014','BASICINTPAID','decimal',5),('RCONST5efee916:144597ae7de:-485a','RCOND441bb08f:1436c079bff:-6f73-0014','RUL441bb08f:1436c079bff:-6fa7-0014','BASICPAID','decimal',4),('RCONST5efee916:144597ae7de:-4a79','RCOND441bb08f:1436c079bff:-6f73-0013','RUL441bb08f:1436c079bff:-6fa7-0013','BASICDISCTAKEN','decimal',6),('RCONST5efee916:144597ae7de:-4b5d','RCOND441bb08f:1436c079bff:-6f73-0013','RUL441bb08f:1436c079bff:-6fa7-0013','BASICINTPAID','decimal',5),('RCONST5efee916:144597ae7de:-4c33','RCOND441bb08f:1436c079bff:-6f73-0013','RUL441bb08f:1436c079bff:-6fa7-0013','BASICPAID','decimal',4),('RCONST5efee916:144597ae7de:-4e4c','RCOND441bb08f:1436c079bff:-6f73-0012','RUL441bb08f:1436c079bff:-6fa7-0012','BASICDISCTAKEN','decimal',6),('RCONST5efee916:144597ae7de:-4f30','RCOND441bb08f:1436c079bff:-6f73-0012','RUL441bb08f:1436c079bff:-6fa7-0012','BASICINTPAID','decimal',5),('RCONST5efee916:144597ae7de:-5006','RCOND441bb08f:1436c079bff:-6f73-0012','RUL441bb08f:1436c079bff:-6fa7-0012','BASICPAID','decimal',4),('RCONST5efee916:144597ae7de:-503','RCOND441bb08f:1436c079bff:-6f73-0031','RUL441bb08f:1436c079bff:-6fa7-0031','BASICDISCTAKEN','decimal',6),('RCONST5efee916:144597ae7de:-5228','RCOND441bb08f:1436c079bff:-6f73-0011','RUL441bb08f:1436c079bff:-6fa7-0011','BASICDISCTAKEN','decimal',6),('RCONST5efee916:144597ae7de:-530c','RCOND441bb08f:1436c079bff:-6f73-0011','RUL441bb08f:1436c079bff:-6fa7-0011','BASICINTPAID','decimal',5),('RCONST5efee916:144597ae7de:-53e2','RCOND441bb08f:1436c079bff:-6f73-0011','RUL441bb08f:1436c079bff:-6fa7-0011','BASICPAID','decimal',4),('RCONST5efee916:144597ae7de:-56fe','RCOND441bb08f:1436c079bff:-6f73-0010','RUL441bb08f:1436c079bff:-6fa7-0010','BASICDISCTAKEN','decimal',6),('RCONST5efee916:144597ae7de:-57e2','RCOND441bb08f:1436c079bff:-6f73-0010','RUL441bb08f:1436c079bff:-6fa7-0010','BASICINTPAID','decimal',5),('RCONST5efee916:144597ae7de:-58b8','RCOND441bb08f:1436c079bff:-6f73-0010','RUL441bb08f:1436c079bff:-6fa7-0010','BASICPAID','decimal',4),('RCONST5efee916:144597ae7de:-5ac7','RCOND441bb08f:1436c079bff:-6f73-0009','RUL441bb08f:1436c079bff:-6fa7-0009','BASICDISCTAKEN','decimal',6),('RCONST5efee916:144597ae7de:-5bab','RCOND441bb08f:1436c079bff:-6f73-0009','RUL441bb08f:1436c079bff:-6fa7-0009','BASICINTPAID','decimal',5),('RCONST5efee916:144597ae7de:-5c81','RCOND441bb08f:1436c079bff:-6f73-0009','RUL441bb08f:1436c079bff:-6fa7-0009','BASICPAID','decimal',4),('RCONST5efee916:144597ae7de:-5e90','RCOND441bb08f:1436c079bff:-6f73-0008','RUL441bb08f:1436c079bff:-6fa7-0008','BASICDISCTAKEN','decimal',6),('RCONST5efee916:144597ae7de:-5ed','RCOND441bb08f:1436c079bff:-6f73-0031','RUL441bb08f:1436c079bff:-6fa7-0031','BASICINTPAID','decimal',5),('RCONST5efee916:144597ae7de:-5f74','RCOND441bb08f:1436c079bff:-6f73-0008','RUL441bb08f:1436c079bff:-6fa7-0008','BASICINTPAID','decimal',5),('RCONST5efee916:144597ae7de:-604a','RCOND441bb08f:1436c079bff:-6f73-0008','RUL441bb08f:1436c079bff:-6fa7-0008','BASICPAID','decimal',4),('RCONST5efee916:144597ae7de:-6265','RCOND441bb08f:1436c079bff:-6f73-0007','RUL441bb08f:1436c079bff:-6fa7-0007','BASICDISCTAKEN','decimal',6),('RCONST5efee916:144597ae7de:-6349','RCOND441bb08f:1436c079bff:-6f73-0007','RUL441bb08f:1436c079bff:-6fa7-0007','BASICINTPAID','decimal',5),('RCONST5efee916:144597ae7de:-641f','RCOND441bb08f:1436c079bff:-6f73-0007','RUL441bb08f:1436c079bff:-6fa7-0007','BASICPAID','decimal',4),('RCONST5efee916:144597ae7de:-662e','RCOND441bb08f:1436c079bff:-6f73-0006','RUL441bb08f:1436c079bff:-6fa7-0006','BASICDISCTAKEN','decimal',6),('RCONST5efee916:144597ae7de:-6712','RCOND441bb08f:1436c079bff:-6f73-0006','RUL441bb08f:1436c079bff:-6fa7-0006','BASICINTPAID','decimal',5),('RCONST5efee916:144597ae7de:-67e8','RCOND441bb08f:1436c079bff:-6f73-0006','RUL441bb08f:1436c079bff:-6fa7-0006','BASICPAID','decimal',4),('RCONST5efee916:144597ae7de:-6a17','RCOND441bb08f:1436c079bff:-6f73-0005','RUL441bb08f:1436c079bff:-6fa7-0005','BASICDISCTAKEN','decimal',6),('RCONST5efee916:144597ae7de:-6afb','RCOND441bb08f:1436c079bff:-6f73-0005','RUL441bb08f:1436c079bff:-6fa7-0005','BASICINTPAID','decimal',5),('RCONST5efee916:144597ae7de:-6bd1','RCOND441bb08f:1436c079bff:-6f73-0005','RUL441bb08f:1436c079bff:-6fa7-0005','BASICPAID','decimal',4),('RCONST5efee916:144597ae7de:-6c3','RCOND441bb08f:1436c079bff:-6f73-0031','RUL441bb08f:1436c079bff:-6fa7-0031','BASICPAID','decimal',4),('RCONST5efee916:144597ae7de:-6e09','RCOND441bb08f:1436c079bff:-6f73-0004','RUL441bb08f:1436c079bff:-6fa7-0004','BASICDISCTAKEN','decimal',6),('RCONST5efee916:144597ae7de:-6eed','RCOND441bb08f:1436c079bff:-6f73-0004','RUL441bb08f:1436c079bff:-6fa7-0004','BASICINTPAID','decimal',5),('RCONST5efee916:144597ae7de:-6fc3','RCOND441bb08f:1436c079bff:-6f73-0004','RUL441bb08f:1436c079bff:-6fa7-0004','BASICPAID','decimal',4),('RCONST5efee916:144597ae7de:-71d2','RCOND441bb08f:1436c079bff:-6f73-0003','RUL441bb08f:1436c079bff:-6fa7-0003','BASICDISCTAKEN','decimal',6),('RCONST5efee916:144597ae7de:-72b6','RCOND441bb08f:1436c079bff:-6f73-0003','RUL441bb08f:1436c079bff:-6fa7-0003','BASICINTPAID','decimal',5),('RCONST5efee916:144597ae7de:-738c','RCOND441bb08f:1436c079bff:-6f73-0003','RUL441bb08f:1436c079bff:-6fa7-0003','BASICPAID','decimal',4),('RCONST5efee916:144597ae7de:-75ee','RCOND441bb08f:1436c079bff:-6f73-0002','RUL441bb08f:1436c079bff:-6fa7-0002','BASICDISCTAKEN','decimal',6),('RCONST5efee916:144597ae7de:-76d2','RCOND441bb08f:1436c079bff:-6f73-0002','RUL441bb08f:1436c079bff:-6fa7-0002','BASICINTPAID','decimal',5),('RCONST5efee916:144597ae7de:-77a8','RCOND441bb08f:1436c079bff:-6f73-0002','RUL441bb08f:1436c079bff:-6fa7-0002','BASICPAID','decimal',4),('RCONST5efee916:144597ae7de:-7c05','RCOND441bb08f:1436c079bff:-6f73','RUL441bb08f:1436c079bff:-6fa7','BASICDISCTAKEN','decimal',6),('RCONST5efee916:144597ae7de:-7ce9','RCOND441bb08f:1436c079bff:-6f73','RUL441bb08f:1436c079bff:-6fa7','BASICINTPAID','decimal',5),('RCONST5efee916:144597ae7de:-7dbf','RCOND441bb08f:1436c079bff:-6f73','RUL441bb08f:1436c079bff:-6fa7','BASICPAID','decimal',4),('RCONST5efee916:144597ae7de:-91b','RCOND441bb08f:1436c079bff:-6f73-0030','RUL441bb08f:1436c079bff:-6fa7-0030','BASICDISCTAKEN','decimal',6),('RCONST5efee916:144597ae7de:-a01','RCOND441bb08f:1436c079bff:-6f73-0030','RUL441bb08f:1436c079bff:-6fa7-0030','BASICINTPAID','decimal',5),('RCONST5efee916:144597ae7de:-ad7','RCOND441bb08f:1436c079bff:-6f73-0030','RUL441bb08f:1436c079bff:-6fa7-0030','BASICPAID','decimal',4),('RCONST5efee916:144597ae7de:-d01','RCOND441bb08f:1436c079bff:-6f73-0029','RUL441bb08f:1436c079bff:-6fa7-0029','BASICDISCTAKEN','decimal',6),('RCONST5efee916:144597ae7de:-de5','RCOND441bb08f:1436c079bff:-6f73-0029','RUL441bb08f:1436c079bff:-6fa7-0029','BASICINTPAID','decimal',5),('RCONST5efee916:144597ae7de:-ebb','RCOND441bb08f:1436c079bff:-6f73-0029','RUL441bb08f:1436c079bff:-6fa7-0029','BASICPAID','decimal',4),('RCONST5efee916:144597ae7de:1013','RCOND441bb08f:1436c079bff:-6f73-0037','RUL441bb08f:1436c079bff:-6fa7-0037','BASICPAID','decimal',4),('RCONST5efee916:144597ae7de:10e9','RCOND441bb08f:1436c079bff:-6f73-0037','RUL441bb08f:1436c079bff:-6fa7-0037','BASICINTPAID','decimal',5),('RCONST5efee916:144597ae7de:11cd','RCOND441bb08f:1436c079bff:-6f73-0037','RUL441bb08f:1436c079bff:-6fa7-0037','BASICDISCTAKEN','decimal',6),('RCONST5efee916:144597ae7de:13ee','RCOND441bb08f:1436c079bff:-6f73-0038','RUL441bb08f:1436c079bff:-6fa7-0038','BASICPAID','decimal',4),('RCONST5efee916:144597ae7de:14c4','RCOND441bb08f:1436c079bff:-6f73-0038','RUL441bb08f:1436c079bff:-6fa7-0038','BASICINTPAID','decimal',5),('RCONST5efee916:144597ae7de:15a8','RCOND441bb08f:1436c079bff:-6f73-0038','RUL441bb08f:1436c079bff:-6fa7-0038','BASICDISCTAKEN','decimal',6),('RCONST5efee916:144597ae7de:181b','RCOND441bb08f:1436c079bff:-6f73-0039','RUL441bb08f:1436c079bff:-6fa7-0039','BASICPAID','decimal',4),('RCONST5efee916:144597ae7de:18f1','RCOND441bb08f:1436c079bff:-6f73-0039','RUL441bb08f:1436c079bff:-6fa7-0039','BASICINTPAID','decimal',5),('RCONST5efee916:144597ae7de:19d5','RCOND441bb08f:1436c079bff:-6f73-0039','RUL441bb08f:1436c079bff:-6fa7-0039','BASICDISCTAKEN','decimal',6),('RCONST5efee916:144597ae7de:1a5','RCOND441bb08f:1436c079bff:-6f73-0033','RUL441bb08f:1436c079bff:-6fa7-0033','BASICINTPAID','decimal',5),('RCONST5efee916:144597ae7de:1bdf','RCOND441bb08f:1436c079bff:-6f73-0040','RUL441bb08f:1436c079bff:-6fa7-0040','BASICPAID','decimal',4),('RCONST5efee916:144597ae7de:1cb5','RCOND441bb08f:1436c079bff:-6f73-0040','RUL441bb08f:1436c079bff:-6fa7-0040','BASICINTPAID','decimal',5),('RCONST5efee916:144597ae7de:1d99','RCOND441bb08f:1436c079bff:-6f73-0040','RUL441bb08f:1436c079bff:-6fa7-0040','BASICDISCTAKEN','decimal',6),('RCONST5efee916:144597ae7de:200c','RCOND441bb08f:1436c079bff:-6f73-0041','RUL441bb08f:1436c079bff:-6fa7-0041','BASICPAID','decimal',4),('RCONST5efee916:144597ae7de:20e2','RCOND441bb08f:1436c079bff:-6f73-0041','RUL441bb08f:1436c079bff:-6fa7-0041','BASICINTPAID','decimal',5),('RCONST5efee916:144597ae7de:21c6','RCOND441bb08f:1436c079bff:-6f73-0041','RUL441bb08f:1436c079bff:-6fa7-0041','BASICDISCTAKEN','decimal',6),('RCONST5efee916:144597ae7de:23db','RCOND441bb08f:1436c079bff:-6f73-0042','RUL441bb08f:1436c079bff:-6fa7-0042','BASICPAID','decimal',4),('RCONST5efee916:144597ae7de:24b1','RCOND441bb08f:1436c079bff:-6f73-0042','RUL441bb08f:1436c079bff:-6fa7-0042','BASICINTPAID','decimal',5),('RCONST5efee916:144597ae7de:2597','RCOND441bb08f:1436c079bff:-6f73-0042','RUL441bb08f:1436c079bff:-6fa7-0042','BASICDISCTAKEN','decimal',6),('RCONST5efee916:144597ae7de:27ac','RCOND441bb08f:1436c079bff:-6f73-0043','RUL441bb08f:1436c079bff:-6fa7-0043','BASICPAID','decimal',4),('RCONST5efee916:144597ae7de:2882','RCOND441bb08f:1436c079bff:-6f73-0043','RUL441bb08f:1436c079bff:-6fa7-0043','BASICINTPAID','decimal',5),('RCONST5efee916:144597ae7de:289','RCOND441bb08f:1436c079bff:-6f73-0033','RUL441bb08f:1436c079bff:-6fa7-0033','BASICDISCTAKEN','decimal',6),('RCONST5efee916:144597ae7de:2966','RCOND441bb08f:1436c079bff:-6f73-0043','RUL441bb08f:1436c079bff:-6fa7-0043','BASICDISCTAKEN','decimal',6),('RCONST5efee916:144597ae7de:2b71','RCOND441bb08f:1436c079bff:-6f73-0044','RUL441bb08f:1436c079bff:-6fa7-0044','BASICPAID','decimal',4),('RCONST5efee916:144597ae7de:2c47','RCOND441bb08f:1436c079bff:-6f73-0044','RUL441bb08f:1436c079bff:-6fa7-0044','BASICINTPAID','decimal',5),('RCONST5efee916:144597ae7de:2d2b','RCOND441bb08f:1436c079bff:-6f73-0044','RUL441bb08f:1436c079bff:-6fa7-0044','BASICDISCTAKEN','decimal',6),('RCONST5efee916:144597ae7de:327b','RCOND441bb08f:1436c079bff:-7529','RUL441bb08f:1436c079bff:-755d','BASICPAID','decimal',5),('RCONST5efee916:144597ae7de:3364','RCOND441bb08f:1436c079bff:-7529','RUL441bb08f:1436c079bff:-755d','BASICINTPAID','decimal',6),('RCONST5efee916:144597ae7de:3467','RCOND441bb08f:1436c079bff:-7529','RUL441bb08f:1436c079bff:-755d','BASICDISCTAKEN','decimal',7),('RCONST5efee916:144597ae7de:3c01','RCOND441bb08f:1436c079bff:-6f73-0035','RUL441bb08f:1436c079bff:-6fa7-0035','BASICDISCTAKEN','decimal',6),('RCONST5efee916:144597ae7de:494','RCOND441bb08f:1436c079bff:-6f73-0034','RUL441bb08f:1436c079bff:-6fa7-0034','BASICPAID','decimal',4),('RCONST5efee916:144597ae7de:56a','RCOND441bb08f:1436c079bff:-6f73-0034','RUL441bb08f:1436c079bff:-6fa7-0034','BASICINTPAID','decimal',5),('RCONST5efee916:144597ae7de:64e','RCOND441bb08f:1436c079bff:-6f73-0034','RUL441bb08f:1436c079bff:-6fa7-0034','BASICDISCTAKEN','decimal',6),('RCONST5efee916:144597ae7de:859','RCOND441bb08f:1436c079bff:-6f73-0035','RUL441bb08f:1436c079bff:-6fa7-0035','BASICPAID','decimal',4),('RCONST5efee916:144597ae7de:92f','RCOND441bb08f:1436c079bff:-6f73-0035','RUL441bb08f:1436c079bff:-6fa7-0035','BASICINTPAID','decimal',5),('RCONST5efee916:144597ae7de:c25','RCOND441bb08f:1436c079bff:-6f73-0036','RUL441bb08f:1436c079bff:-6fa7-0036','BASICPAID','decimal',4),('RCONST5efee916:144597ae7de:cf','RCOND441bb08f:1436c079bff:-6f73-0033','RUL441bb08f:1436c079bff:-6fa7-0033','BASICPAID','decimal',4),('RCONST5efee916:144597ae7de:cfb','RCOND441bb08f:1436c079bff:-6f73-0036','RUL441bb08f:1436c079bff:-6fa7-0036','BASICINTPAID','decimal',5),('RCONST5efee916:144597ae7de:ddf','RCOND441bb08f:1436c079bff:-6f73-0036','RUL441bb08f:1436c079bff:-6fa7-0036','BASICDISCTAKEN','decimal',6),('RCONSTaa4e683:143e6f7bbf2:-677c','RCONDaa4e683:143e6f7bbf2:-693d','RULaa4e683:143e6f7bbf2:-69f4','SEF','decimal',2),('RCONSTaa4e683:143e6f7bbf2:-6836','RCONDaa4e683:143e6f7bbf2:-693d','RULaa4e683:143e6f7bbf2:-69f4','BASIC','decimal',1),('RCONSTaa4e683:143e6f7bbf2:-699f','RCONDaa4e683:143e6f7bbf2:-69b5','RULaa4e683:143e6f7bbf2:-69f4','CY','integer',0);
/*!40000 ALTER TABLE `sys_rule_condition_var` ENABLE KEYS */;
UNLOCK TABLES;

--
-- Dumping data for table `sys_rule_deployed`
--

LOCK TABLES `sys_rule_deployed` WRITE;
/*!40000 ALTER TABLE `sys_rule_deployed` DISABLE KEYS */;
/*!40000 ALTER TABLE `sys_rule_deployed` ENABLE KEYS */;
UNLOCK TABLES;

--
-- Dumping data for table `sys_rule_fact`
--

LOCK TABLES `sys_rule_fact` WRITE;
/*!40000 ALTER TABLE `sys_rule_fact` DISABLE KEYS */;
INSERT INTO `sys_rule_fact` VALUES ('RULFACT-1f3e2b64:14230dd8f62:-7dd8','othercharge','Other Charge Bill Item','bpls.facts.BillItem',8,NULL,'OC',NULL,NULL,NULL,NULL,NULL,NULL,'type == \"OTHERCHARGE\"'),('RULFACT-1f3e2b64:14230dd8f62:-7e29','regfee','Regulatory Fee Bill Item','bpls.facts.BillItem',7,NULL,'RF',NULL,NULL,NULL,NULL,NULL,NULL,'type == \"REGFEE\"'),('RULFACT-1f3e2b64:14230dd8f62:-7eb6','businesstax','Business Tax Bill Item','bpls.facts.BillItem',6,NULL,'BT',NULL,NULL,NULL,NULL,NULL,NULL,'type == \"TAX\"'),('RULFACT-26aa09fd:1419696e71f:-7feb','bpapplication','BPApplication','bpls.facts.BPApplication',2,NULL,NULL,NULL,NULL,NULL,NULL,NULL,NULL,NULL),('RULFACT-46f22f55:14231734d86:-7eca','BillDate','Bill Date','bpls.facts.BillDate',1,NULL,NULL,NULL,NULL,NULL,NULL,NULL,NULL,NULL),('RULFACT-76732870:14196dc4027:-7f87','lob','Line of Business','bpls.facts.LOB',3,NULL,'LOB',NULL,NULL,NULL,NULL,NULL,NULL,NULL),('RULFACT-7ea493a4:14237a0191b:-7fb7','payment','Payment','bpls.facts.Payment',0,NULL,NULL,NULL,NULL,NULL,NULL,NULL,NULL,NULL),('RULFACT-bad19b4:141f3c18435:-7fa9','businessinfo','Business Info','bpls.facts.BusinessInfo',4,NULL,NULL,1,'businessvariable:lookup','objid','name','datatype','name',NULL),('RULFACT-fd57605:142324ab5d2:-7f33','qtrdate','Qtr Date','bpls.facts.QtrDeadline',0,NULL,NULL,NULL,NULL,NULL,NULL,NULL,NULL,NULL),('RULFACT17d6e7ce:141df4b60c2:-7c21','assessedvalue','Assessed Value Data','AssessedValueFact',0,NULL,NULL,NULL,NULL,NULL,NULL,NULL,NULL,NULL),('RULFACT17d6e7ce:141df4b60c2:-7fd3','rptledger','Realty Tax Ledger','RPTLedgerFact',0,NULL,NULL,NULL,NULL,NULL,NULL,NULL,NULL,NULL),('RULFACT20ce1acc:141e456ed68:-7f43','CurrentDate','Current Date','CurrentDate',1,NULL,NULL,NULL,NULL,NULL,NULL,NULL,NULL,NULL),('RULFACT2e8bac67:1422b41d3b3:-7f64','CurrentDate','Current Date','CurrentDate',0,NULL,NULL,NULL,NULL,NULL,NULL,NULL,NULL,NULL),('RULFACT3a2b180:142b73535d5:-7fb1','LateRenewal','Late Renewal','bpls.facts.LateRenewal',20,NULL,'LateRenewal',NULL,NULL,NULL,NULL,NULL,NULL,NULL),('RULFACT49ae4bad:141e3b6758c:-7ba3','currentdate','Current Date','CurrentDate',0,NULL,NULL,NULL,NULL,NULL,NULL,NULL,NULL,NULL),('RULFACT4a03cdfb:141f9a6dc3c:-784a','sysvariable','Sys Variable','bpls.facts.SysVariable',10,NULL,NULL,1,'bpassessment_sysvar:lookup','name','name','datatype','name',NULL),('RULFACT4ca00100:141fe894560:-7d8e','othercharge','Other Charge Account','bpls.facts.TaxFeeAccount',7,NULL,'OC',NULL,NULL,NULL,NULL,NULL,NULL,'type==\"OTHERCHARGE\"'),('RULFACT4ca00100:141fe894560:-7e3f','regfee','Regulatory Fee Account','bpls.facts.TaxFeeAccount',6,NULL,'RF',NULL,NULL,NULL,NULL,NULL,NULL,'type == \"REGFEE\"'),('RULFACT64302071:14232ed987c:-7f4e','payoption','Pay Option','bpls.facts.PayOption',0,NULL,NULL,NULL,NULL,NULL,NULL,NULL,NULL,NULL),('RULFACT682fd2e6:145de99014c:-7f3e','BusinessLocation','Business Location','bpls.facts.BusinessLocation',0,NULL,NULL,NULL,NULL,NULL,NULL,NULL,NULL,NULL),('RULFACT6d66cc31:1446cc9522e:-7ee1','RPTTxnInfoFact','RPTTxnInfoFact','RPTTxnInfoFact',0,NULL,NULL,NULL,NULL,NULL,NULL,NULL,NULL,NULL),('RULFACT72bb01b1:141b1fdca80:-7f86','businesstax','Business Tax Account','bpls.facts.TaxFeeAccount',5,NULL,'BT',NULL,NULL,NULL,NULL,NULL,NULL,'type == \"TAX\"'),('RULFACT7ee0ab5e:141b6a15885:-7ff1','Ledger','Business Ledger','BPLedger',1,NULL,NULL,NULL,NULL,NULL,NULL,NULL,NULL,NULL);
/*!40000 ALTER TABLE `sys_rule_fact` ENABLE KEYS */;
UNLOCK TABLES;

--
-- Dumping data for table `sys_rule_fact_field`
--

LOCK TABLES `sys_rule_fact_field` WRITE;
/*!40000 ALTER TABLE `sys_rule_fact_field` DISABLE KEYS */;
INSERT INTO `sys_rule_fact_field` VALUES ('FACTFLD-10f80dab:141dfb3f0a6:-7e8c','RULFACT17d6e7ce:141df4b60c2:-7fd3','backtax','Is Back Tax?',NULL,12,'boolean',NULL,NULL,NULL,NULL,NULL,NULL,NULL,NULL),('FACTFLD-10f80dab:141dfb3f0a6:-7e93','RULFACT17d6e7ce:141df4b60c2:-7fd3','qtrlypaymentpaidontime','Is Quarterly Installment Paid On-Time?',NULL,16,'boolean',NULL,NULL,NULL,NULL,NULL,NULL,NULL,NULL),('FACTFLD-10f80dab:141dfb3f0a6:-7e9a','RULFACT17d6e7ce:141df4b60c2:-7fd3','qtrlypaymentavailed','Is Quarterly Payment Availed?',NULL,15,'boolean',NULL,NULL,NULL,NULL,NULL,NULL,NULL,NULL),('FACTFLD-10f80dab:141dfb3f0a6:-7ea1','RULFACT17d6e7ce:141df4b60c2:-7fd3','firstqtrpaidontime','1st Qtr Paid On-Time?',NULL,17,'boolean',NULL,NULL,NULL,NULL,NULL,NULL,NULL,NULL),('FACTFLD-1f3e2b64:14230dd8f62:-7da5','RULFACT-1f3e2b64:14230dd8f62:-7dd8','expired','Expired','boolean',3,'boolean',NULL,NULL,NULL,NULL,NULL,NULL,'boolean',NULL),('FACTFLD-1f3e2b64:14230dd8f62:-7db6','RULFACT-1f3e2b64:14230dd8f62:-7dd8','amtdue','Amount Due','decimal',2,'decimal',NULL,NULL,NULL,NULL,NULL,NULL,'decimal',NULL),('FACTFLD-1f3e2b64:14230dd8f62:-7dc7','RULFACT-1f3e2b64:14230dd8f62:-7dd8','acctid','Account','string',1,'lookup','revenueitem:lookup','objid','title',NULL,NULL,NULL,'string',NULL),('FACTFLD-1f3e2b64:14230dd8f62:-7dfe','RULFACT-1f3e2b64:14230dd8f62:-7e29','expired','Expired','boolean',3,'boolean',NULL,NULL,NULL,NULL,NULL,NULL,'boolean',NULL),('FACTFLD-1f3e2b64:14230dd8f62:-7e07','RULFACT-1f3e2b64:14230dd8f62:-7e29','amtdue','Amount Due','decimal',2,'decimal',NULL,NULL,NULL,NULL,NULL,NULL,'decimal',NULL),('FACTFLD-1f3e2b64:14230dd8f62:-7e18','RULFACT-1f3e2b64:14230dd8f62:-7e29','acctid','Account','string',1,'lookup','revenueitem:lookup','objid','title',NULL,NULL,NULL,'string',NULL),('FACTFLD-1f3e2b64:14230dd8f62:-7e8b','RULFACT-1f3e2b64:14230dd8f62:-7eb6','expired','Expired','boolean',3,'boolean',NULL,NULL,NULL,NULL,NULL,NULL,'boolean',NULL),('FACTFLD-1f3e2b64:14230dd8f62:-7e94','RULFACT-1f3e2b64:14230dd8f62:-7eb6','amtdue','Amount Due','decimal',2,'decimal',NULL,NULL,NULL,NULL,NULL,NULL,'decimal',NULL),('FACTFLD-1f3e2b64:14230dd8f62:-7ea5','RULFACT-1f3e2b64:14230dd8f62:-7eb6','acctid','Account','string',1,'lookup','revenueitem:lookup','objid','title',NULL,NULL,NULL,'string',NULL),('FACTFLD-234b5263:142c77537de:-7af4','RULFACT-1f3e2b64:14230dd8f62:-7dd8','lob','Line of Business','string',6,'var',NULL,NULL,NULL,NULL,NULL,NULL,'bpls.facts.LOB',NULL),('FACTFLD-234b5263:142c77537de:-7b3b','RULFACT-1f3e2b64:14230dd8f62:-7e29','lob','Line of Business','string',6,'var',NULL,NULL,NULL,NULL,NULL,NULL,'bpls.facts.LOB',NULL),('FACTFLD-234b5263:142c77537de:-7c17','RULFACT-1f3e2b64:14230dd8f62:-7eb6','lob','Line of Business','string',7,'var',NULL,NULL,NULL,NULL,NULL,NULL,'bpls.facts.LOB',NULL),('FACTFLD-26aa09fd:1419696e71f:-7fe4','RULFACT-26aa09fd:1419696e71f:-7feb','apptype','App Type','BUSINESS_APP_TYPES',1,'lov',NULL,NULL,NULL,NULL,NULL,NULL,NULL,'BUSINESS_APP_TYPES'),('FACTFLD-42025b26:14237a79c92:-7f53','RULFACT-46f22f55:14231734d86:-7eca','date','Date','date',4,'date',NULL,NULL,NULL,NULL,NULL,NULL,'date',NULL),('FACTFLD-435133e2:142c7ca3c49:-7a9f','RULFACT-fd57605:142324ab5d2:-7f33','deadline','Deadline date','date',5,'date',NULL,NULL,NULL,NULL,NULL,NULL,'date',NULL),('FACTFLD-435133e2:142c7ca3c49:-7abe','RULFACT-fd57605:142324ab5d2:-7f33','beginQtrDate','Begin date of Qtr','date',4,'date',NULL,NULL,NULL,NULL,NULL,NULL,'date',NULL),('FACTFLD-45a06f70:141e85fbfd5:-7f6f','RULFACT-76732870:14196dc4027:-7f87','assessmenttype','Assessment Type',NULL,4,'lov',NULL,NULL,NULL,NULL,NULL,NULL,NULL,'LOB_ASSESSMENT_TYPES'),('FACTFLD-46f22f55:14231734d86:-7ea7','RULFACT-46f22f55:14231734d86:-7eca','day','Day','integer',3,'integer',NULL,NULL,NULL,NULL,NULL,NULL,'integer',NULL),('FACTFLD-46f22f55:14231734d86:-7eb0','RULFACT-46f22f55:14231734d86:-7eca','year','Year','integer',2,'integer',NULL,NULL,NULL,NULL,NULL,NULL,'integer',NULL),('FACTFLD-46f22f55:14231734d86:-7eb9','RULFACT-46f22f55:14231734d86:-7eca','month','Month','integer',1,'integer',NULL,NULL,NULL,NULL,NULL,NULL,'integer',NULL),('FACTFLD-5c8064e4:143fb646ea9:-7ec0','RULFACT-1f3e2b64:14230dd8f62:-7e29','surcharge','Surcharge','decimal',7,'decimal',NULL,NULL,NULL,NULL,NULL,NULL,'decimal',NULL),('FACTFLD-62a762db:14201d65080:-7250','RULFACT-26aa09fd:1419696e71f:-7feb','appqtr','App Qtr','integer',8,'integer',NULL,NULL,NULL,NULL,NULL,NULL,'integer',NULL),('FACTFLD-62a762db:14201d65080:-72d8','RULFACT-26aa09fd:1419696e71f:-7feb','appdate','App date','integer',7,'integer',NULL,NULL,NULL,NULL,NULL,NULL,'integer',NULL),('FACTFLD-62a762db:14201d65080:-72e9','RULFACT-26aa09fd:1419696e71f:-7feb','appmonth','App. Month','integer',6,'integer',NULL,NULL,NULL,NULL,NULL,NULL,'integer',NULL),('FACTFLD-62a762db:14201d65080:-72f2','RULFACT-26aa09fd:1419696e71f:-7feb','appyear','Application Year','integer',5,'integer',NULL,NULL,NULL,NULL,NULL,NULL,'integer',NULL),('FACTFLD-62a762db:14201d65080:-7303','RULFACT-26aa09fd:1419696e71f:-7feb','yearstarted','Year Applied','integer',4,'integer',NULL,NULL,NULL,NULL,NULL,NULL,'integer',NULL),('FACTFLD-73089baf:141f3d279b0:-7f78','RULFACT-bad19b4:141f3c18435:-7fa9','lob','Line of Business',NULL,1,'var',NULL,NULL,NULL,NULL,NULL,1,'bpls.facts.LOB',NULL),('FACTFLD-76732870:14196dc4027:-7f25','RULFACT-76732870:14196dc4027:-7f87','classification','Classification','string',1,'lookup','lobclassification:lookup','objid','name',NULL,NULL,NULL,NULL,NULL),('FACTFLD-76732870:14196dc4027:-7f80','RULFACT-76732870:14196dc4027:-7f87','lobid','Name','string',2,'lookup','lob:lookup','objid','name',NULL,NULL,NULL,NULL,NULL),('FACTFLD-7c5c4c8f:141e84ee23e:-7f45','RULFACT-26aa09fd:1419696e71f:-7feb','orgtype','Org. Type',NULL,2,'lov',NULL,NULL,NULL,NULL,NULL,NULL,NULL,'ORG_TYPES'),('FACTFLD-7dcd2cc0:1419c36c939:-7f7f','RULFACT-76732870:14196dc4027:-7f87','attributes','Attributes',NULL,3,'lookup','lobattribute:lookup','name','name',NULL,1,NULL,NULL,NULL),('FACTFLD-7ea493a4:14237a0191b:-7f9d','RULFACT-7ea493a4:14237a0191b:-7fb7','amtpaid','Amount Paid','decimal',2,'decimal',NULL,NULL,NULL,NULL,NULL,NULL,'decimal',NULL),('FACTFLD-7ea493a4:14237a0191b:-7fa6','RULFACT-7ea493a4:14237a0191b:-7fb7','pmtdate','Payment Date','date',1,'date',NULL,NULL,NULL,NULL,NULL,NULL,'date',NULL),('FACTFLD-fd57605:142324ab5d2:-78ff','RULFACT-1f3e2b64:14230dd8f62:-7eb6','surcharge','Surcharge','decimal',5,'decimal',NULL,NULL,NULL,NULL,NULL,NULL,'decimal',NULL),('FACTFLD-fd57605:142324ab5d2:-7e3f','RULFACT-1f3e2b64:14230dd8f62:-7dd8','qtr','Qtr','integer',4,'integer',NULL,NULL,NULL,NULL,NULL,NULL,'integer',NULL),('FACTFLD-fd57605:142324ab5d2:-7e7b','RULFACT-1f3e2b64:14230dd8f62:-7e29','qtr','Qtr','integer',4,'integer',NULL,NULL,NULL,NULL,NULL,NULL,'integer',NULL),('FACTFLD-fd57605:142324ab5d2:-7eaf','RULFACT-1f3e2b64:14230dd8f62:-7eb6','qtr','Qtr','integer',4,'integer',NULL,NULL,NULL,NULL,NULL,NULL,'integer',NULL),('FACTFLD-fd57605:142324ab5d2:-7f08','RULFACT-fd57605:142324ab5d2:-7f33','qtr','Qtr','integer',3,'integer',NULL,NULL,NULL,NULL,NULL,NULL,'integer',NULL),('FACTFLD-fd57605:142324ab5d2:-7f19','RULFACT-fd57605:142324ab5d2:-7f33','year','Year','integer',2,'integer',NULL,NULL,NULL,NULL,NULL,NULL,'integer',NULL),('FACTFLD-fd57605:142324ab5d2:-7f22','RULFACT-fd57605:142324ab5d2:-7f33','month','Month','integer',1,'integer',NULL,NULL,NULL,NULL,NULL,NULL,'integer',NULL),('FACTFLD17d6e7ce:141df4b60c2:-7c0c','RULFACT17d6e7ce:141df4b60c2:-7c21','assessedvalue','Assessed Value','decimal',2,'decimal',NULL,NULL,NULL,NULL,NULL,NULL,'decimal',NULL),('FACTFLD17d6e7ce:141df4b60c2:-7c13','RULFACT17d6e7ce:141df4b60c2:-7c21','year','Year','integer',1,'integer',NULL,NULL,NULL,NULL,NULL,NULL,'integer',NULL),('FACTFLD17d6e7ce:141df4b60c2:-7c4a','RULFACT17d6e7ce:141df4b60c2:-7fd3','originalav','Original Assessed Value','decimal',29,'decimal',NULL,NULL,NULL,NULL,NULL,NULL,'decimal',NULL),('FACTFLD17d6e7ce:141df4b60c2:-7c51','RULFACT17d6e7ce:141df4b60c2:-7fd3','firecode','Fire Code','decimal',28,'decimal',NULL,NULL,NULL,NULL,NULL,NULL,'decimal',NULL),('FACTFLD17d6e7ce:141df4b60c2:-7c58','RULFACT17d6e7ce:141df4b60c2:-7fd3','sefintamnesty','SEF Interest Amnesty','decimal',27,'decimal',NULL,NULL,NULL,NULL,NULL,NULL,'decimal',NULL),('FACTFLD17d6e7ce:141df4b60c2:-7c5f','RULFACT17d6e7ce:141df4b60c2:-7fd3','sefamnesty','SEF Amnesty','decimal',26,'decimal',NULL,NULL,NULL,NULL,NULL,NULL,'decimal',NULL),('FACTFLD17d6e7ce:141df4b60c2:-7c71','RULFACT17d6e7ce:141df4b60c2:-7fd3','sefdisc','SEF Discount','decimal',24,'decimal',NULL,NULL,NULL,NULL,NULL,NULL,'decimal',NULL),('FACTFLD17d6e7ce:141df4b60c2:-7c78','RULFACT17d6e7ce:141df4b60c2:-7fd3','sefint','SEF Interest','decimal',25,'decimal',NULL,NULL,NULL,NULL,NULL,NULL,'decimal',NULL),('FACTFLD17d6e7ce:141df4b60c2:-7c7f','RULFACT17d6e7ce:141df4b60c2:-7fd3','sef','SEF','decimal',23,'decimal',NULL,NULL,NULL,NULL,NULL,NULL,'decimal',NULL),('FACTFLD17d6e7ce:141df4b60c2:-7c86','RULFACT17d6e7ce:141df4b60c2:-7fd3','basicintamnesty','Basic Interest Amnesty','decimal',22,'decimal',NULL,NULL,NULL,NULL,NULL,NULL,'decimal',NULL),('FACTFLD17d6e7ce:141df4b60c2:-7c8d','RULFACT17d6e7ce:141df4b60c2:-7fd3','basicamnesty','Basic Amnesty','decimal',21,'decimal',NULL,NULL,NULL,NULL,NULL,NULL,'decimal',NULL),('FACTFLD17d6e7ce:141df4b60c2:-7c94','RULFACT17d6e7ce:141df4b60c2:-7fd3','basicdisc','Basic Discount','decimal',19,'decimal',NULL,NULL,NULL,NULL,NULL,NULL,'decimal',NULL),('FACTFLD17d6e7ce:141df4b60c2:-7c9b','RULFACT17d6e7ce:141df4b60c2:-7fd3','basicint','Basic Interest','decimal',20,'decimal',NULL,NULL,NULL,NULL,NULL,NULL,'decimal',NULL),('FACTFLD17d6e7ce:141df4b60c2:-7ca2','RULFACT17d6e7ce:141df4b60c2:-7fd3','basic','Basic','decimal',18,'decimal',NULL,NULL,NULL,NULL,NULL,NULL,'decimal',NULL),('FACTFLD17d6e7ce:141df4b60c2:-7ca9','RULFACT17d6e7ce:141df4b60c2:-7fd3','numberofmonthsfromjan','No. of Months from January','integer',5,'integer',NULL,NULL,NULL,NULL,NULL,NULL,'integer',NULL),('FACTFLD17d6e7ce:141df4b60c2:-7cb0','RULFACT17d6e7ce:141df4b60c2:-7fd3','numberofmonthsfromqtr','No. of Months from Quarter','integer',6,'integer',NULL,NULL,NULL,NULL,NULL,NULL,'integer',NULL),('FACTFLD17d6e7ce:141df4b60c2:-7cbf','RULFACT17d6e7ce:141df4b60c2:-7fd3','actualuse','Actual Use','string',9,'string','propertyclassification:lookup','objid','name',NULL,NULL,NULL,NULL,NULL),('FACTFLD17d6e7ce:141df4b60c2:-7ce0','RULFACT17d6e7ce:141df4b60c2:-7fd3','classification','Classification',NULL,8,'lookup','propertyclassification:lookup','objid','name',NULL,0,NULL,NULL,NULL),('FACTFLD17d6e7ce:141df4b60c2:-7ce7','RULFACT17d6e7ce:141df4b60c2:-7fd3','rputype','Property Type',NULL,10,'lov','rputype:lookup','objid','objid',NULL,NULL,NULL,NULL,'RPT_RPUTYPES'),('FACTFLD17d6e7ce:141df4b60c2:-7cee','RULFACT17d6e7ce:141df4b60c2:-7fd3','txntype','Txn Type','string',11,'string','txntype:lookup','objid','objid',NULL,NULL,NULL,NULL,NULL),('FACTFLD17d6e7ce:141df4b60c2:-7cf5','RULFACT17d6e7ce:141df4b60c2:-7fd3','av','Assessed Value','decimal',4,'decimal',NULL,NULL,NULL,NULL,NULL,NULL,'decimal',NULL),('FACTFLD17d6e7ce:141df4b60c2:-7cfc','RULFACT17d6e7ce:141df4b60c2:-7fd3','qtr','Qtr','integer',3,'integer',NULL,NULL,NULL,NULL,NULL,NULL,'integer',NULL),('FACTFLD17d6e7ce:141df4b60c2:-7d03','RULFACT17d6e7ce:141df4b60c2:-7fd3','year','Year','integer',2,'integer',NULL,NULL,NULL,NULL,NULL,NULL,'integer',NULL),('FACTFLD184d0b9f:142789765e5:-7da5','RULFACT-1f3e2b64:14230dd8f62:-7dd8','deadline','Deadline Date','date',5,'date',NULL,NULL,NULL,NULL,NULL,NULL,'date',NULL),('FACTFLD184d0b9f:142789765e5:-7de2','RULFACT-1f3e2b64:14230dd8f62:-7e29','deadline','Deadline Date','date',5,'date',NULL,NULL,NULL,NULL,NULL,NULL,'date',NULL),('FACTFLD184d0b9f:142789765e5:-7e5f','RULFACT-1f3e2b64:14230dd8f62:-7eb6','deadline','Deadline Date','date',6,'date',NULL,NULL,NULL,NULL,NULL,NULL,'date',NULL),('FACTFLD20ce1acc:141e456ed68:-7f35','RULFACT20ce1acc:141e456ed68:-7f43','month','Month','integer',2,'integer',NULL,NULL,NULL,NULL,NULL,NULL,'integer',NULL),('FACTFLD20ce1acc:141e456ed68:-7f3c','RULFACT20ce1acc:141e456ed68:-7f43','qtr','Qtr','integer',1,'integer',NULL,NULL,NULL,NULL,NULL,NULL,'integer',NULL),('FACTFLD2701c487:141e346f838:-7f17','RULFACT17d6e7ce:141df4b60c2:-7fd3','rptledgerid','LedgerID','string',1,'string',NULL,NULL,NULL,NULL,NULL,NULL,'string',NULL),('FACTFLD2701c487:141e346f838:-7f2e','RULFACT17d6e7ce:141df4b60c2:-7c21','rptledgerid','LedgerID','string',3,'string',NULL,NULL,NULL,NULL,NULL,NULL,'string',NULL),('FACTFLD2701c487:141e346f838:-7f8e','RULFACT17d6e7ce:141df4b60c2:-7fd3','advancepayment','Is Advance Payment?',NULL,14,'boolean',NULL,NULL,NULL,NULL,NULL,NULL,NULL,NULL),('FACTFLD2701c487:141e346f838:-7f95','RULFACT17d6e7ce:141df4b60c2:-7fd3','fullpayment','Is Full Payment?',NULL,13,'boolean',NULL,NULL,NULL,NULL,NULL,NULL,NULL,NULL),('FACTFLD270217d9:143576614a1:-7f94','RULFACT17d6e7ce:141df4b60c2:-7fd3','reclassed','Reclassed?','boolean',30,'boolean',NULL,NULL,NULL,NULL,NULL,NULL,'boolean',NULL),('FACTFLD2713811e:141f3ed1502:-7ed5','RULFACT-bad19b4:141f3c18435:-7fa9','stringvalue','Value','string',5,'string',NULL,NULL,NULL,NULL,NULL,NULL,'string',NULL),('FACTFLD2713811e:141f3ed1502:-7ede','RULFACT-bad19b4:141f3c18435:-7fa9','booleanvalue','Value','boolean',4,'boolean',NULL,NULL,NULL,NULL,NULL,NULL,'boolean',NULL),('FACTFLD2713811e:141f3ed1502:-7ee7','RULFACT-bad19b4:141f3c18435:-7fa9','intvalue','Value','integer',3,'integer',NULL,NULL,NULL,NULL,NULL,NULL,'integer',NULL),('FACTFLD2713811e:141f3ed1502:-7ef0','RULFACT-bad19b4:141f3c18435:-7fa9','decimalvalue','Value','decimal',2,'decimal',NULL,NULL,NULL,NULL,NULL,NULL,'decimal',NULL),('FACTFLD2e8bac67:1422b41d3b3:-7f30','RULFACT2e8bac67:1422b41d3b3:-7f64','month','Month','integer',3,'integer',NULL,NULL,NULL,NULL,NULL,NULL,'integer',NULL),('FACTFLD2e8bac67:1422b41d3b3:-7f4a','RULFACT2e8bac67:1422b41d3b3:-7f64','year','Year','integer',2,'integer',NULL,NULL,NULL,NULL,NULL,NULL,'integer',NULL),('FACTFLD2e8bac67:1422b41d3b3:-7f53','RULFACT2e8bac67:1422b41d3b3:-7f64','qtr','Qtr','integer',1,'integer',NULL,NULL,NULL,NULL,NULL,NULL,'integer',NULL),('FACTFLD3a2b180:142b73535d5:-7f95','RULFACT3a2b180:142b73535d5:-7fb1','year','Year','integer',1,'integer',NULL,NULL,NULL,NULL,NULL,NULL,'integer',NULL),('FACTFLD441bb08f:1436c079bff:-7f49','RULFACT17d6e7ce:141df4b60c2:-7fd3','barangayid','Barangay','string',7,'lookup','barangay:lookup','objid','name',NULL,NULL,NULL,'string',NULL),('FACTFLD441bb08f:1436c079bff:-7f52','RULFACT17d6e7ce:141df4b60c2:-7fd3','provintshare','Province Interest Share','decimal',36,'decimal',NULL,NULL,NULL,NULL,NULL,NULL,'decimal',NULL),('FACTFLD441bb08f:1436c079bff:-7f5b','RULFACT17d6e7ce:141df4b60c2:-7fd3','provshare','Province Share','decimal',35,'decimal',NULL,NULL,NULL,NULL,NULL,NULL,'decimal',NULL),('FACTFLD441bb08f:1436c079bff:-7f64','RULFACT17d6e7ce:141df4b60c2:-7fd3','brgyintshare','Barangay Interest Share','decimal',34,'decimal',NULL,NULL,NULL,NULL,NULL,NULL,'decimal',NULL),('FACTFLD441bb08f:1436c079bff:-7f6d','RULFACT17d6e7ce:141df4b60c2:-7fd3','brgyshare','Barangay Share','decimal',33,'decimal',NULL,NULL,NULL,NULL,NULL,NULL,'decimal',NULL),('FACTFLD441bb08f:1436c079bff:-7f76','RULFACT17d6e7ce:141df4b60c2:-7fd3','lguintshare','LGU Interest Share','decimal',32,'decimal',NULL,NULL,NULL,NULL,NULL,NULL,'decimal',NULL),('FACTFLD441bb08f:1436c079bff:-7f7f','RULFACT17d6e7ce:141df4b60c2:-7fd3','lgushare','LGU Share','decimal',31,'decimal',NULL,NULL,NULL,NULL,NULL,NULL,'decimal',NULL),('FACTFLD441bb08f:1436c079bff:-7fc1','RULFACT17d6e7ce:141df4b60c2:-7c21','qtrlyav','Quarterly Assessed Value','decimal',4,'decimal',NULL,NULL,NULL,NULL,NULL,NULL,'decimal',NULL),('FACTFLD49ae4bad:141e3b6758c:-7b87','RULFACT49ae4bad:141e3b6758c:-7ba3','day','Day','integer',4,'integer',NULL,NULL,NULL,NULL,NULL,NULL,'integer',NULL),('FACTFLD49ae4bad:141e3b6758c:-7b8e','RULFACT49ae4bad:141e3b6758c:-7ba3','month','Month','integer',3,'integer',NULL,NULL,NULL,NULL,NULL,NULL,'integer',NULL),('FACTFLD49ae4bad:141e3b6758c:-7b95','RULFACT49ae4bad:141e3b6758c:-7ba3','qtr','Quarter','integer',2,'integer',NULL,NULL,NULL,NULL,NULL,NULL,'integer',NULL),('FACTFLD49ae4bad:141e3b6758c:-7b9c','RULFACT49ae4bad:141e3b6758c:-7ba3','year','Year','integer',1,'integer',NULL,NULL,NULL,NULL,NULL,NULL,'integer',NULL),('FACTFLD4a03cdfb:141f9a6dc3c:-7816','RULFACT4a03cdfb:141f9a6dc3c:-784a','stringvalue','Value','string',5,'string',NULL,NULL,NULL,NULL,NULL,0,'string',NULL),('FACTFLD4a03cdfb:141f9a6dc3c:-781f','RULFACT4a03cdfb:141f9a6dc3c:-784a','intvalue','Value','integer',4,'integer',NULL,NULL,NULL,NULL,NULL,0,'integer',NULL),('FACTFLD4a03cdfb:141f9a6dc3c:-7828','RULFACT4a03cdfb:141f9a6dc3c:-784a','decimalvalue','Value','decimal',3,'decimal',NULL,NULL,NULL,NULL,NULL,0,'decimal',NULL),('FACTFLD4a03cdfb:141f9a6dc3c:-7831','RULFACT4a03cdfb:141f9a6dc3c:-784a','booleanvalue','Value','boolean',2,'boolean',NULL,NULL,NULL,NULL,NULL,0,'boolean',NULL),('FACTFLD4a03cdfb:141f9a6dc3c:-783a','RULFACT4a03cdfb:141f9a6dc3c:-784a','lob','Line of Business','string',1,'var',NULL,NULL,NULL,NULL,NULL,0,'bpls.facts.LOB',NULL),('FACTFLD4a03cdfb:141f9a6dc3c:-7b91','RULFACT72bb01b1:141b1fdca80:-7f86','lowest','Is Lowest Amount','boolean',5,'boolean',NULL,NULL,NULL,NULL,NULL,NULL,'boolean',NULL),('FACTFLD4a03cdfb:141f9a6dc3c:-7b9a','RULFACT72bb01b1:141b1fdca80:-7f86','highest','Is Highest Amount','boolean',4,'boolean',NULL,NULL,NULL,NULL,NULL,NULL,'boolean',NULL),('FACTFLD4b5f47bd:142219e4784:-7f46','RULFACT-26aa09fd:1419696e71f:-7feb','txnmode','Txn Mode','string',3,'lov',NULL,NULL,NULL,NULL,NULL,NULL,'string','BP_TXNMODES'),('FACTFLD4ca00100:141fe894560:-7d51','RULFACT4ca00100:141fe894560:-7d8e','lowest','Is Lowest Amount','boolean',5,'boolean',NULL,NULL,NULL,NULL,NULL,NULL,'boolean',NULL),('FACTFLD4ca00100:141fe894560:-7d5a','RULFACT4ca00100:141fe894560:-7d8e','highest','Is Highest Amount','boolean',4,'boolean',NULL,NULL,NULL,NULL,NULL,0,'boolean',NULL),('FACTFLD4ca00100:141fe894560:-7d63','RULFACT4ca00100:141fe894560:-7d8e','amount','Amount','decimal',3,'decimal',NULL,NULL,NULL,NULL,NULL,NULL,'decimal',NULL),('FACTFLD4ca00100:141fe894560:-7d74','RULFACT4ca00100:141fe894560:-7d8e','acctid','Account','string',2,'lookup','revenueitem:lookup','objid','title',NULL,NULL,NULL,NULL,NULL),('FACTFLD4ca00100:141fe894560:-7d7d','RULFACT4ca00100:141fe894560:-7d8e','lob','Line of Business','string',1,'var',NULL,NULL,NULL,NULL,NULL,NULL,'bpls.facts.LOB',NULL),('FACTFLD4ca00100:141fe894560:-7e02','RULFACT4ca00100:141fe894560:-7e3f','lowest','Is Lowest Amount','boolean',5,'boolean',NULL,NULL,NULL,NULL,NULL,NULL,'boolean',NULL),('FACTFLD4ca00100:141fe894560:-7e0b','RULFACT4ca00100:141fe894560:-7e3f','highest','Is Highest Amount','boolean',4,'boolean',NULL,NULL,NULL,NULL,NULL,NULL,'boolean',NULL),('FACTFLD4ca00100:141fe894560:-7e14','RULFACT4ca00100:141fe894560:-7e3f','amount','Amount','decimal',3,'decimal',NULL,NULL,NULL,NULL,NULL,NULL,'decimal',NULL),('FACTFLD4ca00100:141fe894560:-7e25','RULFACT4ca00100:141fe894560:-7e3f','acctid','Account','string',2,'lookup','revenueitem:lookup','objid','title',NULL,NULL,NULL,'string',NULL),('FACTFLD4ca00100:141fe894560:-7e2e','RULFACT4ca00100:141fe894560:-7e3f','lob','Line of Business','string',1,'var',NULL,NULL,NULL,NULL,NULL,NULL,'bpls.facts.LOB',NULL),('FACTFLD5efee916:144597ae7de:-7f0e','RULFACT17d6e7ce:141df4b60c2:-7fd3','basicdisctaken','Basic Discount Taken','decimal',39,'decimal',NULL,NULL,NULL,NULL,NULL,NULL,'decimal',NULL),('FACTFLD5efee916:144597ae7de:-7f4b','RULFACT17d6e7ce:141df4b60c2:-7fd3','basicintpaid','Basic Interest Paid','decimal',38,'decimal',NULL,NULL,NULL,NULL,NULL,NULL,'decimal',NULL),('FACTFLD5efee916:144597ae7de:-7f72','RULFACT17d6e7ce:141df4b60c2:-7fd3','basicpaid','Basic Paid','decimal',37,'decimal',NULL,NULL,NULL,NULL,NULL,NULL,'decimal',NULL),('FACTFLD64302071:14232ed987c:-7f3d','RULFACT64302071:14232ed987c:-7f4e','type','Type','string',1,'lov',NULL,NULL,NULL,NULL,NULL,NULL,'string','BP_PAYOPTIONS'),('FACTFLD682fd2e6:145de99014c:-7e46','RULFACT682fd2e6:145de99014c:-7f3e','barangayid','Barangay','string',4,'lookup','barangay:lookup','objid','name',NULL,NULL,NULL,'string',NULL),('FACTFLD682fd2e6:145de99014c:-7e4f','RULFACT682fd2e6:145de99014c:-7f3e','local','Local','boolean',3,'boolean',NULL,NULL,NULL,NULL,NULL,NULL,'boolean',NULL),('FACTFLD682fd2e6:145de99014c:-7ee8','RULFACT682fd2e6:145de99014c:-7f3e','rented','Rented','boolean',2,'boolean',NULL,NULL,NULL,NULL,NULL,NULL,'boolean',NULL),('FACTFLD682fd2e6:145de99014c:-7f07','RULFACT682fd2e6:145de99014c:-7f3e','governmentproperty','Government Property','boolean',1,'boolean',NULL,NULL,NULL,NULL,NULL,NULL,'boolean',NULL),('FACTFLD6d66cc31:1446cc9522e:-7e84','RULFACT6d66cc31:1446cc9522e:-7ee1','planRequired','Approved Plan Required','boolean',3,'boolean',NULL,NULL,NULL,NULL,NULL,NULL,'boolean',NULL),('FACTFLD6d66cc31:1446cc9522e:-7ea0','RULFACT6d66cc31:1446cc9522e:-7ee1','txntypemode','Txn Type Mode','string',2,'lov',NULL,NULL,NULL,NULL,NULL,NULL,'string','RPT_TXN_TYPE_MODES'),('FACTFLD6d66cc31:1446cc9522e:-7ebd','RULFACT6d66cc31:1446cc9522e:-7ee1','txntype','Txn Type','string',1,'lov',NULL,NULL,NULL,NULL,NULL,NULL,'string','RPT_TXN_TYPES'),('FACTFLD72bb01b1:141b1fdca80:-7f45','RULFACT72bb01b1:141b1fdca80:-7f86','lob','Line of Business',NULL,1,'var',NULL,NULL,NULL,NULL,NULL,0,'bpls.facts.LOB',NULL),('FACTFLD72bb01b1:141b1fdca80:-7f70','RULFACT72bb01b1:141b1fdca80:-7f86','amount','Amount','decimal',3,'decimal',NULL,NULL,NULL,NULL,NULL,NULL,'decimal',NULL),('FACTFLD72bb01b1:141b1fdca80:-7f7f','RULFACT72bb01b1:141b1fdca80:-7f86','acctid','Account',NULL,2,'lookup','revenueitem:lookup','objid','title',NULL,NULL,0,NULL,NULL),('FACTFLD7ee0ab5e:141b6a15885:-7fd5','RULFACT7ee0ab5e:141b6a15885:-7ff1','amtdue','Amount Due','decimal',1,'decimal',NULL,NULL,NULL,NULL,NULL,NULL,'decimal',NULL),('FACTFLD7ee0ab5e:141b6a15885:-7fdc','RULFACT7ee0ab5e:141b6a15885:-7ff1','qtr','Qtr','integer',2,'integer',NULL,NULL,NULL,NULL,NULL,NULL,'integer',NULL),('FACTFLD7ee0ab5e:141b6a15885:-7fe3','RULFACT7ee0ab5e:141b6a15885:-7ff1','year','Year','integer',3,'integer',NULL,NULL,NULL,NULL,NULL,NULL,'integer',NULL),('FACTFLD7ee0ab5e:141b6a15885:-7fea','RULFACT7ee0ab5e:141b6a15885:-7ff1','apptype','Application Type',NULL,4,'lov',NULL,NULL,NULL,NULL,NULL,NULL,NULL,'BUSINESS_APP_TYPES');
/*!40000 ALTER TABLE `sys_rule_fact_field` ENABLE KEYS */;
UNLOCK TABLES;

--
-- Dumping data for table `sys_rulegroup`
--

LOCK TABLES `sys_rulegroup` WRITE;
/*!40000 ALTER TABLE `sys_rulegroup` DISABLE KEYS */;
INSERT INTO `sys_rulegroup` VALUES ('AFTER_DISCOUNT','rptbilling','After Discount Computation',6),('AFTER_PENALTY','rptbilling','After Penalty Computation',4),('AFTER_REQUIREMENT','rptrequirement','After Requirement',2),('AFTER_TAX','rptbilling','After Tax Computation',2),('appinfo','bpassessment','Application Info',1),('BRGY_SHARE','rptbilling','Barangay Share Computation',15),('businesstax','bpassessment','Business Tax Computation',3),('default','bpinfo','Application Info',0),('discount','bpbilling','Discount',1),('DISCOUNT','rptbilling','Discount Computation',5),('initial','bpbilling','Initialization',0),('interest','bpbilling','Interest',3),('LGU_SHARE','rptbilling','LGU Share Computation',16),('othercharge','bpassessment','Other Charge Computation',7),('PENALTY','rptbilling','Penalty Computation',3),('postappinfo','bpassessment','Post Application Info',2),('postbusinesstax','bpassessment','Post Business Tax Computation',4),('postinfo','bpinfo','Post App Info',1),('postothercharge','bpassessment','Post Other Charge Computation',8),('postregfee','bpassessment','Post Regulatory Fee Computation',6),('postsummary','bpassessment','Postsummary',10),('preappinfo','bpassessment','Pre-Application Info',0),('PROV_SHARE','rptbilling','Province Share Computation',17),('regfee','bpassessment','Regulatory Fee Computation',5),('requirement','bpinfo','Requirements',2),('REQUIREMENT','rptrequirement','Requirement',1),('summary','bpassessment','Summary',9),('surcharge','bpbilling','Surcharge',2),('TAX','rptbilling','Tax Computation',1);
/*!40000 ALTER TABLE `sys_rulegroup` ENABLE KEYS */;
UNLOCK TABLES;

--
-- Dumping data for table `sys_ruleset`
--

LOCK TABLES `sys_ruleset` WRITE;
/*!40000 ALTER TABLE `sys_ruleset` DISABLE KEYS */;
INSERT INTO `sys_ruleset` VALUES ('bpassessment','BP Assessment Rules',NULL,'BPLS','DATAMGMT',NULL),('bpbilling','BPLS Billing Rules',NULL,'BPLS','DATAMGMT',NULL),('bpinfo','BP Info',NULL,'BPLS','DATAMGMT',NULL),('rptbilling','RPT Billing Rules','rptbilling',NULL,NULL,NULL),('rptrequirement','RPT Requirement Rules','rptrequirement',NULL,NULL,NULL);
/*!40000 ALTER TABLE `sys_ruleset` ENABLE KEYS */;
UNLOCK TABLES;

--
-- Dumping data for table `sys_ruleset_actiondef`
--

LOCK TABLES `sys_ruleset_actiondef` WRITE;
/*!40000 ALTER TABLE `sys_ruleset_actiondef` DISABLE KEYS */;
INSERT INTO `sys_ruleset_actiondef` VALUES ('bpbilling','RULADEF-2889615e:142fa67fc85:-7b7c'),('bpassessment','RULADEF-2ead5abf:1419bd607e6:-7fd9'),('bpinfo','RULADEF-4a532d76:141ff563063:-7ef4'),('bpassessment','RULADEF-627533eb:141ed7a179f:-7d7d'),('bpassessment','RULADEF-62a762db:14201d65080:-7576'),('bpinfo','RULADEF-62a762db:14201d65080:-7576'),('bpbilling','RULADEF-66879e9a:1422b236b58:-7d0f'),('bpbilling','RULADEF-66879e9a:1422b236b58:-7d24'),('bpassessment','RULADEF-67ecfd73:141f2b84ce7:-743c'),('bpassessment','RULADEF-67ecfd73:141f2b84ce7:-7b54'),('bpinfo','RULADEF-67ecfd73:141f2b84ce7:-7b54'),('bpassessment','RULADEF-738e3cc6:14459101d11:-6b0b'),('rptbilling','RULADEF17d6e7ce:141df4b60c2:-7e9e'),('rptbilling','RULADEF208348b4:141e2d2bd58:-7b83'),('rptbilling','RULADEF208348b4:141e2d2bd58:-7bdb'),('rptbilling','RULADEF208348b4:141e2d2bd58:-7c7b'),('rptbilling','RULADEF208348b4:141e2d2bd58:-7cba'),('rptbilling','RULADEF208348b4:141e2d2bd58:-7d1e'),('rptbilling','RULADEF208348b4:141e2d2bd58:-7d5f'),('rptbilling','RULADEF208348b4:141e2d2bd58:-7d97'),('rptbilling','RULADEF208348b4:141e2d2bd58:-7dc2'),('rptbilling','RULADEF208348b4:141e2d2bd58:-7de8'),('rptbilling','RULADEF208348b4:141e2d2bd58:-7e60'),('bpassessment','RULADEF33e8cb24:1423c4b40b2:-6aeb'),('bpassessment','RULADEF33e8cb24:1423c4b40b2:-7f34'),('bpassessment','RULADEF367174cc:141a62bd0d8:-4486'),('bpinfo','RULADEF367174cc:141a62bd0d8:-4486'),('rptbilling','RULADEF441bb08f:1436c079bff:-76b4'),('rptbilling','RULADEF441bb08f:1436c079bff:-771e'),('rptbilling','RULADEF441bb08f:1436c079bff:-77e1'),('rptbilling','RULADEF441bb08f:1436c079bff:-7831'),('rptbilling','RULADEF441bb08f:1436c079bff:-7891'),('rptbilling','RULADEF441bb08f:1436c079bff:-78ee'),('rptrequirement','RULADEF6d66cc31:1446cc9522e:-7d56'),('bpassessment','RULADEF72bb01b1:141b1fdca80:-7e34'),('bpassessment','RULADEF73d37911:141edb9db9a:-7f30'),('bpbilling','RULADEF7ee0ab5e:141b6a15885:-7f52');
/*!40000 ALTER TABLE `sys_ruleset_actiondef` ENABLE KEYS */;
UNLOCK TABLES;

--
-- Dumping data for table `sys_ruleset_fact`
--

LOCK TABLES `sys_ruleset_fact` WRITE;
/*!40000 ALTER TABLE `sys_ruleset_fact` DISABLE KEYS */;
INSERT INTO `sys_ruleset_fact` VALUES ('bpbilling','RULFACT-1f3e2b64:14230dd8f62:-7dd8'),('bpbilling','RULFACT-1f3e2b64:14230dd8f62:-7e29'),('bpbilling','RULFACT-1f3e2b64:14230dd8f62:-7eb6'),('bpassessment','RULFACT-26aa09fd:1419696e71f:-7feb'),('bpbilling','RULFACT-26aa09fd:1419696e71f:-7feb'),('bpinfo','RULFACT-26aa09fd:1419696e71f:-7feb'),('bpbilling','RULFACT-46f22f55:14231734d86:-7eca'),('bpassessment','RULFACT-76732870:14196dc4027:-7f87'),('bpbilling','RULFACT-76732870:14196dc4027:-7f87'),('bpbilling','RULFACT-7ea493a4:14237a0191b:-7fb7'),('bpassessment','RULFACT-bad19b4:141f3c18435:-7fa9'),('bpinfo','RULFACT-bad19b4:141f3c18435:-7fa9'),('bpbilling','RULFACT-fd57605:142324ab5d2:-7f33'),('rptbilling','RULFACT17d6e7ce:141df4b60c2:-7c21'),('rptbilling','RULFACT17d6e7ce:141df4b60c2:-7fd3'),('bpassessment','RULFACT20ce1acc:141e456ed68:-7f43'),('bpbilling','RULFACT20ce1acc:141e456ed68:-7f43'),('bpinfo','RULFACT20ce1acc:141e456ed68:-7f43'),('bpbilling','RULFACT2e8bac67:1422b41d3b3:-7f64'),('bpassessment','RULFACT3a2b180:142b73535d5:-7fb1'),('rptbilling','RULFACT49ae4bad:141e3b6758c:-7ba3'),('bpassessment','RULFACT4a03cdfb:141f9a6dc3c:-784a'),('bpassessment','RULFACT4ca00100:141fe894560:-7d8e'),('bpassessment','RULFACT4ca00100:141fe894560:-7e3f'),('bpbilling','RULFACT64302071:14232ed987c:-7f4e'),('bpassessment','RULFACT682fd2e6:145de99014c:-7f3e'),('bpinfo','RULFACT682fd2e6:145de99014c:-7f3e'),('rptrequirement','RULFACT6d66cc31:1446cc9522e:-7ee1'),('bpassessment','RULFACT72bb01b1:141b1fdca80:-7f86'),('bpbilling','RULFACT7ee0ab5e:141b6a15885:-7ff1');
/*!40000 ALTER TABLE `sys_ruleset_fact` ENABLE KEYS */;
UNLOCK TABLES;

--
-- Dumping data for table `sys_script`
--

LOCK TABLES `sys_script` WRITE;
/*!40000 ALTER TABLE `sys_script` DISABLE KEYS */;
/*!40000 ALTER TABLE `sys_script` ENABLE KEYS */;
UNLOCK TABLES;

--
-- Dumping data for table `sys_securitygroup`
--

LOCK TABLES `sys_securitygroup` WRITE;
/*!40000 ALTER TABLE `sys_securitygroup` DISABLE KEYS */;
/*!40000 ALTER TABLE `sys_securitygroup` ENABLE KEYS */;
UNLOCK TABLES;

--
-- Dumping data for table `sys_sequence`
--

LOCK TABLES `sys_sequence` WRITE;
/*!40000 ALTER TABLE `sys_sequence` DISABLE KEYS */;
/*!40000 ALTER TABLE `sys_sequence` ENABLE KEYS */;
UNLOCK TABLES;

--
-- Dumping data for table `sys_session`
--

LOCK TABLES `sys_session` WRITE;
/*!40000 ALTER TABLE `sys_session` DISABLE KEYS */;
/*!40000 ALTER TABLE `sys_session` ENABLE KEYS */;
UNLOCK TABLES;

--
-- Dumping data for table `sys_session_log`
--

LOCK TABLES `sys_session_log` WRITE;
/*!40000 ALTER TABLE `sys_session_log` DISABLE KEYS */;
/*!40000 ALTER TABLE `sys_session_log` ENABLE KEYS */;
UNLOCK TABLES;

--
-- Dumping data for table `sys_terminal`
--

LOCK TABLES `sys_terminal` WRITE;
/*!40000 ALTER TABLE `sys_terminal` DISABLE KEYS */;
INSERT INTO `sys_terminal` VALUES ('T001',NULL,NULL,NULL,NULL,NULL,NULL,NULL,NULL),('T002',NULL,NULL,NULL,NULL,NULL,NULL,NULL,NULL);
/*!40000 ALTER TABLE `sys_terminal` ENABLE KEYS */;
UNLOCK TABLES;

--
-- Dumping data for table `sys_user`
--

LOCK TABLES `sys_user` WRITE;
/*!40000 ALTER TABLE `sys_user` DISABLE KEYS */;
/*!40000 ALTER TABLE `sys_user` ENABLE KEYS */;
UNLOCK TABLES;

--
-- Dumping data for table `sys_usergroup`
--

LOCK TABLES `sys_usergroup` WRITE;
/*!40000 ALTER TABLE `sys_usergroup` DISABLE KEYS */;
INSERT INTO `sys_usergroup` VALUES ('ACCOUNTS.ACCOUNT_DATAMGMT','ACCOUNT DATA MANAGEMENT','ACCOUNTS','usergroup',NULL,'ACCOUNT_DATAMGMT'),('ADMIN.SYSADMIN','SYSTEM ADMINISTRATOR','ADMIN','usergroup',NULL,'SYSADMIN'),('BPLS.ADMIN','BPLS ADMINISTRATOR','BPLS','usergroup',NULL,'ADMIN'),('BPLS.APPROVER','BUSINESS APPROVER','BPLS','usergroup',NULL,'APPROVER'),('BPLS.ASSESSOR','BPLS ASSESSOR','BPLS','usergroup',NULL,'ASSESSOR'),('BPLS.BUSINESSINFO','BUSINESS INFORMATION','BPLS','usergroup',NULL,'BUSINESSINFO'),('BPLS.CAPTURE_ENCODER','BPLS CAPTURE ENCODER','BPLS','usergroup',NULL,'CAPTURE_ENCODER'),('BPLS.LICENSING','BPLS LICENSING','BPLS','usergroup',NULL,'LICENSING'),('BPLS.MASTER','BPLS MASTER','BPLS','usergroup',NULL,'MASTER'),('BPLS.RULE_AUTHOR','BPLS RULE AUTHOR','BPLS','usergroup',NULL,'RULE_AUTHOR'),('BPLS.SHARED','BPLS SHARED','BPLS','usergroup',NULL,'SHARED'),('ENTITY.MASTER','ENTITY MASTER','ENTITY','usergroup',NULL,'MASTER'),('ETRACSADMIN.TOOLS','ETRACS ADMIN','ETRACSADMIN','usergroup',NULL,'ETRACS_ADMIN'),('RPT.APPRAISAL_CHIEF','APPRAISAL DIVISION CHIEF','RPT','usergroup',NULL,'APPRAISAL_CHIEF'),('RPT.APPRAISER','APPRAISER','RPT','usergroup',NULL,'APPRAISER'),('RPT.APPROVER','APPROVER','RPT','usergroup',NULL,'APPROVER'),('RPT.ASSESSOR','ASSESSOR','RPT','usergroup',NULL,'ASSESSOR'),('RPT.ASSESSOR_REPORT','ASSESSOR REPORT','RPT','usergroup',NULL,'ASSESSOR_REPORT'),('RPT.ASSESSOR_SHARED','ASSESSOR SHARED','RPT','usergroup',NULL,'ASSESSOR_SHARED'),('RPT.ASSISTANT_ASSESSOR','ASSISTANT ASSESSOR','RPT','usergroup',NULL,'ASSISTANT_ASSESSOR'),('RPT.CERTIFICATION_ISSUER','CERTIFICATION_ISSUER','RPT','usergroup',NULL,'CERTIFICATION_ISSUER'),('RPT.EXAMINER','EXAMINER','RPT','usergroup',NULL,'EXAMINER'),('RPT.LANDTAX','LANDTAX','RPT','usergroup',NULL,'LANDTAX'),('RPT.LANDTAX_DATAMGMT','LANDTAX DATA MANAGEMENT','RPT','usergroup',NULL,'LANDTAX_DATAMGMT'),('RPT.LANDTAX_REPORT','LANDTAX REPORT','RPT','usergroup',NULL,'LANDTAX_REPORT'),('RPT.LANDTAX_SHARED','LANDTAX SHARED','RPT','usergroup',NULL,'LANDTAX_SHARED'),('RPT.MASTER','MASTER','RPT','usergroup',NULL,'MASTER'),('RPT.RECOMMENDER','RECOMMENDER','RPT','usergroup',NULL,'RECOMMENDER'),('RPT.RECORD','RECORD','RPT','usergroup',NULL,'RECORD'),('RPT.RULE_AUTHOR','RULE AUTHOR','RPT','usergroup',NULL,'RULE_AUTHOR'),('RPT.TAXMAPPER','TAXMAPPER','RPT','usergroup',NULL,'TAXMAPPER'),('RPT.TAXMAPPER_CHIEF','TAXMAPPER DIVISION CHIEF','RPT','usergroup',NULL,'TAXMAPPER_CHIEF'),('TREASURY.AFO','ACCOUNTABLE FORM OFFICER','TREASURY','usergroup',NULL,'AFO'),('TREASURY.CASHIER','CASHIER','TREASURY','usergroup',NULL,'CASHIER'),('TREASURY.COLLECTOR','COLLECTOR','TREASURY','usergroup',NULL,'COLLECTOR'),('TREASURY.DATA_CONTROLLER','TREASURY DATA CONTROLLER','TREASURY','usergroup',NULL,'DATA_CONTROLLER'),('TREASURY.LIQUIDATING_OFFICER','LIQUIDATING OFFICER','TREASURY','usergroup',NULL,'LIQUIDATING_OFFICER'),('TREASURY.MASTER','TREASURY MASTER','TREASURY','usergroup',NULL,'MASTER'),('TREASURY.REPORT','TREASURY REPORT','TREASURY','usergroup',NULL,'REPORT'),('TREASURY.RULE_AUTHOR','CTC RULE AUTHOR','TREASURY','userclass',NULL,'RULE_AUTHOR'),('TREASURY.SHARED','TREASURY SHARED','TREASURY','usergroup',NULL,'SHARED'),('TREASURY.SUBCOLLECTOR','SUBCOLLECTOR','TREASURY','usergroup',NULL,'SUBCOLLECTOR');
/*!40000 ALTER TABLE `sys_usergroup` ENABLE KEYS */;
UNLOCK TABLES;

--
-- Dumping data for table `sys_usergroup_admin`
--

LOCK TABLES `sys_usergroup_admin` WRITE;
/*!40000 ALTER TABLE `sys_usergroup_admin` DISABLE KEYS */;
/*!40000 ALTER TABLE `sys_usergroup_admin` ENABLE KEYS */;
UNLOCK TABLES;

--
-- Dumping data for table `sys_usergroup_member`
--

LOCK TABLES `sys_usergroup_member` WRITE;
/*!40000 ALTER TABLE `sys_usergroup_member` DISABLE KEYS */;
/*!40000 ALTER TABLE `sys_usergroup_member` ENABLE KEYS */;
UNLOCK TABLES;

--
-- Dumping data for table `sys_usergroup_permission`
--

LOCK TABLES `sys_usergroup_permission` WRITE;
/*!40000 ALTER TABLE `sys_usergroup_permission` DISABLE KEYS */;
INSERT INTO `sys_usergroup_permission` VALUES ('BPLS-BUSINESSINFO-captureBusiness','BPLS.BUSINESSINFO','business','capture','Capture'),('ENTITY-MASTER-createIndividual','ENTITY.MASTER','individualentity','create','Create'),('ENTITY-MASTER-createJuridical','ENTITY.MASTER','juridicalentity','create','Create'),('ENTITY-MASTER-createMultiple','ENTITY.MASTER','multipleentity','create','Create'),('ENTITY-MASTER-deleteIndividual','ENTITY.MASTER','individualentity','delete','Delete'),('ENTITY-MASTER-deleteJuridical','ENTITY.MASTER','juridicalentity','delete','Delete'),('ENTITY-MASTER-deleteMultiple','ENTITY.MASTER','multipleentity','delete','Delete'),('ENTITY-MASTER-editIndividual','ENTITY.MASTER','individualentity','edit','Edit'),('ENTITY-MASTER-editJuridical','ENTITY.MASTER','juridicalentity','edit','Edit'),('ENTITY-MASTER-editMultiple','ENTITY.MASTER','multipleentity','edit','Edit'),('ENTITY-MASTER-openIndividual','ENTITY.MASTER','individualentity','open','Open'),('ENTITY-MASTER-openJuridical','ENTITY.MASTER','juridicalentity','open','Open'),('ENTITY-MASTER-openMultiple','ENTITY.MASTER','multipleentity','open','Open'),('RPT-ANNOTATION-C','RPT.APPRAISER','annotation','create','create'),('RPT-ANNOTATION-R','RPT.APPRAISER','annotation','read','read'),('RPT-BILLING-C','RPT.LANDTAX','rptbilling','create','create'),('RPT-CANCELANNOTATION-C','RPT.APPRAISER','cancelannotation','create','create'),('RPT-CANCELFAAS-C','RPT.APPRAISER','cancelfaas','create','create'),('RPT-CERTICICATION-LE','RPT.CERTIFICATION_ISSUER','certification','latestandexisting','latestandexisting'),('RPT-CERTIFICATION-LH','RPT.CERTIFICATION_ISSUER','certification','landholding','landholding'),('RPT-CERTIFICATION-MP','RPT.CERTIFICATION_ISSUER','certification','multipleproperty','multipleproperty'),('RPT-CERTIFICATION-NE','RPT.CERTIFICATION_ISSUER','certification','noencumbrance','noencumbrance'),('RPT-CERTIFICATION-NP','RPT.CERTIFICATION_ISSUER','certification','noproperty','noproperty'),('RPT-CERTIFICATION-OWN','RPT.CERTIFICATION_ISSUER','certification','ownership','ownership'),('RPT-CERTIFICATION-TDT','RPT.CERTIFICATION_ISSUER','certification','tdtruecopy','tdtruecopy'),('RPT-CS-C','RPT.APPRAISER','consolidation','create','create'),('RPT-CS-D','RPT.APPRAISER','consolidation','delete','delete'),('RPT-CS-R','RPT.APPRAISER','consolidation','read','read'),('RPT-CS-U','RPT.APPRAISER','consolidation','edit','edit'),('RPT-FA-C','RPT.APPRAISER','annotation','create','create'),('RPT-FA-D','RPT.APPRAISER','annotation','delete','delete'),('RPT-FA-R','RPT.APPRAISER','annotation','read','read'),('RPT-FA-U','RPT.APPRAISER','annotation','edit','edit'),('RPT-FAAS-APPROVER-A','RPT.APPROVER','faas','approve','approve'),('RPT-FAAS-APPROVER-D','RPT.APPROVER','faas','disapprove','disapprove'),('RPT-FAAS-C-CC','RPT.APPRAISER','faas','createChangeClassificatio','createChangeClassificatio'),('RPT-FAAS-C-CD','RPT.APPRAISER','faas','createChangeDepreciation','createChangeDepreciation'),('RPT-FAAS-C-CE','RPT.APPRAISER','faas','createCorrection','createCorrection'),('RPT-FAAS-C-CT','RPT.APPRAISER','faas','createChangeTaxability','createChangeTaxability'),('RPT-FAAS-C-DC','RPT.APPRAISER','faas','createDataCapture','createDataCapture'),('RPT-FAAS-C-GR','RPT.APPRAISER','faas','createGeneralRevision','createGeneralRevision'),('RPT-FAAS-C-MC','RPT.APPRAISER','faas','createMultipleClaim','createMultipleClaim'),('RPT-FAAS-C-ND','RPT.APPRAISER','faas','createNewDiscovery','createNewDiscovery'),('RPT-FAAS-C-RE','RPT.APPRAISER','faas','createReassessment','createReassessment'),('RPT-FAAS-C-TR','RPT.APPRAISER','faas','createTransfer','createTransfer'),('RPT-FAAS-D','RPT.APPRAISER','faas','delete','delete'),('RPT-FAAS-E','RPT.APPRAISER','faas','edit','edit'),('RPT-FAAS-R','RPT.APPRAISER','faas','read','read'),('RPT-FAAS-REC-A','RPT.RECOMMENDER','faas','approve','approve'),('RPT-FAAS-REC-D','RPT.RECOMMENDER','faas','disapprove','disapprove'),('RPT-FAAS-REC-S','RPT.RECOMMENDER','faas','submitToProvince','submitToProvince'),('RPT-FAAS-S','RPT.APPRAISER','faas','submit','submit'),('RPT-FAASUPDATE-C','RPT.APPRAISER','faasupdate','create','create'),('RPT-GR-BATCH','RPT.ASSESSOR','batchgr','create','create'),('RPT-LEDGER-A','RPT.LANDTAX','rptledger','approve','approve'),('RPT-LEDGER-C','RPT.LANDTAX','rptledger','capturepayment','capturepayment'),('RPT-LEDGER-CHANGESTATE','RPT.LANDTAX','rptledger','changestate','changestate'),('RPT-LEDGER-E','RPT.LANDTAX','rptledger','edit','edit'),('RPT-LEDGER-FL','RPT.LANDTAX','rptledger','fixledger','fixledger'),('RPT-NA-C','RPT.APPRAISER','noticeofassessment','create','create'),('RPT-NA-R','RPT.APPRAISER','noticeofassessment','read','read'),('RPT-RESECTION-C','RPT.APPRAISER','resection','create','create'),('RPT-RESECTION-D','RPT.APPRAISER','resection','delete','delete'),('RPT-RESECTION-E','RPT.APPRAISER','resection','edit','edit'),('RPT-RESECTION-S','RPT.APPRAISER','resection','submit','submit'),('RPT-SD-C','RPT.APPRAISER','subdivision','create','create'),('RPT-SD-D','RPT.APPRAISER','subdivision','delete','delete'),('RPT-SD-R','RPT.APPRAISER','subdivision','read','read'),('RPT-SD-S','RPT.APPRAISER','subdivision','submit','submit'),('RPT-SD-U','RPT.APPRAISER','subdivision','edit','edit'),('RPT-TAXCLEARANCE-C','RPT.LANDTAX','taxclearance','create','create'),('RPT-UTIL-MODIFYPIN','RPT.APPRAISER','util','modifypin','modifypin'),('SUBCOLLECTOR-DISAPPROVED','TREASURY.SUBCOLLECTOR','batchcapture','disapprove','disapprove'),('SUBCOLLECTOR-POST','TREASURY.SUBCOLLECTOR','batchcapture','post','post'),('TREASURY-AFO-afserial-forward','TREASURY.AFO','afserial','forward','Forward'),('TREASURY-AFO-cashticket-forward','TREASURY.AFO','cashticket','forward','Forward'),('TREASURY-COLLECTOR','TREASURY.COLLECTOR','receipt','online','online'),('TREASURY-DATA_CONTROLLER-batchcapture-manage','TREASURY.DATA_CONTROLLER','batchcapture','manage','Manage Batch Capture'),('TREASURY-LIQUIDATING_OFFICER','TREASURY.LIQUIDATING_OFFICER','cashbook','list','list'),('TREASURY-MASTER-createbank','TREASURY.MASTER','bank','create','Create'),('TREASURY-MASTER-createcashbook','TREASURY.MASTER','cashbook','create','Create'),('TREASURY-MASTER-createcollectiongroup','TREASURY.MASTER','collectiongroup','create','Create'),('TREASURY-MASTER-createcollectiontype','TREASURY.MASTER','collectiontype','create','Create'),('TREASURY-MASTER-createFund','TREASURY.MASTER','fund','create','Create'),('TREASURY-MASTER-createRevenueItem','TREASURY.MASTER','revenueitem','create','Create'),('TREASURY-MASTER-createsreaccount','TREASURY.MASTER','sreaccount','create','Create'),('TREASURY-MASTER-deletebank','TREASURY.MASTER','bank','delete','Delete'),('TREASURY-MASTER-deletecashbook','TREASURY.MASTER','cashbook','delete','Delete'),('TREASURY-MASTER-deletecollectiongroup','TREASURY.MASTER','collectiongroup','delete','Delete'),('TREASURY-MASTER-deletecollectiontype','TREASURY.MASTER','collectiontype','delete','Delete'),('TREASURY-MASTER-deleteFund','TREASURY.MASTER','fund','delete','Delete'),('TREASURY-MASTER-deleteRevenueItem','TREASURY.MASTER','revenueitem','delete','Delete'),('TREASURY-MASTER-deletesreaccount','TREASURY.MASTER','sreaccount','delete','Delete'),('TREASURY-MASTER-editbank','TREASURY.MASTER','bank','edit','Edit'),('TREASURY-MASTER-editcashbook','TREASURY.MASTER','cashbook','edit','Edit'),('TREASURY-MASTER-editcollectiongroup','TREASURY.MASTER','collectiongroup','edit','Edit'),('TREASURY-MASTER-editcollectiontype','TREASURY.MASTER','collectiontype','edit','Edit'),('TREASURY-MASTER-editFund','TREASURY.MASTER','fund','edit','Edit'),('TREASURY-MASTER-editRevenueItem','TREASURY.MASTER','revenueitem','edit','Edit'),('TREASURY-MASTER-editsreaccount','TREASURY.MASTER','sreaccount','edit','Edit'),('TREASURY-MASTER-openbank','TREASURY.MASTER','bank','open','Open'),('TREASURY-MASTER-opencashbook','TREASURY.MASTER','cashbook','open','Open'),('TREASURY-MASTER-opencollectiongroup','TREASURY.MASTER','collectiongroup','open','Open'),('TREASURY-MASTER-opencollectiontype','TREASURY.MASTER','collectiontype','open','Open'),('TREASURY-MASTER-openFund','TREASURY.MASTER','fund','open','Open'),('TREASURY-MASTER-openRevenueItem','TREASURY.MASTER','revenueitem','open','Open'),('TREASURY-MASTER-opensreaccount','TREASURY.MASTER','sreaccount','open','Open'),('TREASURY-MASTER-viewbank','TREASURY.MASTER','bank','view','View'),('TREASURY-MASTER-viewcashbook','TREASURY.MASTER','cashbook','view','View'),('TREASURY-MASTER-viewcollectiongroup','TREASURY.MASTER','collectiongroup','view','View'),('TREASURY-MASTER-viewcollectiontype','TREASURY.MASTER','collectiontype','view','View'),('TREASURY-MASTER-viewFund','TREASURY.MASTER','fund','view','View'),('TREASURY-MASTER-viewRevenueItem','TREASURY.MASTER','revenueitem','view','View'),('TREASURY-MASTER-viewsreaccount','TREASURY.MASTER','sreaccount','view','View'),('TREASURY-REPORT-collectionbyfund-viewreport','TREASURY.REPORT','collectionbyfund','viewreport','View Report'),('TREASURY-REPORT-directtocash-viewreport','TREASURY.REPORT','directtocash','viewreport','View Report'),('TREASURY-REPORT-srs-viewreport','TREASURY.REPORT','srs','viewreport','View Report'),('TREASURY-REPORT-statementofrevenue-viewreport','TREASURY.REPORT','statementofrevenue','viewreport','View Report'),('TREASURY-SHARED-bankdeposit-view','TREASURY.SHARED','bankdeposit','view','View List'),('TREASURY-SHARED-liquidation-view','TREASURY.SHARED','liquidation','view','View List'),('TREASURY-SHARED-remittance-view','TREASURY.SHARED','remittance','view','View List');
/*!40000 ALTER TABLE `sys_usergroup_permission` ENABLE KEYS */;
UNLOCK TABLES;

--
-- Dumping data for table `sys_var`
--

LOCK TABLES `sys_var` WRITE;
/*!40000 ALTER TABLE `sys_var` DISABLE KEYS */;
INSERT INTO `sys_var` VALUES ('allow_consolidation_with_balance','false',NULL,'checkbox','ASSESSOR'),('allow_faas_transaction_with_balance','false',NULL,'checkbox','ASSESSOR'),('allow_general_collection_discount','0',NULL,'boolean','TC'),('allow_subdivision_with_balance','false',NULL,'checkbox','ASSESSOR'),('ctc_brgyshare','0.50','CTC Barangay Share',NULL,'CTC'),('current_ry','2010',NULL,'integer','ASSESSOR'),('deposit_collection_by_bank_account','0','Deposit collection by bank account instead of by fund','checkbox','TC'),('deposit_print_date','0',NULL,NULL,'TC'),('faas_datacapture_allow_edit_av','1',NULL,'checkbox','ASSESSOR'),('gr_ordinance_date','2013-04-04',NULL,'date','ASSESSOR'),('gr_ordinance_no','13-5985',NULL,'text','ASSESSOR'),('gr_renumber_pin','0',NULL,'checkbox','ASSESSOR'),('gr_td_autonumber','true',NULL,'checkbox','ASSESSOR'),('invalid_login_access_date_interval','1m','number of hours/days access date is moved when failed_login_max_retries is reached( d=days, h=hours)',NULL,NULL),('invalid_login_action','1','0 - suspend 1-move access to a later date',NULL,NULL),('invalid_login_max_retries','5','No. of times a user can retry login before disabling account',NULL,NULL),('landtax_certifiedby','-',NULL,'text','LANDTAX'),('landtax_certifiedby_title','ASST. CITY TREASURER - OPERATION',NULL,'text','LANDTAX'),('lgu_name','ILIGAN CITY',NULL,'text','ASSESSOR'),('lgu_objid','169',NULL,'text','ASSESSOR'),('lgu_region','REGION X',NULL,NULL,NULL),('lgu_type','city','Type of LGU. Valid values are city, municipality and province','text','ASSESSOR'),('pin_autonumber','0',NULL,'checkbox','ASSESSOR'),('pin_type','new','PIN Formatting Type valid values: old or new','text','ASSESSOR'),('pwd_change_cycle','1','No. of times the user cannot use a repeating password',NULL,'SYSTEM'),('pwd_change_date_interval','365M','No. of days/months before a user is required to change their password (d=days, M=months)',NULL,'SYSTEM'),('pwd_change_login_count','0','No. of times a user has successfully logged in before changing their password. (0=no limit) ',NULL,'SYSTEM'),('receipt_item_printout_count','10',NULL,NULL,'SYSTEM'),('rptbilling_assessed_value_fact_years','2002,2013',NULL,NULL,'LANDTAX'),('rpt_round_to_ten_item_assessed_value','0',NULL,'checkbox','ASSESSOR'),('sangguinan_name','SANGGUNIANG PANLUNGSOD','sangguinian name','text','ASSESSOR'),('sa_pwd','ba4d084b31b41fbe55302c0429d93c81',NULL,NULL,NULL),('secretary_name',NULL,NULL,NULL,NULL),('secretary_title',NULL,NULL,NULL,NULL),('server_timezone','Asia/Shanghai','this must be matched with default timezone of server',NULL,NULL),('session_timeout_interval','1d ','expiry dates of inactive session (d=days, h=hours)',NULL,'SYSTEM'),('subdivision_allow_equal_area_only','1','Allow Subdivision with equal area only ','checkbox','ASSESSOR'),('system_pwd','!1234#','system password',NULL,'SYSTEM'),('td_autonumber','true',NULL,'checkbox','ASSESSOR'),('td_autonumber_sequence_count','5',NULL,'integer','ASSESSOR'),('td_format','Y-B','Tax Declaration No. format. Options: Y- revision year, M-municipality index, C - city index, D-district index, B=-barangay index','text','ASSESSOR'),('td_report_display_appraisedby','0',NULL,'checkbox','ASSESSOR'),('td_report_display_recommendedby','0','Display Recommended by ',NULL,'ASSESSOR'),('td_report_item_format','BLGF','Valid Values: BLGF or MODIFIED','text','ASSESSOR'),('td_show_landinfo_on_improvements','1','Show the land information such as boundary etc in the improvement tax declaration. Options: 1 - show; 0 - hide','checkbox','ASSESSOR'),('url_logo_assessor','http://localhost/downloads/images/assessor.png','ASSESSOR URL LOG',NULL,'ASSESSOR'),('url_logo_lgu','http://localhost/downloads/images/lgu.png','logo path',NULL,'LGU'),('url_logo_treasury','http://localhost/downloads/images/treasury.png','TREASURY LOGO',NULL,'TREASURY');
/*!40000 ALTER TABLE `sys_var` ENABLE KEYS */;
UNLOCK TABLES;

--
-- Dumping data for table `tbletracsaccountmapping`
--

LOCK TABLES `tbletracsaccountmapping` WRITE;
/*!40000 ALTER TABLE `tbletracsaccountmapping` DISABLE KEYS */;
/*!40000 ALTER TABLE `tbletracsaccountmapping` ENABLE KEYS */;
UNLOCK TABLES;

--
-- Dumping data for table `txnlog`
--

LOCK TABLES `txnlog` WRITE;
/*!40000 ALTER TABLE `txnlog` DISABLE KEYS */;
/*!40000 ALTER TABLE `txnlog` ENABLE KEYS */;
UNLOCK TABLES;

--
-- Dumping data for table `txnref`
--

LOCK TABLES `txnref` WRITE;
/*!40000 ALTER TABLE `txnref` DISABLE KEYS */;
/*!40000 ALTER TABLE `txnref` ENABLE KEYS */;
UNLOCK TABLES;

--
-- Dumping data for table `txnsignatory`
--

LOCK TABLES `txnsignatory` WRITE;
/*!40000 ALTER TABLE `txnsignatory` DISABLE KEYS */;
/*!40000 ALTER TABLE `txnsignatory` ENABLE KEYS */;
UNLOCK TABLES;

--
-- Dumping data for table `workflowstate`
--

LOCK TABLES `workflowstate` WRITE;
/*!40000 ALTER TABLE `workflowstate` DISABLE KEYS */;
/*!40000 ALTER TABLE `workflowstate` ENABLE KEYS */;
UNLOCK TABLES;
/*!40103 SET TIME_ZONE=@OLD_TIME_ZONE */;

/*!40101 SET SQL_MODE=@OLD_SQL_MODE */;
/*!40014 SET FOREIGN_KEY_CHECKS=@OLD_FOREIGN_KEY_CHECKS */;
/*!40014 SET UNIQUE_CHECKS=@OLD_UNIQUE_CHECKS */;
/*!40101 SET CHARACTER_SET_CLIENT=@OLD_CHARACTER_SET_CLIENT */;
/*!40101 SET CHARACTER_SET_RESULTS=@OLD_CHARACTER_SET_RESULTS */;
/*!40101 SET COLLATION_CONNECTION=@OLD_COLLATION_CONNECTION */;
/*!40111 SET SQL_NOTES=@OLD_SQL_NOTES */;

-- Dump completed on 2014-05-10 10:27:37
