USE [@dbname]
GO


INSERT INTO sys_terminal ([terminalid], [parentid], [parentcode], [parenttype], [macaddress], [dtregistered], [registeredby], [info], [state]) VALUES ('T001', NULL, NULL, NULL, NULL, NULL, NULL, NULL, NULL);



INSERT INTO sys_usergroup ([objid], [title], [domain], [userclass], [orgclass], [role]) VALUES ('ACCOUNTS.ACCOUNT_DATAMGMT', 'ACCOUNT DATA MANAGEMENT', 'ACCOUNTS', 'usergroup', NULL, 'ACCOUNT_DATAMGMT');
INSERT INTO sys_usergroup ([objid], [title], [domain], [userclass], [orgclass], [role]) VALUES ('ADMIN.SYSADMIN', 'SYSTEM ADMINISTRATOR', 'ADMIN', 'usergroup', NULL, 'SYSADMIN');
INSERT INTO sys_usergroup ([objid], [title], [domain], [userclass], [orgclass], [role]) VALUES ('BPLS.ADMIN', 'BPLS ADMINISTRATOR', 'BPLS', 'usergroup', NULL, 'ADMIN');
INSERT INTO sys_usergroup ([objid], [title], [domain], [userclass], [orgclass], [role]) VALUES ('BPLS.APPROVER', 'BUSINESS APPROVER', 'BPLS', 'usergroup', NULL, 'APPROVER');
INSERT INTO sys_usergroup ([objid], [title], [domain], [userclass], [orgclass], [role]) VALUES ('BPLS.ASSESSOR', 'BPLS ASSESSOR', 'BPLS', 'usergroup', NULL, 'ASSESSOR');
INSERT INTO sys_usergroup ([objid], [title], [domain], [userclass], [orgclass], [role]) VALUES ('BPLS.BUSINESSINFO', 'BUSINESS INFORMATION', 'BPLS', 'usergroup', NULL, 'BUSINESSINFO');
INSERT INTO sys_usergroup ([objid], [title], [domain], [userclass], [orgclass], [role]) VALUES ('BPLS.CAPTURE_ENCODER', 'BPLS CAPTURE ENCODER', 'BPLS', 'usergroup', NULL, 'CAPTURE_ENCODER');
INSERT INTO sys_usergroup ([objid], [title], [domain], [userclass], [orgclass], [role]) VALUES ('BPLS.LICENSING', 'BPLS LICENSING', 'BPLS', 'usergroup', NULL, 'LICENSING');
INSERT INTO sys_usergroup ([objid], [title], [domain], [userclass], [orgclass], [role]) VALUES ('BPLS.MASTER', 'BPLS MASTER', 'BPLS', 'usergroup', NULL, 'MASTER');
INSERT INTO sys_usergroup ([objid], [title], [domain], [userclass], [orgclass], [role]) VALUES ('BPLS.RULE_AUTHOR', 'BPLS RULE AUTHOR', 'BPLS', 'usergroup', NULL, 'RULE_AUTHOR');
INSERT INTO sys_usergroup ([objid], [title], [domain], [userclass], [orgclass], [role]) VALUES ('BPLS.SHARED', 'BPLS SHARED', 'BPLS', 'usergroup', NULL, 'SHARED');
INSERT INTO sys_usergroup ([objid], [title], [domain], [userclass], [orgclass], [role]) VALUES ('CITY_ENGINEER.ADMIN', 'CITY ENGINEER ADMIN', 'CITY_ENGINEER', 'usergroup', NULL, 'ADMIN');
INSERT INTO sys_usergroup ([objid], [title], [domain], [userclass], [orgclass], [role]) VALUES ('CITY_ENGINEER.ASSESSOR', 'CITY ENGINEER ASSESSOR', 'CITY_ENGINEER', 'usergroup', NULL, 'ASSESSOR');
INSERT INTO sys_usergroup ([objid], [title], [domain], [userclass], [orgclass], [role]) VALUES ('DATAMGMT.ENTITY_ENCODER', 'ENTITY_ENCODER', 'DATAMGMT', 'usergroup', NULL, 'ENTITY_ENCODER');
INSERT INTO sys_usergroup ([objid], [title], [domain], [userclass], [orgclass], [role]) VALUES ('ENTITY.MASTER', 'ENTITY MASTER', 'ENTITY', 'usergroup', NULL, 'MASTER');
INSERT INTO sys_usergroup ([objid], [title], [domain], [userclass], [orgclass], [role]) VALUES ('ETRACSADMIN.TOOLS', 'ETRACS ADMIN', 'ETRACSADMIN', 'usergroup', NULL, 'ETRACS_ADMIN');
INSERT INTO sys_usergroup ([objid], [title], [domain], [userclass], [orgclass], [role]) VALUES ('RPT.APPRAISAL_CHIEF', 'APPRAISAL DIVISION CHIEF', 'RPT', 'usergroup', NULL, 'APPRAISAL_CHIEF');
INSERT INTO sys_usergroup ([objid], [title], [domain], [userclass], [orgclass], [role]) VALUES ('RPT.APPRAISER', 'APPRAISER', 'RPT', 'usergroup', NULL, 'APPRAISER');
INSERT INTO sys_usergroup ([objid], [title], [domain], [userclass], [orgclass], [role]) VALUES ('RPT.APPROVER', 'APPROVER', 'RPT', 'usergroup', NULL, 'APPROVER');
INSERT INTO sys_usergroup ([objid], [title], [domain], [userclass], [orgclass], [role]) VALUES ('RPT.ASSESSOR', 'ASSESSOR', 'RPT', 'usergroup', NULL, 'ASSESSOR');
INSERT INTO sys_usergroup ([objid], [title], [domain], [userclass], [orgclass], [role]) VALUES ('RPT.ASSESSOR_DATAMGMT', 'ASSESSOR DATA MANAGEMENT', 'RPT', 'usergroup', NULL, 'ASSESSOR_DATAMGMT');
INSERT INTO sys_usergroup ([objid], [title], [domain], [userclass], [orgclass], [role]) VALUES ('RPT.ASSESSOR_REPORT', 'ASSESSOR REPORT', 'RPT', 'usergroup', NULL, 'ASSESSOR_REPORT');
INSERT INTO sys_usergroup ([objid], [title], [domain], [userclass], [orgclass], [role]) VALUES ('RPT.ASSESSOR_SHARED', 'ASSESSOR SHARED', 'RPT', 'usergroup', NULL, 'ASSESSOR_SHARED');
INSERT INTO sys_usergroup ([objid], [title], [domain], [userclass], [orgclass], [role]) VALUES ('RPT.ASSISTANT_ASSESSOR', 'ASSISTANT ASSESSOR', 'RPT', 'usergroup', NULL, 'ASSISTANT_ASSESSOR');
INSERT INTO sys_usergroup ([objid], [title], [domain], [userclass], [orgclass], [role]) VALUES ('RPT.CERTIFICATION_ISSUER', 'CERTIFICATION_ISSUER', 'RPT', 'usergroup', NULL, 'CERTIFICATION_ISSUER');
INSERT INTO sys_usergroup ([objid], [title], [domain], [userclass], [orgclass], [role]) VALUES ('RPT.EXAMINER', 'EXAMINER', 'RPT', 'usergroup', NULL, 'EXAMINER');
INSERT INTO sys_usergroup ([objid], [title], [domain], [userclass], [orgclass], [role]) VALUES ('RPT.LANDTAX', 'LANDTAX', 'RPT', 'usergroup', NULL, 'LANDTAX');
INSERT INTO sys_usergroup ([objid], [title], [domain], [userclass], [orgclass], [role]) VALUES ('RPT.LANDTAX_DATAMGMT', 'LANDTAX DATA MANAGEMENT', 'RPT', 'usergroup', NULL, 'LANDTAX_DATAMGMT');
INSERT INTO sys_usergroup ([objid], [title], [domain], [userclass], [orgclass], [role]) VALUES ('RPT.LANDTAX_REPORT', 'LANDTAX REPORT', 'RPT', 'usergroup', NULL, 'LANDTAX_REPORT');
INSERT INTO sys_usergroup ([objid], [title], [domain], [userclass], [orgclass], [role]) VALUES ('RPT.LANDTAX_SHARED', 'LANDTAX SHARED', 'RPT', 'usergroup', NULL, 'LANDTAX_SHARED');
INSERT INTO sys_usergroup ([objid], [title], [domain], [userclass], [orgclass], [role]) VALUES ('RPT.MASTER', 'MASTER', 'RPT', 'usergroup', NULL, 'MASTER');
INSERT INTO sys_usergroup ([objid], [title], [domain], [userclass], [orgclass], [role]) VALUES ('RPT.RECOMMENDER', 'RECOMMENDER', 'RPT', 'usergroup', NULL, 'RECOMMENDER');
INSERT INTO sys_usergroup ([objid], [title], [domain], [userclass], [orgclass], [role]) VALUES ('RPT.RECORD', 'RECORD', 'RPT', 'usergroup', NULL, 'RECORD');
INSERT INTO sys_usergroup ([objid], [title], [domain], [userclass], [orgclass], [role]) VALUES ('RPT.RULE_AUTHOR', 'RULE AUTHOR', 'RPT', 'usergroup', NULL, 'RULE_AUTHOR');
INSERT INTO sys_usergroup ([objid], [title], [domain], [userclass], [orgclass], [role]) VALUES ('RPT.TAXMAPPER', 'TAXMAPPER', 'RPT', 'usergroup', NULL, 'TAXMAPPER');
INSERT INTO sys_usergroup ([objid], [title], [domain], [userclass], [orgclass], [role]) VALUES ('RPT.TAXMAPPER_CHIEF', 'TAXMAPPER DIVISION CHIEF', 'RPT', 'usergroup', NULL, 'TAXMAPPER_CHIEF');
INSERT INTO sys_usergroup ([objid], [title], [domain], [userclass], [orgclass], [role]) VALUES ('TREASURY.AFO', 'ACCOUNTABLE FORM OFFICER', 'TREASURY', 'usergroup', NULL, 'AFO');
INSERT INTO sys_usergroup ([objid], [title], [domain], [userclass], [orgclass], [role]) VALUES ('TREASURY.CASHIER', 'CASHIER', 'TREASURY', 'usergroup', NULL, 'CASHIER');
INSERT INTO sys_usergroup ([objid], [title], [domain], [userclass], [orgclass], [role]) VALUES ('TREASURY.COLLECTOR', 'COLLECTOR', 'TREASURY', 'usergroup', NULL, 'COLLECTOR');
INSERT INTO sys_usergroup ([objid], [title], [domain], [userclass], [orgclass], [role]) VALUES ('TREASURY.DATA_CONTROLLER', 'TREASURY DATA CONTROLLER', 'TREASURY', 'usergroup', NULL, 'DATA_CONTROLLER');
INSERT INTO sys_usergroup ([objid], [title], [domain], [userclass], [orgclass], [role]) VALUES ('TREASURY.LIQUIDATING_OFFICER', 'LIQUIDATING OFFICER', 'TREASURY', 'usergroup', NULL, 'LIQUIDATING_OFFICER');
INSERT INTO sys_usergroup ([objid], [title], [domain], [userclass], [orgclass], [role]) VALUES ('TREASURY.MASTER', 'TREASURY MASTER', 'TREASURY', 'usergroup', NULL, 'MASTER');
INSERT INTO sys_usergroup ([objid], [title], [domain], [userclass], [orgclass], [role]) VALUES ('TREASURY.REPORT', 'TREASURY REPORT', 'TREASURY', 'usergroup', NULL, 'REPORT');
INSERT INTO sys_usergroup ([objid], [title], [domain], [userclass], [orgclass], [role]) VALUES ('TREASURY.RULE_AUTHOR', 'CTC RULE AUTHOR', 'TREASURY', 'userclass', NULL, 'RULE_AUTHOR');
INSERT INTO sys_usergroup ([objid], [title], [domain], [userclass], [orgclass], [role]) VALUES ('TREASURY.SHARED', 'TREASURY SHARED', 'TREASURY', 'usergroup', NULL, 'SHARED');
INSERT INTO sys_usergroup ([objid], [title], [domain], [userclass], [orgclass], [role]) VALUES ('TREASURY.SUBCOLLECTOR', 'SUBCOLLECTOR', 'TREASURY', 'usergroup', NULL, 'SUBCOLLECTOR');



INSERT INTO sys_usergroup_permission ([objid], [usergroup_objid], [object], [permission], [title]) VALUES ('BPLS-BUSINESSINFO-captureBusiness', 'BPLS.BUSINESSINFO', 'business', 'capture', 'Capture');
INSERT INTO sys_usergroup_permission ([objid], [usergroup_objid], [object], [permission], [title]) VALUES ('ENTITY-MASTER-createIndividual', 'ENTITY.MASTER', 'individualentity', 'create', 'Create');
INSERT INTO sys_usergroup_permission ([objid], [usergroup_objid], [object], [permission], [title]) VALUES ('ENTITY-MASTER-createJuridical', 'ENTITY.MASTER', 'juridicalentity', 'create', 'Create');
INSERT INTO sys_usergroup_permission ([objid], [usergroup_objid], [object], [permission], [title]) VALUES ('ENTITY-MASTER-createMultiple', 'ENTITY.MASTER', 'multipleentity', 'create', 'Create');
INSERT INTO sys_usergroup_permission ([objid], [usergroup_objid], [object], [permission], [title]) VALUES ('ENTITY-MASTER-deleteIndividual', 'ENTITY.MASTER', 'individualentity', 'delete', 'Delete');
INSERT INTO sys_usergroup_permission ([objid], [usergroup_objid], [object], [permission], [title]) VALUES ('ENTITY-MASTER-deleteJuridical', 'ENTITY.MASTER', 'juridicalentity', 'delete', 'Delete');
INSERT INTO sys_usergroup_permission ([objid], [usergroup_objid], [object], [permission], [title]) VALUES ('ENTITY-MASTER-deleteMultiple', 'ENTITY.MASTER', 'multipleentity', 'delete', 'Delete');
INSERT INTO sys_usergroup_permission ([objid], [usergroup_objid], [object], [permission], [title]) VALUES ('ENTITY-MASTER-editIndividual', 'ENTITY.MASTER', 'individualentity', 'edit', 'Edit');
INSERT INTO sys_usergroup_permission ([objid], [usergroup_objid], [object], [permission], [title]) VALUES ('ENTITY-MASTER-editJuridical', 'ENTITY.MASTER', 'juridicalentity', 'edit', 'Edit');
INSERT INTO sys_usergroup_permission ([objid], [usergroup_objid], [object], [permission], [title]) VALUES ('ENTITY-MASTER-editMultiple', 'ENTITY.MASTER', 'multipleentity', 'edit', 'Edit');
INSERT INTO sys_usergroup_permission ([objid], [usergroup_objid], [object], [permission], [title]) VALUES ('ENTITY-MASTER-openIndividual', 'ENTITY.MASTER', 'individualentity', 'open', 'Open');
INSERT INTO sys_usergroup_permission ([objid], [usergroup_objid], [object], [permission], [title]) VALUES ('ENTITY-MASTER-openJuridical', 'ENTITY.MASTER', 'juridicalentity', 'open', 'Open');
INSERT INTO sys_usergroup_permission ([objid], [usergroup_objid], [object], [permission], [title]) VALUES ('ENTITY-MASTER-openMultiple', 'ENTITY.MASTER', 'multipleentity', 'open', 'Open');
INSERT INTO sys_usergroup_permission ([objid], [usergroup_objid], [object], [permission], [title]) VALUES ('RPT-ANNOTATION-C', 'RPT.APPRAISER', 'annotation', 'create', 'create');
INSERT INTO sys_usergroup_permission ([objid], [usergroup_objid], [object], [permission], [title]) VALUES ('RPT-ANNOTATION-R', 'RPT.APPRAISER', 'annotation', 'read', 'read');
INSERT INTO sys_usergroup_permission ([objid], [usergroup_objid], [object], [permission], [title]) VALUES ('RPT-BILLING-C', 'RPT.LANDTAX', 'rptbilling', 'create', 'create');
INSERT INTO sys_usergroup_permission ([objid], [usergroup_objid], [object], [permission], [title]) VALUES ('RPT-CANCELANNOTATION-C', 'RPT.APPRAISER', 'cancelannotation', 'create', 'create');
INSERT INTO sys_usergroup_permission ([objid], [usergroup_objid], [object], [permission], [title]) VALUES ('RPT-CANCELFAAS-C', 'RPT.APPRAISER', 'cancelfaas', 'create', 'create');
INSERT INTO sys_usergroup_permission ([objid], [usergroup_objid], [object], [permission], [title]) VALUES ('RPT-CERTICICATION-LE', 'RPT.CERTIFICATION_ISSUER', 'certification', 'latestandexisting', 'latestandexisting');
INSERT INTO sys_usergroup_permission ([objid], [usergroup_objid], [object], [permission], [title]) VALUES ('RPT-CERTIFICATION-LH', 'RPT.CERTIFICATION_ISSUER', 'certification', 'landholding', 'landholding');
INSERT INTO sys_usergroup_permission ([objid], [usergroup_objid], [object], [permission], [title]) VALUES ('RPT-CERTIFICATION-MP', 'RPT.CERTIFICATION_ISSUER', 'certification', 'multipleproperty', 'multipleproperty');
INSERT INTO sys_usergroup_permission ([objid], [usergroup_objid], [object], [permission], [title]) VALUES ('RPT-CERTIFICATION-NE', 'RPT.CERTIFICATION_ISSUER', 'certification', 'noencumbrance', 'noencumbrance');
INSERT INTO sys_usergroup_permission ([objid], [usergroup_objid], [object], [permission], [title]) VALUES ('RPT-CERTIFICATION-NP', 'RPT.CERTIFICATION_ISSUER', 'certification', 'noproperty', 'noproperty');
INSERT INTO sys_usergroup_permission ([objid], [usergroup_objid], [object], [permission], [title]) VALUES ('RPT-CERTIFICATION-OWN', 'RPT.CERTIFICATION_ISSUER', 'certification', 'ownership', 'ownership');
INSERT INTO sys_usergroup_permission ([objid], [usergroup_objid], [object], [permission], [title]) VALUES ('RPT-CERTIFICATION-TDT', 'RPT.CERTIFICATION_ISSUER', 'certification', 'tdtruecopy', 'tdtruecopy');
INSERT INTO sys_usergroup_permission ([objid], [usergroup_objid], [object], [permission], [title]) VALUES ('RPT-CS-C', 'RPT.APPRAISER', 'consolidation', 'create', 'create');
INSERT INTO sys_usergroup_permission ([objid], [usergroup_objid], [object], [permission], [title]) VALUES ('RPT-CS-D', 'RPT.APPRAISER', 'consolidation', 'delete', 'delete');
INSERT INTO sys_usergroup_permission ([objid], [usergroup_objid], [object], [permission], [title]) VALUES ('RPT-CS-R', 'RPT.APPRAISER', 'consolidation', 'read', 'read');
INSERT INTO sys_usergroup_permission ([objid], [usergroup_objid], [object], [permission], [title]) VALUES ('RPT-CS-U', 'RPT.APPRAISER', 'consolidation', 'edit', 'edit');
INSERT INTO sys_usergroup_permission ([objid], [usergroup_objid], [object], [permission], [title]) VALUES ('RPT-FAAS-APPROVER-A', 'RPT.APPROVER', 'faas', 'approve', 'approve');
INSERT INTO sys_usergroup_permission ([objid], [usergroup_objid], [object], [permission], [title]) VALUES ('RPT-FAAS-APPROVER-D', 'RPT.APPROVER', 'faas', 'disapprove', 'disapprove');
INSERT INTO sys_usergroup_permission ([objid], [usergroup_objid], [object], [permission], [title]) VALUES ('RPT-FAAS-C-CC', 'RPT.APPRAISER', 'faas', 'createChangeClassificatio', 'createChangeClassificatio');
INSERT INTO sys_usergroup_permission ([objid], [usergroup_objid], [object], [permission], [title]) VALUES ('RPT-FAAS-C-CD', 'RPT.APPRAISER', 'faas', 'createChangeDepreciation', 'createChangeDepreciation');
INSERT INTO sys_usergroup_permission ([objid], [usergroup_objid], [object], [permission], [title]) VALUES ('RPT-FAAS-C-CE', 'RPT.APPRAISER', 'faas', 'createCorrection', 'createCorrection');
INSERT INTO sys_usergroup_permission ([objid], [usergroup_objid], [object], [permission], [title]) VALUES ('RPT-FAAS-C-CT', 'RPT.APPRAISER', 'faas', 'createChangeTaxability', 'createChangeTaxability');
INSERT INTO sys_usergroup_permission ([objid], [usergroup_objid], [object], [permission], [title]) VALUES ('RPT-FAAS-C-DC', 'RPT.APPRAISER', 'faas', 'createDataCapture', 'createDataCapture');
INSERT INTO sys_usergroup_permission ([objid], [usergroup_objid], [object], [permission], [title]) VALUES ('RPT-FAAS-C-GR', 'RPT.APPRAISER', 'faas', 'createGeneralRevision', 'createGeneralRevision');
INSERT INTO sys_usergroup_permission ([objid], [usergroup_objid], [object], [permission], [title]) VALUES ('RPT-FAAS-C-MC', 'RPT.APPRAISER', 'faas', 'createMultipleClaim', 'createMultipleClaim');
INSERT INTO sys_usergroup_permission ([objid], [usergroup_objid], [object], [permission], [title]) VALUES ('RPT-FAAS-C-ND', 'RPT.APPRAISER', 'faas', 'createNewDiscovery', 'createNewDiscovery');
INSERT INTO sys_usergroup_permission ([objid], [usergroup_objid], [object], [permission], [title]) VALUES ('RPT-FAAS-C-RE', 'RPT.APPRAISER', 'faas', 'createReassessment', 'createReassessment');
INSERT INTO sys_usergroup_permission ([objid], [usergroup_objid], [object], [permission], [title]) VALUES ('RPT-FAAS-C-TR', 'RPT.APPRAISER', 'faas', 'createTransfer', 'createTransfer');
INSERT INTO sys_usergroup_permission ([objid], [usergroup_objid], [object], [permission], [title]) VALUES ('RPT-FAAS-D', 'RPT.APPRAISER', 'faas', 'delete', 'delete');
INSERT INTO sys_usergroup_permission ([objid], [usergroup_objid], [object], [permission], [title]) VALUES ('RPT-FAAS-E', 'RPT.APPRAISER', 'faas', 'edit', 'edit');
INSERT INTO sys_usergroup_permission ([objid], [usergroup_objid], [object], [permission], [title]) VALUES ('RPT-FAAS-R', 'RPT.APPRAISER', 'faas', 'read', 'read');
INSERT INTO sys_usergroup_permission ([objid], [usergroup_objid], [object], [permission], [title]) VALUES ('RPT-FAAS-REC-A', 'RPT.RECOMMENDER', 'faas', 'approve', 'approve');
INSERT INTO sys_usergroup_permission ([objid], [usergroup_objid], [object], [permission], [title]) VALUES ('RPT-FAAS-REC-D', 'RPT.RECOMMENDER', 'faas', 'disapprove', 'disapprove');
INSERT INTO sys_usergroup_permission ([objid], [usergroup_objid], [object], [permission], [title]) VALUES ('RPT-FAAS-REC-S', 'RPT.RECOMMENDER', 'faas', 'submitToProvince', 'submitToProvince');
INSERT INTO sys_usergroup_permission ([objid], [usergroup_objid], [object], [permission], [title]) VALUES ('RPT-FAAS-S', 'RPT.APPRAISER', 'faas', 'submit', 'submit');
INSERT INTO sys_usergroup_permission ([objid], [usergroup_objid], [object], [permission], [title]) VALUES ('RPT-FAASUPDATE-C', 'RPT.APPRAISER', 'faasupdate', 'create', 'create');
INSERT INTO sys_usergroup_permission ([objid], [usergroup_objid], [object], [permission], [title]) VALUES ('RPT-FA-C', 'RPT.APPRAISER', 'annotation', 'create', 'create');
INSERT INTO sys_usergroup_permission ([objid], [usergroup_objid], [object], [permission], [title]) VALUES ('RPT-FA-D', 'RPT.APPRAISER', 'annotation', 'delete', 'delete');
INSERT INTO sys_usergroup_permission ([objid], [usergroup_objid], [object], [permission], [title]) VALUES ('RPT-FA-R', 'RPT.APPRAISER', 'annotation', 'read', 'read');
INSERT INTO sys_usergroup_permission ([objid], [usergroup_objid], [object], [permission], [title]) VALUES ('RPT-FA-U', 'RPT.APPRAISER', 'annotation', 'edit', 'edit');
INSERT INTO sys_usergroup_permission ([objid], [usergroup_objid], [object], [permission], [title]) VALUES ('RPT-GR-BATCH', 'RPT.ASSESSOR', 'batchgr', 'create', 'create');
INSERT INTO sys_usergroup_permission ([objid], [usergroup_objid], [object], [permission], [title]) VALUES ('RPT-LEDGER-A', 'RPT.LANDTAX', 'rptledger', 'approve', 'approve');
INSERT INTO sys_usergroup_permission ([objid], [usergroup_objid], [object], [permission], [title]) VALUES ('RPT-LEDGER-C', 'RPT.LANDTAX', 'rptledger', 'capturepayment', 'capturepayment');
INSERT INTO sys_usergroup_permission ([objid], [usergroup_objid], [object], [permission], [title]) VALUES ('RPT-LEDGER-CHANGESTATE', 'RPT.LANDTAX', 'rptledger', 'changestate', 'changestate');
INSERT INTO sys_usergroup_permission ([objid], [usergroup_objid], [object], [permission], [title]) VALUES ('RPT-LEDGER-E', 'RPT.LANDTAX', 'rptledger', 'edit', 'edit');
INSERT INTO sys_usergroup_permission ([objid], [usergroup_objid], [object], [permission], [title]) VALUES ('RPT-LEDGER-FL', 'RPT.LANDTAX', 'rptledger', 'fixledger', 'fixledger');
INSERT INTO sys_usergroup_permission ([objid], [usergroup_objid], [object], [permission], [title]) VALUES ('RPT-NA-C', 'RPT.APPRAISER', 'noticeofassessment', 'create', 'create');
INSERT INTO sys_usergroup_permission ([objid], [usergroup_objid], [object], [permission], [title]) VALUES ('RPT-NA-R', 'RPT.APPRAISER', 'noticeofassessment', 'read', 'read');
INSERT INTO sys_usergroup_permission ([objid], [usergroup_objid], [object], [permission], [title]) VALUES ('RPT-RESECTION-C', 'RPT.APPRAISER', 'resection', 'create', 'create');
INSERT INTO sys_usergroup_permission ([objid], [usergroup_objid], [object], [permission], [title]) VALUES ('RPT-RESECTION-D', 'RPT.APPRAISER', 'resection', 'delete', 'delete');
INSERT INTO sys_usergroup_permission ([objid], [usergroup_objid], [object], [permission], [title]) VALUES ('RPT-RESECTION-E', 'RPT.APPRAISER', 'resection', 'edit', 'edit');
INSERT INTO sys_usergroup_permission ([objid], [usergroup_objid], [object], [permission], [title]) VALUES ('RPT-RESECTION-S', 'RPT.APPRAISER', 'resection', 'submit', 'submit');
INSERT INTO sys_usergroup_permission ([objid], [usergroup_objid], [object], [permission], [title]) VALUES ('RPT-SD-C', 'RPT.APPRAISER', 'subdivision', 'create', 'create');
INSERT INTO sys_usergroup_permission ([objid], [usergroup_objid], [object], [permission], [title]) VALUES ('RPT-SD-D', 'RPT.APPRAISER', 'subdivision', 'delete', 'delete');
INSERT INTO sys_usergroup_permission ([objid], [usergroup_objid], [object], [permission], [title]) VALUES ('RPT-SD-R', 'RPT.APPRAISER', 'subdivision', 'read', 'read');
INSERT INTO sys_usergroup_permission ([objid], [usergroup_objid], [object], [permission], [title]) VALUES ('RPT-SD-S', 'RPT.APPRAISER', 'subdivision', 'submit', 'submit');
INSERT INTO sys_usergroup_permission ([objid], [usergroup_objid], [object], [permission], [title]) VALUES ('RPT-SD-U', 'RPT.APPRAISER', 'subdivision', 'edit', 'edit');
INSERT INTO sys_usergroup_permission ([objid], [usergroup_objid], [object], [permission], [title]) VALUES ('RPT-TAXCLEARANCE-C', 'RPT.LANDTAX', 'taxclearance', 'create', 'create');
INSERT INTO sys_usergroup_permission ([objid], [usergroup_objid], [object], [permission], [title]) VALUES ('RPT-UTIL-MODIFYPIN', 'RPT.APPRAISER', 'util', 'modifypin', 'modifypin');
INSERT INTO sys_usergroup_permission ([objid], [usergroup_objid], [object], [permission], [title]) VALUES ('SUBCOLLECTOR-DISAPPROVED', 'TREASURY.SUBCOLLECTOR', 'batchcapture', 'disapprove', 'disapprove');
INSERT INTO sys_usergroup_permission ([objid], [usergroup_objid], [object], [permission], [title]) VALUES ('SUBCOLLECTOR-POST', 'TREASURY.SUBCOLLECTOR', 'batchcapture', 'post', 'post');
INSERT INTO sys_usergroup_permission ([objid], [usergroup_objid], [object], [permission], [title]) VALUES ('TREASURY-AFO-afserial-forward', 'TREASURY.AFO', 'afserial', 'forward', 'Forward');
INSERT INTO sys_usergroup_permission ([objid], [usergroup_objid], [object], [permission], [title]) VALUES ('TREASURY-AFO-cashticket-forward', 'TREASURY.AFO', 'cashticket', 'forward', 'Forward');
INSERT INTO sys_usergroup_permission ([objid], [usergroup_objid], [object], [permission], [title]) VALUES ('TREASURY-COLLECTOR', 'TREASURY.COLLECTOR', 'receipt', 'online', 'online');
INSERT INTO sys_usergroup_permission ([objid], [usergroup_objid], [object], [permission], [title]) VALUES ('TREASURY-DATA_CONTROLLER-batchcapture-manage', 'TREASURY.DATA_CONTROLLER', 'batchcapture', 'manage', 'Manage Batch Capture');
INSERT INTO sys_usergroup_permission ([objid], [usergroup_objid], [object], [permission], [title]) VALUES ('TREASURY-LIQUIDATING_OFFICER', 'TREASURY.LIQUIDATING_OFFICER', 'cashbook', 'list', 'list');
INSERT INTO sys_usergroup_permission ([objid], [usergroup_objid], [object], [permission], [title]) VALUES ('TREASURY-MASTER-createbank', 'TREASURY.MASTER', 'bank', 'create', 'Create');
INSERT INTO sys_usergroup_permission ([objid], [usergroup_objid], [object], [permission], [title]) VALUES ('TREASURY-MASTER-createcashbook', 'TREASURY.MASTER', 'cashbook', 'create', 'Create');
INSERT INTO sys_usergroup_permission ([objid], [usergroup_objid], [object], [permission], [title]) VALUES ('TREASURY-MASTER-createcollectiongroup', 'TREASURY.MASTER', 'collectiongroup', 'create', 'Create');
INSERT INTO sys_usergroup_permission ([objid], [usergroup_objid], [object], [permission], [title]) VALUES ('TREASURY-MASTER-createcollectiontype', 'TREASURY.MASTER', 'collectiontype', 'create', 'Create');
INSERT INTO sys_usergroup_permission ([objid], [usergroup_objid], [object], [permission], [title]) VALUES ('TREASURY-MASTER-createFund', 'TREASURY.MASTER', 'fund', 'create', 'Create');
INSERT INTO sys_usergroup_permission ([objid], [usergroup_objid], [object], [permission], [title]) VALUES ('TREASURY-MASTER-createRevenueItem', 'TREASURY.MASTER', 'revenueitem', 'create', 'Create');
INSERT INTO sys_usergroup_permission ([objid], [usergroup_objid], [object], [permission], [title]) VALUES ('TREASURY-MASTER-createsreaccount', 'TREASURY.MASTER', 'sreaccount', 'create', 'Create');
INSERT INTO sys_usergroup_permission ([objid], [usergroup_objid], [object], [permission], [title]) VALUES ('TREASURY-MASTER-deletebank', 'TREASURY.MASTER', 'bank', 'delete', 'Delete');
INSERT INTO sys_usergroup_permission ([objid], [usergroup_objid], [object], [permission], [title]) VALUES ('TREASURY-MASTER-deletecashbook', 'TREASURY.MASTER', 'cashbook', 'delete', 'Delete');
INSERT INTO sys_usergroup_permission ([objid], [usergroup_objid], [object], [permission], [title]) VALUES ('TREASURY-MASTER-deletecollectiongroup', 'TREASURY.MASTER', 'collectiongroup', 'delete', 'Delete');
INSERT INTO sys_usergroup_permission ([objid], [usergroup_objid], [object], [permission], [title]) VALUES ('TREASURY-MASTER-deletecollectiontype', 'TREASURY.MASTER', 'collectiontype', 'delete', 'Delete');
INSERT INTO sys_usergroup_permission ([objid], [usergroup_objid], [object], [permission], [title]) VALUES ('TREASURY-MASTER-deleteFund', 'TREASURY.MASTER', 'fund', 'delete', 'Delete');
INSERT INTO sys_usergroup_permission ([objid], [usergroup_objid], [object], [permission], [title]) VALUES ('TREASURY-MASTER-deleteRevenueItem', 'TREASURY.MASTER', 'revenueitem', 'delete', 'Delete');
INSERT INTO sys_usergroup_permission ([objid], [usergroup_objid], [object], [permission], [title]) VALUES ('TREASURY-MASTER-deletesreaccount', 'TREASURY.MASTER', 'sreaccount', 'delete', 'Delete');
INSERT INTO sys_usergroup_permission ([objid], [usergroup_objid], [object], [permission], [title]) VALUES ('TREASURY-MASTER-editbank', 'TREASURY.MASTER', 'bank', 'edit', 'Edit');
INSERT INTO sys_usergroup_permission ([objid], [usergroup_objid], [object], [permission], [title]) VALUES ('TREASURY-MASTER-editcashbook', 'TREASURY.MASTER', 'cashbook', 'edit', 'Edit');
INSERT INTO sys_usergroup_permission ([objid], [usergroup_objid], [object], [permission], [title]) VALUES ('TREASURY-MASTER-editcollectiongroup', 'TREASURY.MASTER', 'collectiongroup', 'edit', 'Edit');
INSERT INTO sys_usergroup_permission ([objid], [usergroup_objid], [object], [permission], [title]) VALUES ('TREASURY-MASTER-editcollectiontype', 'TREASURY.MASTER', 'collectiontype', 'edit', 'Edit');
INSERT INTO sys_usergroup_permission ([objid], [usergroup_objid], [object], [permission], [title]) VALUES ('TREASURY-MASTER-editFund', 'TREASURY.MASTER', 'fund', 'edit', 'Edit');
INSERT INTO sys_usergroup_permission ([objid], [usergroup_objid], [object], [permission], [title]) VALUES ('TREASURY-MASTER-editRevenueItem', 'TREASURY.MASTER', 'revenueitem', 'edit', 'Edit');
INSERT INTO sys_usergroup_permission ([objid], [usergroup_objid], [object], [permission], [title]) VALUES ('TREASURY-MASTER-editsreaccount', 'TREASURY.MASTER', 'sreaccount', 'edit', 'Edit');
INSERT INTO sys_usergroup_permission ([objid], [usergroup_objid], [object], [permission], [title]) VALUES ('TREASURY-MASTER-openbank', 'TREASURY.MASTER', 'bank', 'open', 'Open');
INSERT INTO sys_usergroup_permission ([objid], [usergroup_objid], [object], [permission], [title]) VALUES ('TREASURY-MASTER-opencashbook', 'TREASURY.MASTER', 'cashbook', 'open', 'Open');
INSERT INTO sys_usergroup_permission ([objid], [usergroup_objid], [object], [permission], [title]) VALUES ('TREASURY-MASTER-opencollectiongroup', 'TREASURY.MASTER', 'collectiongroup', 'open', 'Open');
INSERT INTO sys_usergroup_permission ([objid], [usergroup_objid], [object], [permission], [title]) VALUES ('TREASURY-MASTER-opencollectiontype', 'TREASURY.MASTER', 'collectiontype', 'open', 'Open');
INSERT INTO sys_usergroup_permission ([objid], [usergroup_objid], [object], [permission], [title]) VALUES ('TREASURY-MASTER-openFund', 'TREASURY.MASTER', 'fund', 'open', 'Open');
INSERT INTO sys_usergroup_permission ([objid], [usergroup_objid], [object], [permission], [title]) VALUES ('TREASURY-MASTER-openRevenueItem', 'TREASURY.MASTER', 'revenueitem', 'open', 'Open');
INSERT INTO sys_usergroup_permission ([objid], [usergroup_objid], [object], [permission], [title]) VALUES ('TREASURY-MASTER-opensreaccount', 'TREASURY.MASTER', 'sreaccount', 'open', 'Open');
INSERT INTO sys_usergroup_permission ([objid], [usergroup_objid], [object], [permission], [title]) VALUES ('TREASURY-MASTER-viewbank', 'TREASURY.MASTER', 'bank', 'view', 'View');
INSERT INTO sys_usergroup_permission ([objid], [usergroup_objid], [object], [permission], [title]) VALUES ('TREASURY-MASTER-viewcashbook', 'TREASURY.MASTER', 'cashbook', 'view', 'View');
INSERT INTO sys_usergroup_permission ([objid], [usergroup_objid], [object], [permission], [title]) VALUES ('TREASURY-MASTER-viewcollectiongroup', 'TREASURY.MASTER', 'collectiongroup', 'view', 'View');
INSERT INTO sys_usergroup_permission ([objid], [usergroup_objid], [object], [permission], [title]) VALUES ('TREASURY-MASTER-viewcollectiontype', 'TREASURY.MASTER', 'collectiontype', 'view', 'View');
INSERT INTO sys_usergroup_permission ([objid], [usergroup_objid], [object], [permission], [title]) VALUES ('TREASURY-MASTER-viewFund', 'TREASURY.MASTER', 'fund', 'view', 'View');
INSERT INTO sys_usergroup_permission ([objid], [usergroup_objid], [object], [permission], [title]) VALUES ('TREASURY-MASTER-viewRevenueItem', 'TREASURY.MASTER', 'revenueitem', 'view', 'View');
INSERT INTO sys_usergroup_permission ([objid], [usergroup_objid], [object], [permission], [title]) VALUES ('TREASURY-MASTER-viewsreaccount', 'TREASURY.MASTER', 'sreaccount', 'view', 'View');
INSERT INTO sys_usergroup_permission ([objid], [usergroup_objid], [object], [permission], [title]) VALUES ('TREASURY-REPORT-collectionbyfund-viewreport', 'TREASURY.REPORT', 'collectionbyfund', 'viewreport', 'View Report');
INSERT INTO sys_usergroup_permission ([objid], [usergroup_objid], [object], [permission], [title]) VALUES ('TREASURY-REPORT-directtocash-viewreport', 'TREASURY.REPORT', 'directtocash', 'viewreport', 'View Report');
INSERT INTO sys_usergroup_permission ([objid], [usergroup_objid], [object], [permission], [title]) VALUES ('TREASURY-REPORT-srs-viewreport', 'TREASURY.REPORT', 'srs', 'viewreport', 'View Report');
INSERT INTO sys_usergroup_permission ([objid], [usergroup_objid], [object], [permission], [title]) VALUES ('TREASURY-REPORT-statementofrevenue-viewreport', 'TREASURY.REPORT', 'statementofrevenue', 'viewreport', 'View Report');
INSERT INTO sys_usergroup_permission ([objid], [usergroup_objid], [object], [permission], [title]) VALUES ('TREASURY-SHARED-bankdeposit-view', 'TREASURY.SHARED', 'bankdeposit', 'view', 'View List');
INSERT INTO sys_usergroup_permission ([objid], [usergroup_objid], [object], [permission], [title]) VALUES ('TREASURY-SHARED-liquidation-view', 'TREASURY.SHARED', 'liquidation', 'view', 'View List');
INSERT INTO sys_usergroup_permission ([objid], [usergroup_objid], [object], [permission], [title]) VALUES ('TREASURY-SHARED-remittance-view', 'TREASURY.SHARED', 'remittance', 'view', 'View List');




INSERT INTO sys_ruleset ([name], [title], [packagename], [domain], [role], [permission]) VALUES ('bpassessment', 'BP Assessment Rules', NULL, 'BPLS', 'DATAMGMT', NULL);
INSERT INTO sys_ruleset ([name], [title], [packagename], [domain], [role], [permission]) VALUES ('bpbilling', 'BPLS Billing Rules', NULL, 'BPLS', 'DATAMGMT', NULL);
INSERT INTO sys_ruleset ([name], [title], [packagename], [domain], [role], [permission]) VALUES ('bpinfo', 'BP Info', NULL, 'BPLS', 'DATAMGMT', NULL);
INSERT INTO sys_ruleset ([name], [title], [packagename], [domain], [role], [permission]) VALUES ('ctccorporate', 'CTC Corporate Assessment Rules', 'ctccorporate', NULL, NULL, NULL);
INSERT INTO sys_ruleset ([name], [title], [packagename], [domain], [role], [permission]) VALUES ('ctcindividual', 'CTC Individual Assessment Rules', 'ctcindividual', NULL, NULL, NULL);
INSERT INTO sys_ruleset ([name], [title], [packagename], [domain], [role], [permission]) VALUES ('rptbilling', 'RPT Billing Rules', 'rptbilling', 'RPT', 'RULE_AUTHOR', NULL);
INSERT INTO sys_ruleset ([name], [title], [packagename], [domain], [role], [permission]) VALUES ('rptrequirement', 'RPT Requirement Rules', 'rptrequirement', 'RPT', 'RULE_AUTHOR', NULL);

INSERT INTO sys_rulegroup ([name], [ruleset], [title], [sortorder]) VALUES ('ADDITIONAL_TAX', 'ctccorporate', 'Additional Tax Computation', '2');
INSERT INTO sys_rulegroup ([name], [ruleset], [title], [sortorder]) VALUES ('ADDITIONAL_TAX', 'ctcindividual', 'Additional Tax Computation', '2');
INSERT INTO sys_rulegroup ([name], [ruleset], [title], [sortorder]) VALUES ('AFTER_ASSIGN_REVENUE', 'rptbilling', 'After Assign Revenue Period', '9');
INSERT INTO sys_rulegroup ([name], [ruleset], [title], [sortorder]) VALUES ('AFTER_DISCOUNT', 'rptbilling', 'After Discount Computation', '6');
INSERT INTO sys_rulegroup ([name], [ruleset], [title], [sortorder]) VALUES ('AFTER_PENALTY', 'rptbilling', 'After Penalty Computation', '4');
INSERT INTO sys_rulegroup ([name], [ruleset], [title], [sortorder]) VALUES ('AFTER_REQUIREMENT', 'rptrequirement', 'After Requirement', '2');
INSERT INTO sys_rulegroup ([name], [ruleset], [title], [sortorder]) VALUES ('AFTER_TAX', 'ctccorporate', 'After Tax Computation', '3');
INSERT INTO sys_rulegroup ([name], [ruleset], [title], [sortorder]) VALUES ('AFTER_TAX', 'ctcindividual', 'After Tax Computation', '3');
INSERT INTO sys_rulegroup ([name], [ruleset], [title], [sortorder]) VALUES ('AFTER_TAX', 'rptbilling', 'After Tax Computation', '2');
INSERT INTO sys_rulegroup ([name], [ruleset], [title], [sortorder]) VALUES ('appinfo', 'bpassessment', 'Application Info', '1');
INSERT INTO sys_rulegroup ([name], [ruleset], [title], [sortorder]) VALUES ('ASSIGN_PERIOD', 'rptbilling', 'Assign Revenue Period', '8');
INSERT INTO sys_rulegroup ([name], [ruleset], [title], [sortorder]) VALUES ('BRGY_SHARE', 'rptbilling', 'Barangay Share', '23');
INSERT INTO sys_rulegroup ([name], [ruleset], [title], [sortorder]) VALUES ('businesstax', 'bpassessment', 'Business Tax Computation', '4');
INSERT INTO sys_rulegroup ([name], [ruleset], [title], [sortorder]) VALUES ('CITY_SHARE', 'rptbilling', 'City Share', '20');
INSERT INTO sys_rulegroup ([name], [ruleset], [title], [sortorder]) VALUES ('default', 'bpinfo', 'Application Info', '0');
INSERT INTO sys_rulegroup ([name], [ruleset], [title], [sortorder]) VALUES ('discount', 'bpbilling', 'Discount', '1');
INSERT INTO sys_rulegroup ([name], [ruleset], [title], [sortorder]) VALUES ('DISCOUNT', 'rptbilling', 'Discount Computation', '5');
INSERT INTO sys_rulegroup ([name], [ruleset], [title], [sortorder]) VALUES ('initial', 'bpbilling', 'Initialization', '0');
INSERT INTO sys_rulegroup ([name], [ruleset], [title], [sortorder]) VALUES ('interest', 'bpbilling', 'Interest', '3');
INSERT INTO sys_rulegroup ([name], [ruleset], [title], [sortorder]) VALUES ('INTEREST', 'ctccorporate', 'Interest Computation', '4');
INSERT INTO sys_rulegroup ([name], [ruleset], [title], [sortorder]) VALUES ('INTEREST', 'ctcindividual', 'Interest Computation', '4');
INSERT INTO sys_rulegroup ([name], [ruleset], [title], [sortorder]) VALUES ('MISC_ACCOUNTS', 'rptbilling', 'Miscellaneous Accounts', '30');
INSERT INTO sys_rulegroup ([name], [ruleset], [title], [sortorder]) VALUES ('MUNI_SHARE', 'rptbilling', 'Municipality Share', '22');
INSERT INTO sys_rulegroup ([name], [ruleset], [title], [sortorder]) VALUES ('OTHER_TAX', 'rptbilling', 'Other Tax/Fee Computation', '7');
INSERT INTO sys_rulegroup ([name], [ruleset], [title], [sortorder]) VALUES ('othercharge', 'bpassessment', 'Other Charge Computation', '8');
INSERT INTO sys_rulegroup ([name], [ruleset], [title], [sortorder]) VALUES ('PENALTY', 'rptbilling', 'Penalty Computation', '3');
INSERT INTO sys_rulegroup ([name], [ruleset], [title], [sortorder]) VALUES ('postappinfo', 'bpassessment', 'Post Application Info', '2');
INSERT INTO sys_rulegroup ([name], [ruleset], [title], [sortorder]) VALUES ('postbusinesstax', 'bpassessment', 'Post Business Tax Computation', '5');
INSERT INTO sys_rulegroup ([name], [ruleset], [title], [sortorder]) VALUES ('postinfo', 'bpinfo', 'Post App Info', '1');
INSERT INTO sys_rulegroup ([name], [ruleset], [title], [sortorder]) VALUES ('postothercharge', 'bpassessment', 'Post Other Charge Computation', '9');
INSERT INTO sys_rulegroup ([name], [ruleset], [title], [sortorder]) VALUES ('postregfee', 'bpassessment', 'Post Regulatory Fee Computation', '7');
INSERT INTO sys_rulegroup ([name], [ruleset], [title], [sortorder]) VALUES ('postsummary', 'bpassessment', 'Postsummary', '11');
INSERT INTO sys_rulegroup ([name], [ruleset], [title], [sortorder]) VALUES ('preappinfo', 'bpassessment', 'Pre-Application Info', '0');
INSERT INTO sys_rulegroup ([name], [ruleset], [title], [sortorder]) VALUES ('PROV_SHARE', 'rptbilling', 'Provine Share', '21');
INSERT INTO sys_rulegroup ([name], [ruleset], [title], [sortorder]) VALUES ('regfee', 'bpassessment', 'Regulatory Fee Computation', '6');
INSERT INTO sys_rulegroup ([name], [ruleset], [title], [sortorder]) VALUES ('requirement', 'bpassessment', 'Requirements', '3');
INSERT INTO sys_rulegroup ([name], [ruleset], [title], [sortorder]) VALUES ('REQUIREMENT', 'rptrequirement', 'Requirement', '1');
INSERT INTO sys_rulegroup ([name], [ruleset], [title], [sortorder]) VALUES ('SHARE', 'ctcindividual', 'Barangay Share Computation', '5');
INSERT INTO sys_rulegroup ([name], [ruleset], [title], [sortorder]) VALUES ('SUMMARY', 'bpassessment', 'Summary', '10');
INSERT INTO sys_rulegroup ([name], [ruleset], [title], [sortorder]) VALUES ('SUMMARY', 'rptbilling', 'Summary Computation ', '10');
INSERT INTO sys_rulegroup ([name], [ruleset], [title], [sortorder]) VALUES ('surcharge', 'bpbilling', 'Surcharge', '2');
INSERT INTO sys_rulegroup ([name], [ruleset], [title], [sortorder]) VALUES ('TAX', 'ctccorporate', 'Tax Computation', '1');
INSERT INTO sys_rulegroup ([name], [ruleset], [title], [sortorder]) VALUES ('TAX', 'ctcindividual', 'Tax Computation', '1');
INSERT INTO sys_rulegroup ([name], [ruleset], [title], [sortorder]) VALUES ('TAX', 'rptbilling', 'Tax Computation', '1');



INSERT INTO sys_rule_actiondef ([objid], [name], [title], [sortorder], [actionname]) VALUES ('RULADEF-2889615e:142fa67fc85:-7b7c', 'split_by_qtr', 'Schedule By Qtr', '0', 'split_by_qtr');
INSERT INTO sys_rule_actiondef ([objid], [name], [title], [sortorder], [actionname]) VALUES ('RULADEF-2ead5abf:1419bd607e6:-7fd9', 'compute_business_tax', 'Compute Business Tax', '2', 'compute_businesstax');
INSERT INTO sys_rule_actiondef ([objid], [name], [title], [sortorder], [actionname]) VALUES ('RULADEF-301ea2a7:142daea52cd:-7611', 'calc-interest', 'Calculate Interest', '10', 'calc-interest');
INSERT INTO sys_rule_actiondef ([objid], [name], [title], [sortorder], [actionname]) VALUES ('RULADEF-301ea2a7:142daea52cd:-7649', 'calc-additional-tax', 'Calculate Additional Tax', '5', 'calc-additional-tax');
INSERT INTO sys_rule_actiondef ([objid], [name], [title], [sortorder], [actionname]) VALUES ('RULADEF-301ea2a7:142daea52cd:-7707', 'calc-propertyincome-tax', 'Calculate Property Income Tax', '4', 'calc-propertyincome-tax');
INSERT INTO sys_rule_actiondef ([objid], [name], [title], [sortorder], [actionname]) VALUES ('RULADEF-301ea2a7:142daea52cd:-776c', 'calc-businessgross-tax', 'Calculate Business Gross Tax', '3', 'calc-businessgross-tax');
INSERT INTO sys_rule_actiondef ([objid], [name], [title], [sortorder], [actionname]) VALUES ('RULADEF-301ea2a7:142daea52cd:-7887', 'calc-salary-tax', 'Calculate Salary Tax', '2', 'calc-salary-tax');
INSERT INTO sys_rule_actiondef ([objid], [name], [title], [sortorder], [actionname]) VALUES ('RULADEF-301ea2a7:142daea52cd:-7ed8', 'calc-basic-tax', 'Calculate Basic Tax', '1', 'calc-basic-tax');
INSERT INTO sys_rule_actiondef ([objid], [name], [title], [sortorder], [actionname]) VALUES ('RULADEF-4a532d76:141ff563063:-7ef4', 'add_requirement', 'Add Requirement', '0', 'add_requirement');
INSERT INTO sys_rule_actiondef ([objid], [name], [title], [sortorder], [actionname]) VALUES ('RULADEF-569e4b29:1452054ad68:-6787', 'add-misc-account', 'Add Miscellaneous Account', '50', 'add-misc-account');
INSERT INTO sys_rule_actiondef ([objid], [name], [title], [sortorder], [actionname]) VALUES ('RULADEF-569e4b29:1452054ad68:-7f86', 'calc-firecode', 'Calculate Fire Code Fee', '10', 'calc-firecode');
INSERT INTO sys_rule_actiondef ([objid], [name], [title], [sortorder], [actionname]) VALUES ('RULADEF-627533eb:141ed7a179f:-7d7d', 'compute_regfee', 'Compute Regulatory Fee', '3', 'compute_regfee');
INSERT INTO sys_rule_actiondef ([objid], [name], [title], [sortorder], [actionname]) VALUES ('RULADEF-62a762db:14201d65080:-7576', 'print_test', 'Print Test. For debugging (developers) only.', '100', 'print_test');
INSERT INTO sys_rule_actiondef ([objid], [name], [title], [sortorder], [actionname]) VALUES ('RULADEF-66879e9a:1422b236b58:-7d0f', 'calc_discount', 'Calculate Discount', '2', 'calc_discount');
INSERT INTO sys_rule_actiondef ([objid], [name], [title], [sortorder], [actionname]) VALUES ('RULADEF-66879e9a:1422b236b58:-7d24', 'calc_interest', 'Calculate Interest', '1', 'calc_interest');
INSERT INTO sys_rule_actiondef ([objid], [name], [title], [sortorder], [actionname]) VALUES ('RULADEF-67ecfd73:141f2b84ce7:-743c', 'bpassessment_sysvar', 'Add System Variable', '8', 'add_sysvar');
INSERT INTO sys_rule_actiondef ([objid], [name], [title], [sortorder], [actionname]) VALUES ('RULADEF-67ecfd73:141f2b84ce7:-7b54', 'assert_business_info', 'Add Derived Business Info', '1', 'assert_business_info');
INSERT INTO sys_rule_actiondef ([objid], [name], [title], [sortorder], [actionname]) VALUES ('RULADEF-689b9667:1459c6ac8b7:-7bfe', 'add-munishare-acct', 'Add Municipality Share', '32', 'add-munishare-acct');
INSERT INTO sys_rule_actiondef ([objid], [name], [title], [sortorder], [actionname]) VALUES ('RULADEF-689b9667:1459c6ac8b7:-7c93', 'add-provshare-acct', 'Add Province Share', '31', 'add-provshare-acct');
INSERT INTO sys_rule_actiondef ([objid], [name], [title], [sortorder], [actionname]) VALUES ('RULADEF-7387c51c:142dbad3349:-74e2', 'calc-brgy-int-share', 'Calculate Barangay Interest Share', '11', 'calc-brgy-int-share');
INSERT INTO sys_rule_actiondef ([objid], [name], [title], [sortorder], [actionname]) VALUES ('RULADEF-7387c51c:142dbad3349:-75a7', 'calc-brgy-tax-share', 'Calculate Barangay Tax Share', '10', 'calc-brgy-tax-share');
INSERT INTO sys_rule_actiondef ([objid], [name], [title], [sortorder], [actionname]) VALUES ('RULADEF-738e3cc6:14459101d11:-6b0b', 'change_business_account', 'Change Business Account', '10', 'change_business_account');
INSERT INTO sys_rule_actiondef ([objid], [name], [title], [sortorder], [actionname]) VALUES ('RULADEF-7b3bc8de:142e512eedb:-7dc5', 'calc-additional-tax', 'Calculate Additional Tax', '4', 'calc-additional-tax');
INSERT INTO sys_rule_actiondef ([objid], [name], [title], [sortorder], [actionname]) VALUES ('RULADEF1be07afa:1452a9809e9:-4a45', 'add-brgyshare-acct', 'Add Barangay Share', '36', 'add-brgyshare-acct');
INSERT INTO sys_rule_actiondef ([objid], [name], [title], [sortorder], [actionname]) VALUES ('RULADEF1be07afa:1452a9809e9:-6958', 'create-tax-summary', 'Create Tax Summary Variable', '20', 'create-tax-summary');
INSERT INTO sys_rule_actiondef ([objid], [name], [title], [sortorder], [actionname]) VALUES ('RULADEF325bd8be:145261815d2:-788c', 'add-firecode-acct', 'Add Fire Code Account', '40', 'add-firecode-acct');
INSERT INTO sys_rule_actiondef ([objid], [name], [title], [sortorder], [actionname]) VALUES ('RULADEF325bd8be:145261815d2:-7f18', 'assign-rev-period', 'Assign Revenue Period', '15', 'assign-rev-period');
INSERT INTO sys_rule_actiondef ([objid], [name], [title], [sortorder], [actionname]) VALUES ('RULADEF33e8cb24:1423c4b40b2:-6aeb', 'select_taxfee', 'Select Tax Fee Account', '5', 'select_taxfee');
INSERT INTO sys_rule_actiondef ([objid], [name], [title], [sortorder], [actionname]) VALUES ('RULADEF33e8cb24:1423c4b40b2:-7f34', 'remove_taxfee', 'Remove Tax Fee', '5', 'remove_taxfee');
INSERT INTO sys_rule_actiondef ([objid], [name], [title], [sortorder], [actionname]) VALUES ('RULADEF357018a9:1452a5dcbf7:-7a0e', 'add-cityshare-acct', 'Add City Share', '30', 'add-cityshare-acct');
INSERT INTO sys_rule_actiondef ([objid], [name], [title], [sortorder], [actionname]) VALUES ('RULADEF367174cc:141a62bd0d8:-4486', 'ask_business_info', 'Ask Business Info', '1', 'ask_business_info');
INSERT INTO sys_rule_actiondef ([objid], [name], [title], [sortorder], [actionname]) VALUES ('RULADEF40e16e9c:142df3e5af6:-7ad7', 'calc-interest', 'Calculate Interest', '5', 'calc-interest');
INSERT INTO sys_rule_actiondef ([objid], [name], [title], [sortorder], [actionname]) VALUES ('RULADEF40e16e9c:142df3e5af6:-7b1e', 'calc-propertyav-tax', 'Calculate Property AV Tax', '3', 'calc-propertyav-tax');
INSERT INTO sys_rule_actiondef ([objid], [name], [title], [sortorder], [actionname]) VALUES ('RULADEF40e16e9c:142df3e5af6:-7b41', 'calc-businessgross-tax', 'Calculate Business Gross Tax', '2', 'calc-businessgross-tax');
INSERT INTO sys_rule_actiondef ([objid], [name], [title], [sortorder], [actionname]) VALUES ('RULADEF40e16e9c:142df3e5af6:-7b7b', 'calc-basic-tax', 'Calculate Basic Tax', '1', 'calc-basic-tax');
INSERT INTO sys_rule_actiondef ([objid], [name], [title], [sortorder], [actionname]) VALUES ('RULADEF547c5381:1451ae1cd9c:-5551', 'calc-sef', 'Calculate SEF Tax, Discount or Penalty', '5', 'calc-sef');
INSERT INTO sys_rule_actiondef ([objid], [name], [title], [sortorder], [actionname]) VALUES ('RULADEF547c5381:1451ae1cd9c:-6179', 'calc-basic', 'Calculate Basic Tax, Discount or Penalty', '1', 'calc-basic');
INSERT INTO sys_rule_actiondef ([objid], [name], [title], [sortorder], [actionname]) VALUES ('RULADEF6d66cc31:1446cc9522e:-7d56', 'add-requirement', 'Add Requirement', '1', 'add-requirement');
INSERT INTO sys_rule_actiondef ([objid], [name], [title], [sortorder], [actionname]) VALUES ('RULADEF72bb01b1:141b1fdca80:-7e34', 'update_taxfee', 'Update Tax Fee Amount', '5', 'update_taxfee');
INSERT INTO sys_rule_actiondef ([objid], [name], [title], [sortorder], [actionname]) VALUES ('RULADEF73d37911:141edb9db9a:-7f30', 'compute_other_charge', 'Compute Other Charge', '4', 'compute_othercharge');
INSERT INTO sys_rule_actiondef ([objid], [name], [title], [sortorder], [actionname]) VALUES ('RULADEF7ee0ab5e:141b6a15885:-7f52', 'calc_surcharge', 'Calculate Surcharge', '0', 'calc_surcharge');



INSERT INTO sys_rule_actiondef_param ([objid], [parentid], [name], [sortorder], [title], [datatype], [handler], [lookuphandler], [lookupkey], [lookupvalue], [vardatatype], [lovname]) VALUES ('ACTPARAM-22c0c2d5:1453f628d38:-7f65', 'RULADEF1be07afa:1452a9809e9:-4a45', 'revperiod', '3', 'Revenue Period', NULL, 'var', NULL, NULL, NULL, 'string', NULL);
INSERT INTO sys_rule_actiondef_param ([objid], [parentid], [name], [sortorder], [title], [datatype], [handler], [lookuphandler], [lookupkey], [lookupvalue], [vardatatype], [lovname]) VALUES ('ACTPARAM-2889615e:142fa67fc85:-7b71', 'RULADEF-2889615e:142fa67fc85:-7b7c', 'billitem', '1', 'Bill Item Account', NULL, 'var', NULL, NULL, NULL, 'bpls.facts.BillItem', NULL);
INSERT INTO sys_rule_actiondef_param ([objid], [parentid], [name], [sortorder], [title], [datatype], [handler], [lookuphandler], [lookupkey], [lookupvalue], [vardatatype], [lovname]) VALUES ('ACTPARAM-301ea2a7:142daea52cd:-75fd', 'RULADEF-301ea2a7:142daea52cd:-7611', 'expr', '3', 'Computation', NULL, 'expression', NULL, NULL, NULL, NULL, NULL);
INSERT INTO sys_rule_actiondef_param ([objid], [parentid], [name], [sortorder], [title], [datatype], [handler], [lookuphandler], [lookupkey], [lookupvalue], [vardatatype], [lovname]) VALUES ('ACTPARAM-301ea2a7:142daea52cd:-7606', 'RULADEF-301ea2a7:142daea52cd:-7611', 'ctc', '1', 'CTC', NULL, 'var', NULL, NULL, NULL, 'IndividualCTC', NULL);
INSERT INTO sys_rule_actiondef_param ([objid], [parentid], [name], [sortorder], [title], [datatype], [handler], [lookuphandler], [lookupkey], [lookupvalue], [vardatatype], [lovname]) VALUES ('ACTPARAM-301ea2a7:142daea52cd:-7635', 'RULADEF-301ea2a7:142daea52cd:-7649', 'expr', '2', 'Computation', NULL, 'expression', NULL, NULL, NULL, NULL, NULL);
INSERT INTO sys_rule_actiondef_param ([objid], [parentid], [name], [sortorder], [title], [datatype], [handler], [lookuphandler], [lookupkey], [lookupvalue], [vardatatype], [lovname]) VALUES ('ACTPARAM-301ea2a7:142daea52cd:-763e', 'RULADEF-301ea2a7:142daea52cd:-7649', 'ctc', '1', 'CTC', NULL, 'var', NULL, NULL, NULL, 'IndividualCTC', NULL);
INSERT INTO sys_rule_actiondef_param ([objid], [parentid], [name], [sortorder], [title], [datatype], [handler], [lookuphandler], [lookupkey], [lookupvalue], [vardatatype], [lovname]) VALUES ('ACTPARAM-301ea2a7:142daea52cd:-76f5', 'RULADEF-301ea2a7:142daea52cd:-7707', 'expr', '2', 'Computation', NULL, 'expression', NULL, NULL, NULL, NULL, NULL);
INSERT INTO sys_rule_actiondef_param ([objid], [parentid], [name], [sortorder], [title], [datatype], [handler], [lookuphandler], [lookupkey], [lookupvalue], [vardatatype], [lovname]) VALUES ('ACTPARAM-301ea2a7:142daea52cd:-76fc', 'RULADEF-301ea2a7:142daea52cd:-7707', 'ctc', '1', 'CTC', NULL, 'var', NULL, NULL, NULL, 'IndividualCTC', NULL);
INSERT INTO sys_rule_actiondef_param ([objid], [parentid], [name], [sortorder], [title], [datatype], [handler], [lookuphandler], [lookupkey], [lookupvalue], [vardatatype], [lovname]) VALUES ('ACTPARAM-301ea2a7:142daea52cd:-773d', 'RULADEF-301ea2a7:142daea52cd:-776c', 'expr', '2', 'Computation', NULL, 'expression', NULL, NULL, NULL, NULL, NULL);
INSERT INTO sys_rule_actiondef_param ([objid], [parentid], [name], [sortorder], [title], [datatype], [handler], [lookuphandler], [lookupkey], [lookupvalue], [vardatatype], [lovname]) VALUES ('ACTPARAM-301ea2a7:142daea52cd:-7744', 'RULADEF-301ea2a7:142daea52cd:-776c', 'ctc', '1', 'CTC', NULL, 'var', NULL, NULL, NULL, 'IndividualCTC', NULL);
INSERT INTO sys_rule_actiondef_param ([objid], [parentid], [name], [sortorder], [title], [datatype], [handler], [lookuphandler], [lookupkey], [lookupvalue], [vardatatype], [lovname]) VALUES ('ACTPARAM-301ea2a7:142daea52cd:-7875', 'RULADEF-301ea2a7:142daea52cd:-7887', 'expr', '2', 'Computation', NULL, 'expression', NULL, NULL, NULL, NULL, NULL);
INSERT INTO sys_rule_actiondef_param ([objid], [parentid], [name], [sortorder], [title], [datatype], [handler], [lookuphandler], [lookupkey], [lookupvalue], [vardatatype], [lovname]) VALUES ('ACTPARAM-301ea2a7:142daea52cd:-787c', 'RULADEF-301ea2a7:142daea52cd:-7887', 'ctc', '1', 'CTC', NULL, 'var', NULL, NULL, NULL, 'IndividualCTC', NULL);
INSERT INTO sys_rule_actiondef_param ([objid], [parentid], [name], [sortorder], [title], [datatype], [handler], [lookuphandler], [lookupkey], [lookupvalue], [vardatatype], [lovname]) VALUES ('ACTPARAM-301ea2a7:142daea52cd:-7ebc', 'RULADEF-301ea2a7:142daea52cd:-7ed8', 'expr', '3', 'Computation', NULL, 'expression', NULL, NULL, NULL, NULL, NULL);
INSERT INTO sys_rule_actiondef_param ([objid], [parentid], [name], [sortorder], [title], [datatype], [handler], [lookuphandler], [lookupkey], [lookupvalue], [vardatatype], [lovname]) VALUES ('ACTPARAM-301ea2a7:142daea52cd:-7ec3', 'RULADEF-301ea2a7:142daea52cd:-7ed8', 'ctc', '1', 'CTC', NULL, 'var', NULL, NULL, NULL, 'IndividualCTC', NULL);
INSERT INTO sys_rule_actiondef_param ([objid], [parentid], [name], [sortorder], [title], [datatype], [handler], [lookuphandler], [lookupkey], [lookupvalue], [vardatatype], [lovname]) VALUES ('ACTPARAM-38b4c365:141f3574da5:-7f8f', 'RULADEF-67ecfd73:141f2b84ce7:-743c', 'aggregate', '2', 'Aggregate Type', NULL, 'lov', NULL, NULL, NULL, NULL, 'RULE_AGGREGATE_FUNCTIONS');
INSERT INTO sys_rule_actiondef_param ([objid], [parentid], [name], [sortorder], [title], [datatype], [handler], [lookuphandler], [lookupkey], [lookupvalue], [vardatatype], [lovname]) VALUES ('ACTPARAM-3f19ce39:141ff0de421:-7e8a', 'RULADEF72bb01b1:141b1fdca80:-7e34', 'taxfee', '1', 'Tax Fee', NULL, 'var', NULL, NULL, NULL, 'bpls.facts.TaxFeeAccount', NULL);
INSERT INTO sys_rule_actiondef_param ([objid], [parentid], [name], [sortorder], [title], [datatype], [handler], [lookuphandler], [lookupkey], [lookupvalue], [vardatatype], [lovname]) VALUES ('ACTPARAM-42dc4039:141afcf5119:-7e59', 'RULADEF367174cc:141a62bd0d8:-4486', 'lob', '1', 'Line of Business', NULL, 'var', NULL, NULL, NULL, 'bpls.facts.LOB', NULL);
INSERT INTO sys_rule_actiondef_param ([objid], [parentid], [name], [sortorder], [title], [datatype], [handler], [lookuphandler], [lookupkey], [lookupvalue], [vardatatype], [lovname]) VALUES ('ACTPARAM-42dc4039:141afcf5119:-7fc4', 'RULADEF-2ead5abf:1419bd607e6:-7fd9', 'account', '2', 'Account', NULL, 'lookup', 'revenueitem:lookup', 'objid', 'title', NULL, NULL);
INSERT INTO sys_rule_actiondef_param ([objid], [parentid], [name], [sortorder], [title], [datatype], [handler], [lookuphandler], [lookupkey], [lookupvalue], [vardatatype], [lovname]) VALUES ('ACTPARAM-4a532d76:141ff563063:-7edf', 'RULADEF-4a532d76:141ff563063:-7ef4', 'step', '2', 'Required Before', NULL, 'lov', NULL, NULL, NULL, NULL, 'BP_APPLICATION_STEPS');
INSERT INTO sys_rule_actiondef_param ([objid], [parentid], [name], [sortorder], [title], [datatype], [handler], [lookuphandler], [lookupkey], [lookupvalue], [vardatatype], [lovname]) VALUES ('ACTPARAM-4a532d76:141ff563063:-7eec', 'RULADEF-4a532d76:141ff563063:-7ef4', 'type', '1', 'Requirement Type', NULL, 'lookup', 'businessrequirement:lookup', 'objid', 'title', NULL, NULL);
INSERT INTO sys_rule_actiondef_param ([objid], [parentid], [name], [sortorder], [title], [datatype], [handler], [lookuphandler], [lookupkey], [lookupvalue], [vardatatype], [lovname]) VALUES ('ACTPARAM-569e4b29:1452054ad68:-6751', 'RULADEF-569e4b29:1452054ad68:-6787', 'expr', '3', 'Computation', NULL, 'expression', NULL, NULL, NULL, NULL, NULL);
INSERT INTO sys_rule_actiondef_param ([objid], [parentid], [name], [sortorder], [title], [datatype], [handler], [lookuphandler], [lookupkey], [lookupvalue], [vardatatype], [lovname]) VALUES ('ACTPARAM-569e4b29:1452054ad68:-6779', 'RULADEF-569e4b29:1452054ad68:-6787', 'acct', '2', 'Account', NULL, 'lookup', 'revenueitem:lookup', 'objid', 'title', NULL, NULL);
INSERT INTO sys_rule_actiondef_param ([objid], [parentid], [name], [sortorder], [title], [datatype], [handler], [lookuphandler], [lookupkey], [lookupvalue], [vardatatype], [lovname]) VALUES ('ACTPARAM-569e4b29:1452054ad68:-7f37', 'RULADEF-569e4b29:1452054ad68:-7f86', 'expr', '2', 'Computation', NULL, 'expression', NULL, NULL, NULL, NULL, NULL);
INSERT INTO sys_rule_actiondef_param ([objid], [parentid], [name], [sortorder], [title], [datatype], [handler], [lookuphandler], [lookupkey], [lookupvalue], [vardatatype], [lovname]) VALUES ('ACTPARAM-569e4b29:1452054ad68:-7f67', 'RULADEF-569e4b29:1452054ad68:-7f86', 'rptledgeritem', '1', 'RPT Ledger Item', NULL, 'var', NULL, NULL, NULL, 'RPTLedgerItemFact', NULL);
INSERT INTO sys_rule_actiondef_param ([objid], [parentid], [name], [sortorder], [title], [datatype], [handler], [lookuphandler], [lookupkey], [lookupvalue], [vardatatype], [lovname]) VALUES ('ACTPARAM-5eef417d:145301c2540:-3ca7', 'RULADEF-569e4b29:1452054ad68:-6787', 'rptledger', '1', 'RPT Ledger', NULL, 'var', NULL, NULL, NULL, 'RPTLedgerFact', NULL);
INSERT INTO sys_rule_actiondef_param ([objid], [parentid], [name], [sortorder], [title], [datatype], [handler], [lookuphandler], [lookupkey], [lookupvalue], [vardatatype], [lovname]) VALUES ('ACTPARAM-5eef417d:145301c2540:-7e41', 'RULADEF325bd8be:145261815d2:-788c', 'expr', '3', 'Computation', NULL, 'expression', NULL, NULL, NULL, NULL, NULL);
INSERT INTO sys_rule_actiondef_param ([objid], [parentid], [name], [sortorder], [title], [datatype], [handler], [lookuphandler], [lookupkey], [lookupvalue], [vardatatype], [lovname]) VALUES ('ACTPARAM-5eef417d:145301c2540:-7e50', 'RULADEF325bd8be:145261815d2:-788c', 'acct', '2', 'Account', NULL, 'lookup', 'revenueitem:lookup', 'objid', 'title', NULL, NULL);
INSERT INTO sys_rule_actiondef_param ([objid], [parentid], [name], [sortorder], [title], [datatype], [handler], [lookuphandler], [lookupkey], [lookupvalue], [vardatatype], [lovname]) VALUES ('ACTPARAM-5eef417d:145301c2540:-7efd', 'RULADEF325bd8be:145261815d2:-788c', 'taxsummary', '1', 'Tax Summary Info', NULL, 'var', NULL, NULL, NULL, 'RPTLedgerTaxSummaryFact', NULL);
INSERT INTO sys_rule_actiondef_param ([objid], [parentid], [name], [sortorder], [title], [datatype], [handler], [lookuphandler], [lookupkey], [lookupvalue], [vardatatype], [lovname]) VALUES ('ACTPARAM-627533eb:141ed7a179f:-7d61', 'RULADEF-627533eb:141ed7a179f:-7d7d', 'amount', '3', 'Amount', NULL, 'expression', NULL, NULL, NULL, NULL, NULL);
INSERT INTO sys_rule_actiondef_param ([objid], [parentid], [name], [sortorder], [title], [datatype], [handler], [lookuphandler], [lookupkey], [lookupvalue], [vardatatype], [lovname]) VALUES ('ACTPARAM-627533eb:141ed7a179f:-7d6e', 'RULADEF-627533eb:141ed7a179f:-7d7d', 'account', '2', 'Account', NULL, 'lookup', 'revenueitem:lookup', 'objid', 'title', NULL, NULL);
INSERT INTO sys_rule_actiondef_param ([objid], [parentid], [name], [sortorder], [title], [datatype], [handler], [lookuphandler], [lookupkey], [lookupvalue], [vardatatype], [lovname]) VALUES ('ACTPARAM-627533eb:141ed7a179f:-7d75', 'RULADEF-627533eb:141ed7a179f:-7d7d', 'lob', '1', 'Line of Business', NULL, 'var', NULL, NULL, NULL, 'bpls.facts.LOB', NULL);
INSERT INTO sys_rule_actiondef_param ([objid], [parentid], [name], [sortorder], [title], [datatype], [handler], [lookuphandler], [lookupkey], [lookupvalue], [vardatatype], [lovname]) VALUES ('ACTPARAM-62a762db:14201d65080:-756e', 'RULADEF-62a762db:14201d65080:-7576', 'message', '1', 'Message', NULL, 'expression', NULL, NULL, NULL, NULL, NULL);
INSERT INTO sys_rule_actiondef_param ([objid], [parentid], [name], [sortorder], [title], [datatype], [handler], [lookuphandler], [lookupkey], [lookupvalue], [vardatatype], [lovname]) VALUES ('ACTPARAM-66879e9a:1422b236b58:-7b1c', 'RULADEF-66879e9a:1422b236b58:-7d0f', 'amount', '2', 'Amount', NULL, 'expression', NULL, NULL, NULL, NULL, NULL);
INSERT INTO sys_rule_actiondef_param ([objid], [parentid], [name], [sortorder], [title], [datatype], [handler], [lookuphandler], [lookupkey], [lookupvalue], [vardatatype], [lovname]) VALUES ('ACTPARAM-66879e9a:1422b236b58:-7b23', 'RULADEF-66879e9a:1422b236b58:-7d0f', 'billitem', '1', 'Bill Item', NULL, 'var', NULL, NULL, NULL, 'bpls.facts.BillItem', NULL);
INSERT INTO sys_rule_actiondef_param ([objid], [parentid], [name], [sortorder], [title], [datatype], [handler], [lookuphandler], [lookupkey], [lookupvalue], [vardatatype], [lovname]) VALUES ('ACTPARAM-66879e9a:1422b236b58:-7b40', 'RULADEF-66879e9a:1422b236b58:-7d24', 'amount', '2', 'Amount', NULL, 'expression', NULL, NULL, NULL, NULL, NULL);
INSERT INTO sys_rule_actiondef_param ([objid], [parentid], [name], [sortorder], [title], [datatype], [handler], [lookuphandler], [lookupkey], [lookupvalue], [vardatatype], [lovname]) VALUES ('ACTPARAM-66879e9a:1422b236b58:-7b47', 'RULADEF-66879e9a:1422b236b58:-7d24', 'billitem', '1', 'Bill Item', NULL, 'var', NULL, NULL, NULL, 'bpls.facts.BillItem', NULL);
INSERT INTO sys_rule_actiondef_param ([objid], [parentid], [name], [sortorder], [title], [datatype], [handler], [lookuphandler], [lookupkey], [lookupvalue], [vardatatype], [lovname]) VALUES ('ACTPARAM-66879e9a:1422b236b58:-7ca9', 'RULADEF7ee0ab5e:141b6a15885:-7f52', 'billitem', '1', 'Bill Item', NULL, 'var', NULL, NULL, NULL, 'bpls.facts.BillItem', NULL);
INSERT INTO sys_rule_actiondef_param ([objid], [parentid], [name], [sortorder], [title], [datatype], [handler], [lookuphandler], [lookupkey], [lookupvalue], [vardatatype], [lovname]) VALUES ('ACTPARAM-67ecfd73:141f2b84ce7:-724b', 'RULADEF-67ecfd73:141f2b84ce7:-743c', 'datatype', '3', 'Value Data Type', NULL, 'lov', NULL, NULL, NULL, NULL, 'RULE_VAR_DATATYPE');
INSERT INTO sys_rule_actiondef_param ([objid], [parentid], [name], [sortorder], [title], [datatype], [handler], [lookuphandler], [lookupkey], [lookupvalue], [vardatatype], [lovname]) VALUES ('ACTPARAM-67ecfd73:141f2b84ce7:-739d', 'RULADEF-67ecfd73:141f2b84ce7:-743c', 'value', '4', 'Value', NULL, 'expression', NULL, NULL, NULL, NULL, NULL);
INSERT INTO sys_rule_actiondef_param ([objid], [parentid], [name], [sortorder], [title], [datatype], [handler], [lookuphandler], [lookupkey], [lookupvalue], [vardatatype], [lovname]) VALUES ('ACTPARAM-67ecfd73:141f2b84ce7:-73a4', 'RULADEF-67ecfd73:141f2b84ce7:-743c', 'name', '1', 'Variable Name', 'string', 'string', NULL, NULL, NULL, 'string', NULL);
INSERT INTO sys_rule_actiondef_param ([objid], [parentid], [name], [sortorder], [title], [datatype], [handler], [lookuphandler], [lookupkey], [lookupvalue], [vardatatype], [lovname]) VALUES ('ACTPARAM-67ecfd73:141f2b84ce7:-79b7', 'RULADEF-67ecfd73:141f2b84ce7:-7b54', 'value', '3', 'Value', NULL, 'expression', NULL, NULL, NULL, NULL, NULL);
INSERT INTO sys_rule_actiondef_param ([objid], [parentid], [name], [sortorder], [title], [datatype], [handler], [lookuphandler], [lookupkey], [lookupvalue], [vardatatype], [lovname]) VALUES ('ACTPARAM-67ecfd73:141f2b84ce7:-7a33', 'RULADEF-67ecfd73:141f2b84ce7:-7b54', 'attribute', '2', 'Attribute', NULL, 'lookup', 'businessvariable:lookup', 'objid', 'name', NULL, NULL);
INSERT INTO sys_rule_actiondef_param ([objid], [parentid], [name], [sortorder], [title], [datatype], [handler], [lookuphandler], [lookupkey], [lookupvalue], [vardatatype], [lovname]) VALUES ('ACTPARAM-67ecfd73:141f2b84ce7:-7b4c', 'RULADEF-67ecfd73:141f2b84ce7:-7b54', 'lob', '1', 'Line of Business', NULL, 'var', NULL, NULL, NULL, 'bpls.facts.LOB', NULL);
INSERT INTO sys_rule_actiondef_param ([objid], [parentid], [name], [sortorder], [title], [datatype], [handler], [lookuphandler], [lookupkey], [lookupvalue], [vardatatype], [lovname]) VALUES ('ACTPARAM-689b9667:1459c6ac8b7:-7bd3', 'RULADEF-689b9667:1459c6ac8b7:-7bfe', 'expr', '4', 'Computation', NULL, 'expression', NULL, NULL, NULL, NULL, NULL);
INSERT INTO sys_rule_actiondef_param ([objid], [parentid], [name], [sortorder], [title], [datatype], [handler], [lookuphandler], [lookupkey], [lookupvalue], [vardatatype], [lovname]) VALUES ('ACTPARAM-689b9667:1459c6ac8b7:-7be0', 'RULADEF-689b9667:1459c6ac8b7:-7bfe', 'acct', '3', 'Account', NULL, 'lookup', 'revenueitem:lookup', 'objid', 'title', NULL, NULL);
INSERT INTO sys_rule_actiondef_param ([objid], [parentid], [name], [sortorder], [title], [datatype], [handler], [lookuphandler], [lookupkey], [lookupvalue], [vardatatype], [lovname]) VALUES ('ACTPARAM-689b9667:1459c6ac8b7:-7be9', 'RULADEF-689b9667:1459c6ac8b7:-7bfe', 'sharetype', '2', 'Share Type', NULL, 'lov', NULL, NULL, NULL, NULL, 'RPT_BILLING_SHARE_TYPES');
INSERT INTO sys_rule_actiondef_param ([objid], [parentid], [name], [sortorder], [title], [datatype], [handler], [lookuphandler], [lookupkey], [lookupvalue], [vardatatype], [lovname]) VALUES ('ACTPARAM-689b9667:1459c6ac8b7:-7bf2', 'RULADEF-689b9667:1459c6ac8b7:-7bfe', 'taxsummary', '1', 'Tax Summary Info', NULL, 'var', NULL, NULL, NULL, 'RPTLedgerTaxSummaryFact', NULL);
INSERT INTO sys_rule_actiondef_param ([objid], [parentid], [name], [sortorder], [title], [datatype], [handler], [lookuphandler], [lookupkey], [lookupvalue], [vardatatype], [lovname]) VALUES ('ACTPARAM-689b9667:1459c6ac8b7:-7c6a', 'RULADEF-689b9667:1459c6ac8b7:-7c93', 'expr', '4', 'Computation', NULL, 'expression', NULL, NULL, NULL, NULL, NULL);
INSERT INTO sys_rule_actiondef_param ([objid], [parentid], [name], [sortorder], [title], [datatype], [handler], [lookuphandler], [lookupkey], [lookupvalue], [vardatatype], [lovname]) VALUES ('ACTPARAM-689b9667:1459c6ac8b7:-7c77', 'RULADEF-689b9667:1459c6ac8b7:-7c93', 'acct', '3', 'Account', NULL, 'lookup', 'revenueitem:lookup', 'objid', 'title', NULL, NULL);
INSERT INTO sys_rule_actiondef_param ([objid], [parentid], [name], [sortorder], [title], [datatype], [handler], [lookuphandler], [lookupkey], [lookupvalue], [vardatatype], [lovname]) VALUES ('ACTPARAM-689b9667:1459c6ac8b7:-7c7f', 'RULADEF-689b9667:1459c6ac8b7:-7c93', 'sharetype', '2', 'Share Type', NULL, 'lov', NULL, NULL, NULL, NULL, 'RPT_BILLING_SHARE_TYPES');
INSERT INTO sys_rule_actiondef_param ([objid], [parentid], [name], [sortorder], [title], [datatype], [handler], [lookuphandler], [lookupkey], [lookupvalue], [vardatatype], [lovname]) VALUES ('ACTPARAM-689b9667:1459c6ac8b7:-7c88', 'RULADEF-689b9667:1459c6ac8b7:-7c93', 'taxsummary', '1', 'Tax Summary Info', NULL, 'var', NULL, NULL, NULL, 'RPTLedgerTaxSummaryFact', NULL);
INSERT INTO sys_rule_actiondef_param ([objid], [parentid], [name], [sortorder], [title], [datatype], [handler], [lookuphandler], [lookupkey], [lookupvalue], [vardatatype], [lovname]) VALUES ('ACTPARAM-70cdc17d:141ab4f4c27:-7ebb', 'RULADEF-2ead5abf:1419bd607e6:-7fd9', 'lob', '1', 'LOB', NULL, 'var', NULL, NULL, NULL, 'bpls.facts.LOB', NULL);
INSERT INTO sys_rule_actiondef_param ([objid], [parentid], [name], [sortorder], [title], [datatype], [handler], [lookuphandler], [lookupkey], [lookupvalue], [vardatatype], [lovname]) VALUES ('ACTPARAM-7387c51c:142dbad3349:-725b', 'RULADEF-7387c51c:142dbad3349:-74e2', 'brgy', '1', 'Barangay', NULL, 'var', NULL, NULL, NULL, 'Barangay', NULL);
INSERT INTO sys_rule_actiondef_param ([objid], [parentid], [name], [sortorder], [title], [datatype], [handler], [lookuphandler], [lookupkey], [lookupvalue], [vardatatype], [lovname]) VALUES ('ACTPARAM-7387c51c:142dbad3349:-7299', 'RULADEF-7387c51c:142dbad3349:-75a7', 'brgy', '1', 'Barangay', NULL, 'var', NULL, NULL, NULL, 'Barangay', NULL);
INSERT INTO sys_rule_actiondef_param ([objid], [parentid], [name], [sortorder], [title], [datatype], [handler], [lookuphandler], [lookupkey], [lookupvalue], [vardatatype], [lovname]) VALUES ('ACTPARAM-7387c51c:142dbad3349:-74cc', 'RULADEF-7387c51c:142dbad3349:-74e2', 'expr', '3', 'Computation', NULL, 'expression', NULL, NULL, NULL, NULL, NULL);
INSERT INTO sys_rule_actiondef_param ([objid], [parentid], [name], [sortorder], [title], [datatype], [handler], [lookuphandler], [lookupkey], [lookupvalue], [vardatatype], [lovname]) VALUES ('ACTPARAM-7387c51c:142dbad3349:-74d9', 'RULADEF-7387c51c:142dbad3349:-74e2', 'acct', '2', 'Account', NULL, 'lookup', 'revenueitem:lookup', 'objid', 'title', NULL, NULL);
INSERT INTO sys_rule_actiondef_param ([objid], [parentid], [name], [sortorder], [title], [datatype], [handler], [lookuphandler], [lookupkey], [lookupvalue], [vardatatype], [lovname]) VALUES ('ACTPARAM-7387c51c:142dbad3349:-7560', 'RULADEF-7387c51c:142dbad3349:-75a7', 'expr', '3', 'Computation', NULL, 'expression', NULL, NULL, NULL, NULL, NULL);
INSERT INTO sys_rule_actiondef_param ([objid], [parentid], [name], [sortorder], [title], [datatype], [handler], [lookuphandler], [lookupkey], [lookupvalue], [vardatatype], [lovname]) VALUES ('ACTPARAM-7387c51c:142dbad3349:-7580', 'RULADEF-7387c51c:142dbad3349:-75a7', 'acct', '2', 'Account', NULL, 'lookup', 'revenueitem:lookup', 'objid', 'title', NULL, NULL);
INSERT INTO sys_rule_actiondef_param ([objid], [parentid], [name], [sortorder], [title], [datatype], [handler], [lookuphandler], [lookupkey], [lookupvalue], [vardatatype], [lovname]) VALUES ('ACTPARAM-7387c51c:142dbad3349:-77cd', 'RULADEF-301ea2a7:142daea52cd:-7611', 'acct', '2', 'Account', NULL, 'lookup', 'revenueitem:lookup', 'objid', 'title', NULL, NULL);
INSERT INTO sys_rule_actiondef_param ([objid], [parentid], [name], [sortorder], [title], [datatype], [handler], [lookuphandler], [lookupkey], [lookupvalue], [vardatatype], [lovname]) VALUES ('ACTPARAM-7387c51c:142dbad3349:-7801', 'RULADEF-301ea2a7:142daea52cd:-7ed8', 'acct', '2', 'Account', NULL, 'lookup', 'revenueitem:lookup', 'objid', 'title', NULL, NULL);
INSERT INTO sys_rule_actiondef_param ([objid], [parentid], [name], [sortorder], [title], [datatype], [handler], [lookuphandler], [lookupkey], [lookupvalue], [vardatatype], [lovname]) VALUES ('ACTPARAM-738e3cc6:14459101d11:-6afb', 'RULADEF-738e3cc6:14459101d11:-6b0b', 'account', '2', 'Business Account', NULL, 'lookup', 'revenueitem:lookup', 'objid', 'title', NULL, NULL);
INSERT INTO sys_rule_actiondef_param ([objid], [parentid], [name], [sortorder], [title], [datatype], [handler], [lookuphandler], [lookupkey], [lookupvalue], [vardatatype], [lovname]) VALUES ('ACTPARAM-738e3cc6:14459101d11:-6b02', 'RULADEF-738e3cc6:14459101d11:-6b0b', 'taxfee', '1', 'Tax Fee Account', NULL, 'var', NULL, NULL, NULL, 'bpls.facts.TaxFeeAccount', NULL);
INSERT INTO sys_rule_actiondef_param ([objid], [parentid], [name], [sortorder], [title], [datatype], [handler], [lookuphandler], [lookupkey], [lookupvalue], [vardatatype], [lovname]) VALUES ('ACTPARAM-738e3cc6:14459101d11:-7f43', 'RULADEF-66879e9a:1422b236b58:-7d24', 'account', '3', 'Interest Account', NULL, 'lookup', 'revenueitem:lookup', 'objid', 'title', NULL, NULL);
INSERT INTO sys_rule_actiondef_param ([objid], [parentid], [name], [sortorder], [title], [datatype], [handler], [lookuphandler], [lookupkey], [lookupvalue], [vardatatype], [lovname]) VALUES ('ACTPARAM-738e3cc6:14459101d11:-7f63', 'RULADEF7ee0ab5e:141b6a15885:-7f52', 'account', '3', 'Surcharge Account', NULL, 'lookup', 'revenueitem:lookup', 'objid', 'title', NULL, NULL);
INSERT INTO sys_rule_actiondef_param ([objid], [parentid], [name], [sortorder], [title], [datatype], [handler], [lookuphandler], [lookupkey], [lookupvalue], [vardatatype], [lovname]) VALUES ('ACTPARAM-7b3bc8de:142e512eedb:-7daf', 'RULADEF-7b3bc8de:142e512eedb:-7dc5', 'expr', '2', 'Computation', NULL, 'expression', NULL, NULL, NULL, NULL, NULL);
INSERT INTO sys_rule_actiondef_param ([objid], [parentid], [name], [sortorder], [title], [datatype], [handler], [lookuphandler], [lookupkey], [lookupvalue], [vardatatype], [lovname]) VALUES ('ACTPARAM-7b3bc8de:142e512eedb:-7db6', 'RULADEF-7b3bc8de:142e512eedb:-7dc5', 'ctc', '1', 'CTC Reference', NULL, 'var', NULL, NULL, NULL, 'CorporateCTC', NULL);
INSERT INTO sys_rule_actiondef_param ([objid], [parentid], [name], [sortorder], [title], [datatype], [handler], [lookuphandler], [lookupkey], [lookupvalue], [vardatatype], [lovname]) VALUES ('ACTPARAM14a6f1c4:1419beaa022:-7fcf', 'RULADEF-2ead5abf:1419bd607e6:-7fd9', 'amount', '3', 'Amount', NULL, 'expression', NULL, NULL, NULL, NULL, NULL);
INSERT INTO sys_rule_actiondef_param ([objid], [parentid], [name], [sortorder], [title], [datatype], [handler], [lookuphandler], [lookupkey], [lookupvalue], [vardatatype], [lovname]) VALUES ('ACTPARAM1be07afa:1452a9809e9:-4a27', 'RULADEF1be07afa:1452a9809e9:-4a45', 'expr', '4', 'Computation', NULL, 'expression', NULL, NULL, NULL, NULL, NULL);
INSERT INTO sys_rule_actiondef_param ([objid], [parentid], [name], [sortorder], [title], [datatype], [handler], [lookuphandler], [lookupkey], [lookupvalue], [vardatatype], [lovname]) VALUES ('ACTPARAM1be07afa:1452a9809e9:-4a35', 'RULADEF1be07afa:1452a9809e9:-4a45', 'sharetype', '2', 'Share Type', NULL, 'lov', NULL, NULL, NULL, NULL, 'RPT_BILLING_SHARE_TYPES');
INSERT INTO sys_rule_actiondef_param ([objid], [parentid], [name], [sortorder], [title], [datatype], [handler], [lookuphandler], [lookupkey], [lookupvalue], [vardatatype], [lovname]) VALUES ('ACTPARAM1be07afa:1452a9809e9:-4a3c', 'RULADEF1be07afa:1452a9809e9:-4a45', 'taxsummary', '1', 'Tax Summary Info', NULL, 'var', NULL, NULL, NULL, 'RPTLedgerTaxSummaryFact', NULL);
INSERT INTO sys_rule_actiondef_param ([objid], [parentid], [name], [sortorder], [title], [datatype], [handler], [lookuphandler], [lookupkey], [lookupvalue], [vardatatype], [lovname]) VALUES ('ACTPARAM1be07afa:1452a9809e9:-5b33', 'RULADEF357018a9:1452a5dcbf7:-7a0e', 'taxsummary', '1', 'Tax Summary Info', NULL, 'var', NULL, NULL, NULL, 'RPTLedgerTaxSummaryFact', NULL);
INSERT INTO sys_rule_actiondef_param ([objid], [parentid], [name], [sortorder], [title], [datatype], [handler], [lookuphandler], [lookupkey], [lookupvalue], [vardatatype], [lovname]) VALUES ('ACTPARAM1be07afa:1452a9809e9:-5f7c', 'RULADEF357018a9:1452a5dcbf7:-7a0e', 'expr', '4', 'Computation', NULL, 'expression', NULL, NULL, NULL, NULL, NULL);
INSERT INTO sys_rule_actiondef_param ([objid], [parentid], [name], [sortorder], [title], [datatype], [handler], [lookuphandler], [lookupkey], [lookupvalue], [vardatatype], [lovname]) VALUES ('ACTPARAM1be07afa:1452a9809e9:-6948', 'RULADEF1be07afa:1452a9809e9:-6958', 'var', '2', 'Variable Name', NULL, 'lookup', 'rptparameter:lookup', 'objid', 'name', NULL, NULL);
INSERT INTO sys_rule_actiondef_param ([objid], [parentid], [name], [sortorder], [title], [datatype], [handler], [lookuphandler], [lookupkey], [lookupvalue], [vardatatype], [lovname]) VALUES ('ACTPARAM1be07afa:1452a9809e9:-694f', 'RULADEF1be07afa:1452a9809e9:-6958', 'rptledgeritem', '1', 'RPT Ledger Item', NULL, 'var', NULL, NULL, NULL, 'RPTLedgerItemFact', NULL);
INSERT INTO sys_rule_actiondef_param ([objid], [parentid], [name], [sortorder], [title], [datatype], [handler], [lookuphandler], [lookupkey], [lookupvalue], [vardatatype], [lovname]) VALUES ('ACTPARAM325bd8be:145261815d2:-7eeb', 'RULADEF325bd8be:145261815d2:-7f18', 'revperiod', '2', 'Revenue Period', NULL, 'lov', NULL, NULL, NULL, NULL, 'RPT_REVENUE_PERIODS');
INSERT INTO sys_rule_actiondef_param ([objid], [parentid], [name], [sortorder], [title], [datatype], [handler], [lookuphandler], [lookupkey], [lookupvalue], [vardatatype], [lovname]) VALUES ('ACTPARAM325bd8be:145261815d2:-7ef2', 'RULADEF325bd8be:145261815d2:-7f18', 'rptledgeritem', '1', 'RPT Ledger Item', NULL, 'var', NULL, NULL, NULL, 'RPTLedgerItemFact', NULL);
INSERT INTO sys_rule_actiondef_param ([objid], [parentid], [name], [sortorder], [title], [datatype], [handler], [lookuphandler], [lookupkey], [lookupvalue], [vardatatype], [lovname]) VALUES ('ACTPARAM33e8cb24:1423c4b40b2:-6adc', 'RULADEF33e8cb24:1423c4b40b2:-6aeb', 'taxfeeaccount', '1', 'Tax Fee Account', NULL, 'var', NULL, NULL, NULL, 'bpls.facts.TaxFeeAccount', NULL);
INSERT INTO sys_rule_actiondef_param ([objid], [parentid], [name], [sortorder], [title], [datatype], [handler], [lookuphandler], [lookupkey], [lookupvalue], [vardatatype], [lovname]) VALUES ('ACTPARAM33e8cb24:1423c4b40b2:-7e2a', 'RULADEF33e8cb24:1423c4b40b2:-7f34', 'taxfee', '1', 'Tax Fee Account', NULL, 'var', NULL, NULL, NULL, 'bpls.facts.TaxFeeAccount', NULL);
INSERT INTO sys_rule_actiondef_param ([objid], [parentid], [name], [sortorder], [title], [datatype], [handler], [lookuphandler], [lookupkey], [lookupvalue], [vardatatype], [lovname]) VALUES ('ACTPARAM357018a9:1452a5dcbf7:-79ce', 'RULADEF357018a9:1452a5dcbf7:-7a0e', 'acct', '3', 'Account', NULL, 'lookup', 'revenueitem:lookup', 'objid', 'title', NULL, NULL);
INSERT INTO sys_rule_actiondef_param ([objid], [parentid], [name], [sortorder], [title], [datatype], [handler], [lookuphandler], [lookupkey], [lookupvalue], [vardatatype], [lovname]) VALUES ('ACTPARAM357018a9:1452a5dcbf7:-79e4', 'RULADEF357018a9:1452a5dcbf7:-7a0e', 'sharetype', '2', 'Share Type', NULL, 'lov', NULL, NULL, NULL, NULL, 'RPT_BILLING_SHARE_TYPES');
INSERT INTO sys_rule_actiondef_param ([objid], [parentid], [name], [sortorder], [title], [datatype], [handler], [lookuphandler], [lookupkey], [lookupvalue], [vardatatype], [lovname]) VALUES ('ACTPARAM367174cc:141a62bd0d8:18c4', 'RULADEF367174cc:141a62bd0d8:-4486', 'attribute', '2', 'Attribute', NULL, 'lookup', 'businessvariable:lookup', 'objid', 'name', 'string', NULL);
INSERT INTO sys_rule_actiondef_param ([objid], [parentid], [name], [sortorder], [title], [datatype], [handler], [lookuphandler], [lookupkey], [lookupvalue], [vardatatype], [lovname]) VALUES ('ACTPARAM40e16e9c:142df3e5af6:-6fed', 'RULADEF40e16e9c:142df3e5af6:-7ad7', 'ctc', '1', 'CTC Reference', NULL, 'var', NULL, NULL, NULL, 'CorporateCTC', NULL);
INSERT INTO sys_rule_actiondef_param ([objid], [parentid], [name], [sortorder], [title], [datatype], [handler], [lookuphandler], [lookupkey], [lookupvalue], [vardatatype], [lovname]) VALUES ('ACTPARAM40e16e9c:142df3e5af6:-704f', 'RULADEF40e16e9c:142df3e5af6:-7b1e', 'ctc', '1', 'CTC Reference', NULL, 'var', NULL, NULL, NULL, 'CorporateCTC', NULL);
INSERT INTO sys_rule_actiondef_param ([objid], [parentid], [name], [sortorder], [title], [datatype], [handler], [lookuphandler], [lookupkey], [lookupvalue], [vardatatype], [lovname]) VALUES ('ACTPARAM40e16e9c:142df3e5af6:-7073', 'RULADEF40e16e9c:142df3e5af6:-7b41', 'ctc', '1', 'CTC Reference', NULL, 'var', NULL, NULL, NULL, 'CorporateCTC', NULL);
INSERT INTO sys_rule_actiondef_param ([objid], [parentid], [name], [sortorder], [title], [datatype], [handler], [lookuphandler], [lookupkey], [lookupvalue], [vardatatype], [lovname]) VALUES ('ACTPARAM40e16e9c:142df3e5af6:-70b1', 'RULADEF40e16e9c:142df3e5af6:-7b7b', 'ctc', '1', 'CTC Reference', NULL, 'var', NULL, NULL, NULL, 'CorporateCTC', NULL);
INSERT INTO sys_rule_actiondef_param ([objid], [parentid], [name], [sortorder], [title], [datatype], [handler], [lookuphandler], [lookupkey], [lookupvalue], [vardatatype], [lovname]) VALUES ('ACTPARAM40e16e9c:142df3e5af6:-7abf', 'RULADEF40e16e9c:142df3e5af6:-7ad7', 'expr', '3', 'Computation', NULL, 'expression', NULL, NULL, NULL, NULL, NULL);
INSERT INTO sys_rule_actiondef_param ([objid], [parentid], [name], [sortorder], [title], [datatype], [handler], [lookuphandler], [lookupkey], [lookupvalue], [vardatatype], [lovname]) VALUES ('ACTPARAM40e16e9c:142df3e5af6:-7acc', 'RULADEF40e16e9c:142df3e5af6:-7ad7', 'acct', '2', 'Account', NULL, 'lookup', 'revenueitem:lookup', 'objid', 'title', NULL, NULL);
INSERT INTO sys_rule_actiondef_param ([objid], [parentid], [name], [sortorder], [title], [datatype], [handler], [lookuphandler], [lookupkey], [lookupvalue], [vardatatype], [lovname]) VALUES ('ACTPARAM40e16e9c:142df3e5af6:-7b13', 'RULADEF40e16e9c:142df3e5af6:-7b1e', 'expr', '2', 'Computation', NULL, 'expression', NULL, NULL, NULL, NULL, NULL);
INSERT INTO sys_rule_actiondef_param ([objid], [parentid], [name], [sortorder], [title], [datatype], [handler], [lookuphandler], [lookupkey], [lookupvalue], [vardatatype], [lovname]) VALUES ('ACTPARAM40e16e9c:142df3e5af6:-7b36', 'RULADEF40e16e9c:142df3e5af6:-7b41', 'expr', '2', 'Computation', NULL, 'expression', NULL, NULL, NULL, NULL, NULL);
INSERT INTO sys_rule_actiondef_param ([objid], [parentid], [name], [sortorder], [title], [datatype], [handler], [lookuphandler], [lookupkey], [lookupvalue], [vardatatype], [lovname]) VALUES ('ACTPARAM40e16e9c:142df3e5af6:-7b62', 'RULADEF40e16e9c:142df3e5af6:-7b7b', 'expr', '3', 'Computation', NULL, 'expression', NULL, NULL, NULL, NULL, NULL);
INSERT INTO sys_rule_actiondef_param ([objid], [parentid], [name], [sortorder], [title], [datatype], [handler], [lookuphandler], [lookupkey], [lookupvalue], [vardatatype], [lovname]) VALUES ('ACTPARAM40e16e9c:142df3e5af6:-7b70', 'RULADEF40e16e9c:142df3e5af6:-7b7b', 'acct', '2', 'Account', NULL, 'lookup', 'revenueitem:lookup', 'objid', 'title', NULL, NULL);
INSERT INTO sys_rule_actiondef_param ([objid], [parentid], [name], [sortorder], [title], [datatype], [handler], [lookuphandler], [lookupkey], [lookupvalue], [vardatatype], [lovname]) VALUES ('ACTPARAM547c5381:1451ae1cd9c:-54c0', 'RULADEF547c5381:1451ae1cd9c:-5551', 'expr', '3', 'Computation', NULL, 'expression', NULL, NULL, NULL, NULL, NULL);
INSERT INTO sys_rule_actiondef_param ([objid], [parentid], [name], [sortorder], [title], [datatype], [handler], [lookuphandler], [lookupkey], [lookupvalue], [vardatatype], [lovname]) VALUES ('ACTPARAM547c5381:1451ae1cd9c:-54d5', 'RULADEF547c5381:1451ae1cd9c:-5551', 'computationtype', '2', 'Compute', NULL, 'lov', NULL, NULL, NULL, NULL, 'RPT_BILLING_COMPUTATION_TYPES');
INSERT INTO sys_rule_actiondef_param ([objid], [parentid], [name], [sortorder], [title], [datatype], [handler], [lookuphandler], [lookupkey], [lookupvalue], [vardatatype], [lovname]) VALUES ('ACTPARAM547c5381:1451ae1cd9c:-5525', 'RULADEF547c5381:1451ae1cd9c:-5551', 'rptledgeritem', '1', 'Ledger Item', NULL, 'var', NULL, NULL, NULL, 'RPTLedgerItemFact', NULL);
INSERT INTO sys_rule_actiondef_param ([objid], [parentid], [name], [sortorder], [title], [datatype], [handler], [lookuphandler], [lookupkey], [lookupvalue], [vardatatype], [lovname]) VALUES ('ACTPARAM547c5381:1451ae1cd9c:-615f', 'RULADEF547c5381:1451ae1cd9c:-6179', 'expr', '3', 'Computation', NULL, 'expression', NULL, NULL, NULL, NULL, NULL);
INSERT INTO sys_rule_actiondef_param ([objid], [parentid], [name], [sortorder], [title], [datatype], [handler], [lookuphandler], [lookupkey], [lookupvalue], [vardatatype], [lovname]) VALUES ('ACTPARAM547c5381:1451ae1cd9c:-6167', 'RULADEF547c5381:1451ae1cd9c:-6179', 'computationtype', '2', 'Compute', NULL, 'lov', NULL, NULL, NULL, NULL, 'RPT_BILLING_COMPUTATION_TYPES');
INSERT INTO sys_rule_actiondef_param ([objid], [parentid], [name], [sortorder], [title], [datatype], [handler], [lookuphandler], [lookupkey], [lookupvalue], [vardatatype], [lovname]) VALUES ('ACTPARAM547c5381:1451ae1cd9c:-6170', 'RULADEF547c5381:1451ae1cd9c:-6179', 'rptledgeritem', '1', 'Ledger Item', NULL, 'var', NULL, NULL, NULL, 'RPTLedgerItemFact', NULL);
INSERT INTO sys_rule_actiondef_param ([objid], [parentid], [name], [sortorder], [title], [datatype], [handler], [lookuphandler], [lookupkey], [lookupvalue], [vardatatype], [lovname]) VALUES ('ACTPARAM61c9e5c1:1423cdbf146:-7dcd', 'RULADEF33e8cb24:1423c4b40b2:-6aeb', 'selectoption', '2', 'Select Option', NULL, 'lov', NULL, NULL, NULL, NULL, 'TAXFEE_SELECT_OPTION');
INSERT INTO sys_rule_actiondef_param ([objid], [parentid], [name], [sortorder], [title], [datatype], [handler], [lookuphandler], [lookupkey], [lookupvalue], [vardatatype], [lovname]) VALUES ('ACTPARAM6d66cc31:1446cc9522e:-7d3c', 'RULADEF6d66cc31:1446cc9522e:-7d56', 'requirementtype', '1', 'Requirement Type', NULL, 'lookup', 'rptrequirementtype:lookup', 'objid', 'name', NULL, NULL);
INSERT INTO sys_rule_actiondef_param ([objid], [parentid], [name], [sortorder], [title], [datatype], [handler], [lookuphandler], [lookupkey], [lookupvalue], [vardatatype], [lovname]) VALUES ('ACTPARAM72bb01b1:141b1fdca80:-7d98', 'RULADEF72bb01b1:141b1fdca80:-7e34', 'amount', '2', 'Amount', NULL, 'expression', NULL, NULL, NULL, NULL, NULL);
INSERT INTO sys_rule_actiondef_param ([objid], [parentid], [name], [sortorder], [title], [datatype], [handler], [lookuphandler], [lookupkey], [lookupvalue], [vardatatype], [lovname]) VALUES ('ACTPARAM73d37911:141edb9db9a:-7f14', 'RULADEF73d37911:141edb9db9a:-7f30', 'amount', '3', 'Amount', NULL, 'expression', NULL, NULL, NULL, NULL, NULL);
INSERT INTO sys_rule_actiondef_param ([objid], [parentid], [name], [sortorder], [title], [datatype], [handler], [lookuphandler], [lookupkey], [lookupvalue], [vardatatype], [lovname]) VALUES ('ACTPARAM73d37911:141edb9db9a:-7f21', 'RULADEF73d37911:141edb9db9a:-7f30', 'account', '2', 'Account', NULL, 'lookup', 'revenueitem:lookup', 'objid', 'title', NULL, NULL);
INSERT INTO sys_rule_actiondef_param ([objid], [parentid], [name], [sortorder], [title], [datatype], [handler], [lookuphandler], [lookupkey], [lookupvalue], [vardatatype], [lovname]) VALUES ('ACTPARAM73d37911:141edb9db9a:-7f28', 'RULADEF73d37911:141edb9db9a:-7f30', 'lob', '1', 'Line of Business', NULL, 'var', NULL, NULL, NULL, 'bpls.facts.LOB', NULL);
INSERT INTO sys_rule_actiondef_param ([objid], [parentid], [name], [sortorder], [title], [datatype], [handler], [lookuphandler], [lookupkey], [lookupvalue], [vardatatype], [lovname]) VALUES ('ACTPARAM7c61bd6d:1423fce917f:-7e73', 'RULADEF367174cc:141a62bd0d8:-4486', 'defaultvalue', '3', 'Default Value', 'string', 'string', NULL, NULL, NULL, 'string', NULL);
INSERT INTO sys_rule_actiondef_param ([objid], [parentid], [name], [sortorder], [title], [datatype], [handler], [lookuphandler], [lookupkey], [lookupvalue], [vardatatype], [lovname]) VALUES ('ACTPARAM7ee0ab5e:141b6a15885:-7f4c', 'RULADEF7ee0ab5e:141b6a15885:-7f52', 'amount', '2', 'Amount', NULL, 'expression', NULL, NULL, NULL, NULL, NULL);



INSERT INTO sys_rule_fact ([objid], [name], [title], [factclass], [sortorder], [handler], [defaultvarname], [dynamic], [lookuphandler], [lookupkey], [lookupvalue], [lookupdatatype], [dynamicfieldname], [builtinconstraints]) VALUES ('RULFACT-1f3e2b64:14230dd8f62:-7dd8', 'othercharge', 'Other Charge Bill Item', 'bpls.facts.BillItem', '8', NULL, 'OC', NULL, NULL, NULL, NULL, NULL, NULL, 'type == \"OTHERCHARGE\"');
INSERT INTO sys_rule_fact ([objid], [name], [title], [factclass], [sortorder], [handler], [defaultvarname], [dynamic], [lookuphandler], [lookupkey], [lookupvalue], [lookupdatatype], [dynamicfieldname], [builtinconstraints]) VALUES ('RULFACT-1f3e2b64:14230dd8f62:-7e29', 'regfee', 'Regulatory Fee Bill Item', 'bpls.facts.BillItem', '7', NULL, 'RF', NULL, NULL, NULL, NULL, NULL, NULL, 'type == \"REGFEE\"');
INSERT INTO sys_rule_fact ([objid], [name], [title], [factclass], [sortorder], [handler], [defaultvarname], [dynamic], [lookuphandler], [lookupkey], [lookupvalue], [lookupdatatype], [dynamicfieldname], [builtinconstraints]) VALUES ('RULFACT-1f3e2b64:14230dd8f62:-7eb6', 'businesstax', 'Business Tax Bill Item', 'bpls.facts.BillItem', '6', NULL, 'BT', NULL, NULL, NULL, NULL, NULL, NULL, 'type == \"TAX\"');
INSERT INTO sys_rule_fact ([objid], [name], [title], [factclass], [sortorder], [handler], [defaultvarname], [dynamic], [lookuphandler], [lookupkey], [lookupvalue], [lookupdatatype], [dynamicfieldname], [builtinconstraints]) VALUES ('RULFACT-26aa09fd:1419696e71f:-7feb', 'bpapplication', 'BPApplication', 'bpls.facts.BPApplication', '2', NULL, NULL, NULL, NULL, NULL, NULL, NULL, NULL, NULL);
INSERT INTO sys_rule_fact ([objid], [name], [title], [factclass], [sortorder], [handler], [defaultvarname], [dynamic], [lookuphandler], [lookupkey], [lookupvalue], [lookupdatatype], [dynamicfieldname], [builtinconstraints]) VALUES ('RULFACT-46f22f55:14231734d86:-7eca', 'BillDate', 'Bill Date', 'bpls.facts.BillDate', '1', NULL, NULL, NULL, NULL, NULL, NULL, NULL, NULL, NULL);
INSERT INTO sys_rule_fact ([objid], [name], [title], [factclass], [sortorder], [handler], [defaultvarname], [dynamic], [lookuphandler], [lookupkey], [lookupvalue], [lookupdatatype], [dynamicfieldname], [builtinconstraints]) VALUES ('RULFACT-7387c51c:142dbad3349:-73aa', 'barangay', 'Barangay', 'Barangay', '2', NULL, NULL, NULL, NULL, NULL, NULL, NULL, NULL, NULL);
INSERT INTO sys_rule_fact ([objid], [name], [title], [factclass], [sortorder], [handler], [defaultvarname], [dynamic], [lookuphandler], [lookupkey], [lookupvalue], [lookupdatatype], [dynamicfieldname], [builtinconstraints]) VALUES ('RULFACT-76732870:14196dc4027:-7f87', 'lob', 'Line of Business', 'bpls.facts.LOB', '3', NULL, 'LOB', NULL, NULL, NULL, NULL, NULL, NULL, NULL);
INSERT INTO sys_rule_fact ([objid], [name], [title], [factclass], [sortorder], [handler], [defaultvarname], [dynamic], [lookuphandler], [lookupkey], [lookupvalue], [lookupdatatype], [dynamicfieldname], [builtinconstraints]) VALUES ('RULFACT-7ea493a4:14237a0191b:-7fb7', 'payment', 'Payment', 'bpls.facts.Payment', '0', NULL, NULL, NULL, NULL, NULL, NULL, NULL, NULL, NULL);
INSERT INTO sys_rule_fact ([objid], [name], [title], [factclass], [sortorder], [handler], [defaultvarname], [dynamic], [lookuphandler], [lookupkey], [lookupvalue], [lookupdatatype], [dynamicfieldname], [builtinconstraints]) VALUES ('RULFACT-bad19b4:141f3c18435:-7fa9', 'businessinfo', 'Business Info', 'bpls.facts.BusinessInfo', '4', NULL, NULL, '1', 'businessvariable:lookup', 'objid', 'name', 'datatype', 'name', NULL);
INSERT INTO sys_rule_fact ([objid], [name], [title], [factclass], [sortorder], [handler], [defaultvarname], [dynamic], [lookuphandler], [lookupkey], [lookupvalue], [lookupdatatype], [dynamicfieldname], [builtinconstraints]) VALUES ('RULFACT-fd57605:142324ab5d2:-7f33', 'qtrdate', 'Qtr Date', 'bpls.facts.QtrDeadline', '0', NULL, NULL, NULL, NULL, NULL, NULL, NULL, NULL, NULL);
INSERT INTO sys_rule_fact ([objid], [name], [title], [factclass], [sortorder], [handler], [defaultvarname], [dynamic], [lookuphandler], [lookupkey], [lookupvalue], [lookupdatatype], [dynamicfieldname], [builtinconstraints]) VALUES ('RULFACT17d6e7ce:141df4b60c2:-7c21', 'assessedvalue', 'Assessed Value Data', 'AssessedValueFact', '20', NULL, NULL, NULL, NULL, NULL, NULL, NULL, NULL, NULL);
INSERT INTO sys_rule_fact ([objid], [name], [title], [factclass], [sortorder], [handler], [defaultvarname], [dynamic], [lookuphandler], [lookupkey], [lookupvalue], [lookupdatatype], [dynamicfieldname], [builtinconstraints]) VALUES ('RULFACT1be07afa:1452a9809e9:-731e', 'RPTLedgerTaxSummaryFact', 'Tax Summary Info', 'RPTLedgerTaxSummaryFact', '21', NULL, 'RLTS', NULL, NULL, NULL, NULL, NULL, NULL, NULL);
INSERT INTO sys_rule_fact ([objid], [name], [title], [factclass], [sortorder], [handler], [defaultvarname], [dynamic], [lookuphandler], [lookupkey], [lookupvalue], [lookupdatatype], [dynamicfieldname], [builtinconstraints]) VALUES ('RULFACT20ce1acc:141e456ed68:-7f43', 'CurrentDate', 'Current Date', 'CurrentDate', '1', NULL, NULL, NULL, NULL, NULL, NULL, NULL, NULL, NULL);
INSERT INTO sys_rule_fact ([objid], [name], [title], [factclass], [sortorder], [handler], [defaultvarname], [dynamic], [lookuphandler], [lookupkey], [lookupvalue], [lookupdatatype], [dynamicfieldname], [builtinconstraints]) VALUES ('RULFACT2e8bac67:1422b41d3b3:-7f64', 'CurrentDate', 'Current Date', 'CurrentDate', '0', NULL, NULL, NULL, NULL, NULL, NULL, NULL, NULL, NULL);
INSERT INTO sys_rule_fact ([objid], [name], [title], [factclass], [sortorder], [handler], [defaultvarname], [dynamic], [lookuphandler], [lookupkey], [lookupvalue], [lookupdatatype], [dynamicfieldname], [builtinconstraints]) VALUES ('RULFACT33cb572b:142da8961f6:-7da3', 'CorporateCTC', 'Corporate CTC', 'CorporateCTC', '1', NULL, NULL, NULL, NULL, NULL, NULL, NULL, NULL, NULL);
INSERT INTO sys_rule_fact ([objid], [name], [title], [factclass], [sortorder], [handler], [defaultvarname], [dynamic], [lookuphandler], [lookupkey], [lookupvalue], [lookupdatatype], [dynamicfieldname], [builtinconstraints]) VALUES ('RULFACT33cb572b:142da8961f6:-7f96', 'IndividualCTC', 'Individual CTC', 'IndividualCTC', '1', NULL, NULL, NULL, NULL, NULL, NULL, NULL, NULL, NULL);
INSERT INTO sys_rule_fact ([objid], [name], [title], [factclass], [sortorder], [handler], [defaultvarname], [dynamic], [lookuphandler], [lookupkey], [lookupvalue], [lookupdatatype], [dynamicfieldname], [builtinconstraints]) VALUES ('RULFACT357018a9:1452a5dcbf7:-793b', 'ShareInfoFact', 'LGU Share Info', 'ShareInfoFact', '50', NULL, 'LSH', NULL, NULL, NULL, NULL, NULL, NULL, NULL);
INSERT INTO sys_rule_fact ([objid], [name], [title], [factclass], [sortorder], [handler], [defaultvarname], [dynamic], [lookuphandler], [lookupkey], [lookupvalue], [lookupdatatype], [dynamicfieldname], [builtinconstraints]) VALUES ('RULFACT3a2b180:142b73535d5:-7fb1', 'LateRenewal', 'Late Renewal', 'bpls.facts.LateRenewal', '20', NULL, 'LateRenewal', NULL, NULL, NULL, NULL, NULL, NULL, NULL);
INSERT INTO sys_rule_fact ([objid], [name], [title], [factclass], [sortorder], [handler], [defaultvarname], [dynamic], [lookuphandler], [lookupkey], [lookupvalue], [lookupdatatype], [dynamicfieldname], [builtinconstraints]) VALUES ('RULFACT40e16e9c:142df3e5af6:-551d', 'currentdate', 'Current Date', 'CurrentDate', '3', NULL, NULL, NULL, NULL, NULL, NULL, NULL, NULL, NULL);
INSERT INTO sys_rule_fact ([objid], [name], [title], [factclass], [sortorder], [handler], [defaultvarname], [dynamic], [lookuphandler], [lookupkey], [lookupvalue], [lookupdatatype], [dynamicfieldname], [builtinconstraints]) VALUES ('RULFACT49ae4bad:141e3b6758c:-7ba3', 'currentdate', 'Current Date', 'CurrentDate', '1', NULL, NULL, NULL, NULL, NULL, NULL, NULL, NULL, NULL);
INSERT INTO sys_rule_fact ([objid], [name], [title], [factclass], [sortorder], [handler], [defaultvarname], [dynamic], [lookuphandler], [lookupkey], [lookupvalue], [lookupdatatype], [dynamicfieldname], [builtinconstraints]) VALUES ('RULFACT49f1ff47:142dfb342ca:-6f8c', 'CurrentDate', 'Current Date', 'CurrentDate', '2', NULL, NULL, NULL, NULL, NULL, NULL, NULL, NULL, NULL);
INSERT INTO sys_rule_fact ([objid], [name], [title], [factclass], [sortorder], [handler], [defaultvarname], [dynamic], [lookuphandler], [lookupkey], [lookupvalue], [lookupdatatype], [dynamicfieldname], [builtinconstraints]) VALUES ('RULFACT4a03cdfb:141f9a6dc3c:-784a', 'sysvariable', 'Sys Variable', 'bpls.facts.SysVariable', '10', NULL, NULL, '1', 'bpassessment_sysvar:lookup', 'name', 'name', 'datatype', 'name', NULL);
INSERT INTO sys_rule_fact ([objid], [name], [title], [factclass], [sortorder], [handler], [defaultvarname], [dynamic], [lookuphandler], [lookupkey], [lookupvalue], [lookupdatatype], [dynamicfieldname], [builtinconstraints]) VALUES ('RULFACT4ca00100:141fe894560:-7d8e', 'othercharge', 'Other Charge Account', 'bpls.facts.TaxFeeAccount', '7', NULL, 'OC', NULL, NULL, NULL, NULL, NULL, NULL, 'type==\"OTHERCHARGE\"');
INSERT INTO sys_rule_fact ([objid], [name], [title], [factclass], [sortorder], [handler], [defaultvarname], [dynamic], [lookuphandler], [lookupkey], [lookupvalue], [lookupdatatype], [dynamicfieldname], [builtinconstraints]) VALUES ('RULFACT4ca00100:141fe894560:-7e3f', 'regfee', 'Regulatory Fee Account', 'bpls.facts.TaxFeeAccount', '6', NULL, 'RF', NULL, NULL, NULL, NULL, NULL, NULL, 'type == \"REGFEE\"');
INSERT INTO sys_rule_fact ([objid], [name], [title], [factclass], [sortorder], [handler], [defaultvarname], [dynamic], [lookuphandler], [lookupkey], [lookupvalue], [lookupdatatype], [dynamicfieldname], [builtinconstraints]) VALUES ('RULFACT547c5381:1451ae1cd9c:-75e0', 'paymentoption', 'Payment Option', 'PaymentOptionFact', '2', NULL, NULL, NULL, NULL, NULL, NULL, NULL, NULL, NULL);
INSERT INTO sys_rule_fact ([objid], [name], [title], [factclass], [sortorder], [handler], [defaultvarname], [dynamic], [lookuphandler], [lookupkey], [lookupvalue], [lookupdatatype], [dynamicfieldname], [builtinconstraints]) VALUES ('RULFACT547c5381:1451ae1cd9c:-7933', 'rptledgeritem', 'RPT Ledger Item', 'RPTLedgerItemFact', '6', NULL, 'RLI', NULL, NULL, NULL, NULL, NULL, NULL, NULL);
INSERT INTO sys_rule_fact ([objid], [name], [title], [factclass], [sortorder], [handler], [defaultvarname], [dynamic], [lookuphandler], [lookupkey], [lookupvalue], [lookupdatatype], [dynamicfieldname], [builtinconstraints]) VALUES ('RULFACT547c5381:1451ae1cd9c:-798f', 'rptledger', 'RPT Ledger', 'RPTLedgerFact', '5', NULL, 'RL', '0', NULL, NULL, NULL, NULL, NULL, NULL);
INSERT INTO sys_rule_fact ([objid], [name], [title], [factclass], [sortorder], [handler], [defaultvarname], [dynamic], [lookuphandler], [lookupkey], [lookupvalue], [lookupdatatype], [dynamicfieldname], [builtinconstraints]) VALUES ('RULFACT64302071:14232ed987c:-7f4e', 'payoption', 'Pay Option', 'bpls.facts.PayOption', '0', NULL, NULL, NULL, NULL, NULL, NULL, NULL, NULL, NULL);
INSERT INTO sys_rule_fact ([objid], [name], [title], [factclass], [sortorder], [handler], [defaultvarname], [dynamic], [lookuphandler], [lookupkey], [lookupvalue], [lookupdatatype], [dynamicfieldname], [builtinconstraints]) VALUES ('RULFACT6d66cc31:1446cc9522e:-7ee1', 'RPTTxnInfoFact', 'RPTTxnInfoFact', 'RPTTxnInfoFact', '0', NULL, NULL, NULL, NULL, NULL, NULL, NULL, NULL, NULL);
INSERT INTO sys_rule_fact ([objid], [name], [title], [factclass], [sortorder], [handler], [defaultvarname], [dynamic], [lookuphandler], [lookupkey], [lookupvalue], [lookupdatatype], [dynamicfieldname], [builtinconstraints]) VALUES ('RULFACT72bb01b1:141b1fdca80:-7f86', 'businesstax', 'Business Tax Account', 'bpls.facts.TaxFeeAccount', '5', NULL, 'BT', NULL, NULL, NULL, NULL, NULL, NULL, 'type == \"TAX\"');
INSERT INTO sys_rule_fact ([objid], [name], [title], [factclass], [sortorder], [handler], [defaultvarname], [dynamic], [lookuphandler], [lookupkey], [lookupvalue], [lookupdatatype], [dynamicfieldname], [builtinconstraints]) VALUES ('RULFACT7ee0ab5e:141b6a15885:-7ff1', 'Ledger', 'Business Ledger', 'BPLedger', '1', NULL, NULL, NULL, NULL, NULL, NULL, NULL, NULL, NULL);



INSERT INTO sys_rule_fact_field ([objid], [parentid], [name], [title], [datatype], [sortorder], [handler], [lookuphandler], [lookupkey], [lookupvalue], [lookupdatatype], [multivalued], [required], [vardatatype], [lovname]) VALUES ('FACTFLD-1f3e2b64:14230dd8f62:-7da5', 'RULFACT-1f3e2b64:14230dd8f62:-7dd8', 'expired', 'Expired', 'boolean', '3', 'boolean', NULL, NULL, NULL, NULL, NULL, NULL, 'boolean', NULL);
INSERT INTO sys_rule_fact_field ([objid], [parentid], [name], [title], [datatype], [sortorder], [handler], [lookuphandler], [lookupkey], [lookupvalue], [lookupdatatype], [multivalued], [required], [vardatatype], [lovname]) VALUES ('FACTFLD-1f3e2b64:14230dd8f62:-7db6', 'RULFACT-1f3e2b64:14230dd8f62:-7dd8', 'amtdue', 'Amount Due', 'decimal', '2', 'decimal', NULL, NULL, NULL, NULL, NULL, NULL, 'decimal', NULL);
INSERT INTO sys_rule_fact_field ([objid], [parentid], [name], [title], [datatype], [sortorder], [handler], [lookuphandler], [lookupkey], [lookupvalue], [lookupdatatype], [multivalued], [required], [vardatatype], [lovname]) VALUES ('FACTFLD-1f3e2b64:14230dd8f62:-7dc7', 'RULFACT-1f3e2b64:14230dd8f62:-7dd8', 'acctid', 'Account', 'string', '1', 'lookup', 'revenueitem:lookup', 'objid', 'title', NULL, NULL, NULL, 'string', NULL);
INSERT INTO sys_rule_fact_field ([objid], [parentid], [name], [title], [datatype], [sortorder], [handler], [lookuphandler], [lookupkey], [lookupvalue], [lookupdatatype], [multivalued], [required], [vardatatype], [lovname]) VALUES ('FACTFLD-1f3e2b64:14230dd8f62:-7dfe', 'RULFACT-1f3e2b64:14230dd8f62:-7e29', 'expired', 'Expired', 'boolean', '3', 'boolean', NULL, NULL, NULL, NULL, NULL, NULL, 'boolean', NULL);
INSERT INTO sys_rule_fact_field ([objid], [parentid], [name], [title], [datatype], [sortorder], [handler], [lookuphandler], [lookupkey], [lookupvalue], [lookupdatatype], [multivalued], [required], [vardatatype], [lovname]) VALUES ('FACTFLD-1f3e2b64:14230dd8f62:-7e07', 'RULFACT-1f3e2b64:14230dd8f62:-7e29', 'amtdue', 'Amount Due', 'decimal', '2', 'decimal', NULL, NULL, NULL, NULL, NULL, NULL, 'decimal', NULL);
INSERT INTO sys_rule_fact_field ([objid], [parentid], [name], [title], [datatype], [sortorder], [handler], [lookuphandler], [lookupkey], [lookupvalue], [lookupdatatype], [multivalued], [required], [vardatatype], [lovname]) VALUES ('FACTFLD-1f3e2b64:14230dd8f62:-7e18', 'RULFACT-1f3e2b64:14230dd8f62:-7e29', 'acctid', 'Account', 'string', '1', 'lookup', 'revenueitem:lookup', 'objid', 'title', NULL, NULL, NULL, 'string', NULL);
INSERT INTO sys_rule_fact_field ([objid], [parentid], [name], [title], [datatype], [sortorder], [handler], [lookuphandler], [lookupkey], [lookupvalue], [lookupdatatype], [multivalued], [required], [vardatatype], [lovname]) VALUES ('FACTFLD-1f3e2b64:14230dd8f62:-7e8b', 'RULFACT-1f3e2b64:14230dd8f62:-7eb6', 'expired', 'Expired', 'boolean', '3', 'boolean', NULL, NULL, NULL, NULL, NULL, NULL, 'boolean', NULL);
INSERT INTO sys_rule_fact_field ([objid], [parentid], [name], [title], [datatype], [sortorder], [handler], [lookuphandler], [lookupkey], [lookupvalue], [lookupdatatype], [multivalued], [required], [vardatatype], [lovname]) VALUES ('FACTFLD-1f3e2b64:14230dd8f62:-7e94', 'RULFACT-1f3e2b64:14230dd8f62:-7eb6', 'amtdue', 'Amount Due', 'decimal', '2', 'decimal', NULL, NULL, NULL, NULL, NULL, NULL, 'decimal', NULL);
INSERT INTO sys_rule_fact_field ([objid], [parentid], [name], [title], [datatype], [sortorder], [handler], [lookuphandler], [lookupkey], [lookupvalue], [lookupdatatype], [multivalued], [required], [vardatatype], [lovname]) VALUES ('FACTFLD-1f3e2b64:14230dd8f62:-7ea5', 'RULFACT-1f3e2b64:14230dd8f62:-7eb6', 'acctid', 'Account', 'string', '1', 'lookup', 'revenueitem:lookup', 'objid', 'title', NULL, NULL, NULL, 'string', NULL);
INSERT INTO sys_rule_fact_field ([objid], [parentid], [name], [title], [datatype], [sortorder], [handler], [lookuphandler], [lookupkey], [lookupvalue], [lookupdatatype], [multivalued], [required], [vardatatype], [lovname]) VALUES ('FACTFLD-234b5263:142c77537de:-7af4', 'RULFACT-1f3e2b64:14230dd8f62:-7dd8', 'lob', 'Line of Business', 'string', '6', 'var', NULL, NULL, NULL, NULL, NULL, NULL, 'bpls.facts.LOB', NULL);
INSERT INTO sys_rule_fact_field ([objid], [parentid], [name], [title], [datatype], [sortorder], [handler], [lookuphandler], [lookupkey], [lookupvalue], [lookupdatatype], [multivalued], [required], [vardatatype], [lovname]) VALUES ('FACTFLD-234b5263:142c77537de:-7b3b', 'RULFACT-1f3e2b64:14230dd8f62:-7e29', 'lob', 'Line of Business', 'string', '6', 'var', NULL, NULL, NULL, NULL, NULL, NULL, 'bpls.facts.LOB', NULL);
INSERT INTO sys_rule_fact_field ([objid], [parentid], [name], [title], [datatype], [sortorder], [handler], [lookuphandler], [lookupkey], [lookupvalue], [lookupdatatype], [multivalued], [required], [vardatatype], [lovname]) VALUES ('FACTFLD-234b5263:142c77537de:-7c17', 'RULFACT-1f3e2b64:14230dd8f62:-7eb6', 'lob', 'Line of Business', 'string', '7', 'var', NULL, NULL, NULL, NULL, NULL, NULL, 'bpls.facts.LOB', NULL);
INSERT INTO sys_rule_fact_field ([objid], [parentid], [name], [title], [datatype], [sortorder], [handler], [lookuphandler], [lookupkey], [lookupvalue], [lookupdatatype], [multivalued], [required], [vardatatype], [lovname]) VALUES ('FACTFLD-26aa09fd:1419696e71f:-7fe4', 'RULFACT-26aa09fd:1419696e71f:-7feb', 'apptype', 'App Type', 'BUSINESS_APP_TYPES', '1', 'lov', NULL, NULL, NULL, NULL, NULL, NULL, NULL, 'BUSINESS_APP_TYPES');
INSERT INTO sys_rule_fact_field ([objid], [parentid], [name], [title], [datatype], [sortorder], [handler], [lookuphandler], [lookupkey], [lookupvalue], [lookupdatatype], [multivalued], [required], [vardatatype], [lovname]) VALUES ('FACTFLD-301ea2a7:142daea52cd:-7a47', 'RULFACT33cb572b:142da8961f6:-7da3', 'interest', 'Interest', 'decimal', '10', 'decimal', NULL, NULL, NULL, NULL, NULL, NULL, 'decimal', NULL);
INSERT INTO sys_rule_fact_field ([objid], [parentid], [name], [title], [datatype], [sortorder], [handler], [lookuphandler], [lookupkey], [lookupvalue], [lookupdatatype], [multivalued], [required], [vardatatype], [lovname]) VALUES ('FACTFLD-301ea2a7:142daea52cd:-7a50', 'RULFACT33cb572b:142da8961f6:-7da3', 'additionaltax', 'Additional Tax', 'decimal', '9', 'decimal', NULL, NULL, NULL, NULL, NULL, NULL, 'decimal', NULL);
INSERT INTO sys_rule_fact_field ([objid], [parentid], [name], [title], [datatype], [sortorder], [handler], [lookuphandler], [lookupkey], [lookupvalue], [lookupdatatype], [multivalued], [required], [vardatatype], [lovname]) VALUES ('FACTFLD-301ea2a7:142daea52cd:-7a59', 'RULFACT33cb572b:142da8961f6:-7da3', 'propertyavtax', 'Property AV Tax', 'decimal', '8', 'decimal', NULL, NULL, NULL, NULL, NULL, NULL, 'decimal', NULL);
INSERT INTO sys_rule_fact_field ([objid], [parentid], [name], [title], [datatype], [sortorder], [handler], [lookuphandler], [lookupkey], [lookupvalue], [lookupdatatype], [multivalued], [required], [vardatatype], [lovname]) VALUES ('FACTFLD-301ea2a7:142daea52cd:-7a67', 'RULFACT33cb572b:142da8961f6:-7da3', 'businessgrosstax', 'Business Gross Tax', 'decimal', '7', 'decimal', NULL, NULL, NULL, NULL, NULL, NULL, 'decimal', NULL);
INSERT INTO sys_rule_fact_field ([objid], [parentid], [name], [title], [datatype], [sortorder], [handler], [lookuphandler], [lookupkey], [lookupvalue], [lookupdatatype], [multivalued], [required], [vardatatype], [lovname]) VALUES ('FACTFLD-301ea2a7:142daea52cd:-7a70', 'RULFACT33cb572b:142da8961f6:-7da3', 'basictax', 'Basic Tax', 'decimal', '6', 'decimal', NULL, NULL, NULL, NULL, NULL, NULL, 'decimal', NULL);
INSERT INTO sys_rule_fact_field ([objid], [parentid], [name], [title], [datatype], [sortorder], [handler], [lookuphandler], [lookupkey], [lookupvalue], [lookupdatatype], [multivalued], [required], [vardatatype], [lovname]) VALUES ('FACTFLD-301ea2a7:142daea52cd:-7a79', 'RULFACT33cb572b:142da8961f6:-7da3', 'additional', 'Is Additional?', 'boolean', '5', 'boolean', NULL, NULL, NULL, NULL, NULL, NULL, 'boolean', NULL);
INSERT INTO sys_rule_fact_field ([objid], [parentid], [name], [title], [datatype], [sortorder], [handler], [lookuphandler], [lookupkey], [lookupvalue], [lookupdatatype], [multivalued], [required], [vardatatype], [lovname]) VALUES ('FACTFLD-301ea2a7:142daea52cd:-7b22', 'RULFACT33cb572b:142da8961f6:-7f96', 'totaltax', 'Total Tax', 'decimal', '17', 'decimal', NULL, NULL, NULL, NULL, NULL, NULL, 'decimal', NULL);
INSERT INTO sys_rule_fact_field ([objid], [parentid], [name], [title], [datatype], [sortorder], [handler], [lookuphandler], [lookupkey], [lookupvalue], [lookupdatatype], [multivalued], [required], [vardatatype], [lovname]) VALUES ('FACTFLD-301ea2a7:142daea52cd:-7b2f', 'RULFACT33cb572b:142da8961f6:-7f96', 'interest', 'Interest', 'decimal', '18', 'decimal', NULL, NULL, NULL, NULL, NULL, NULL, 'decimal', NULL);
INSERT INTO sys_rule_fact_field ([objid], [parentid], [name], [title], [datatype], [sortorder], [handler], [lookuphandler], [lookupkey], [lookupvalue], [lookupdatatype], [multivalued], [required], [vardatatype], [lovname]) VALUES ('FACTFLD-301ea2a7:142daea52cd:-7b3c', 'RULFACT33cb572b:142da8961f6:-7f96', 'additionaltax', 'Additional Tax', 'decimal', '16', 'decimal', NULL, NULL, NULL, NULL, NULL, NULL, 'decimal', NULL);
INSERT INTO sys_rule_fact_field ([objid], [parentid], [name], [title], [datatype], [sortorder], [handler], [lookuphandler], [lookupkey], [lookupvalue], [lookupdatatype], [multivalued], [required], [vardatatype], [lovname]) VALUES ('FACTFLD-301ea2a7:142daea52cd:-7b49', 'RULFACT33cb572b:142da8961f6:-7f96', 'propertyincometax', 'Property Income Tax', 'decimal', '15', 'decimal', NULL, NULL, NULL, NULL, NULL, NULL, 'decimal', NULL);
INSERT INTO sys_rule_fact_field ([objid], [parentid], [name], [title], [datatype], [sortorder], [handler], [lookuphandler], [lookupkey], [lookupvalue], [lookupdatatype], [multivalued], [required], [vardatatype], [lovname]) VALUES ('FACTFLD-301ea2a7:142daea52cd:-7b56', 'RULFACT33cb572b:142da8961f6:-7f96', 'businessgrosstax', 'Business Gross Tax', 'decimal', '14', 'decimal', NULL, NULL, NULL, NULL, NULL, NULL, 'decimal', NULL);
INSERT INTO sys_rule_fact_field ([objid], [parentid], [name], [title], [datatype], [sortorder], [handler], [lookuphandler], [lookupkey], [lookupvalue], [lookupdatatype], [multivalued], [required], [vardatatype], [lovname]) VALUES ('FACTFLD-301ea2a7:142daea52cd:-7b63', 'RULFACT33cb572b:142da8961f6:-7f96', 'salarytax', 'Salary Tax', 'decimal', '13', 'decimal', NULL, NULL, NULL, NULL, NULL, NULL, 'decimal', NULL);
INSERT INTO sys_rule_fact_field ([objid], [parentid], [name], [title], [datatype], [sortorder], [handler], [lookuphandler], [lookupkey], [lookupvalue], [lookupdatatype], [multivalued], [required], [vardatatype], [lovname]) VALUES ('FACTFLD-301ea2a7:142daea52cd:-7b70', 'RULFACT33cb572b:142da8961f6:-7f96', 'basictax', 'Basic Tax', 'decimal', '12', 'decimal', NULL, NULL, NULL, NULL, NULL, NULL, 'decimal', NULL);
INSERT INTO sys_rule_fact_field ([objid], [parentid], [name], [title], [datatype], [sortorder], [handler], [lookuphandler], [lookupkey], [lookupvalue], [lookupdatatype], [multivalued], [required], [vardatatype], [lovname]) VALUES ('FACTFLD-301ea2a7:142daea52cd:-7b7d', 'RULFACT33cb572b:142da8961f6:-7f96', 'additional', 'Is Additional?', 'boolean', '11', 'boolean', NULL, NULL, NULL, NULL, NULL, NULL, 'boolean', NULL);
INSERT INTO sys_rule_fact_field ([objid], [parentid], [name], [title], [datatype], [sortorder], [handler], [lookuphandler], [lookupkey], [lookupvalue], [lookupdatatype], [multivalued], [required], [vardatatype], [lovname]) VALUES ('FACTFLD-301ea2a7:142daea52cd:-7b92', 'RULFACT33cb572b:142da8961f6:-7f96', 'barangayid', 'Barangay', 'string', '10', 'lookup', 'barangay:lookup', 'objid', 'name', NULL, NULL, NULL, 'string', NULL);
INSERT INTO sys_rule_fact_field ([objid], [parentid], [name], [title], [datatype], [sortorder], [handler], [lookuphandler], [lookupkey], [lookupvalue], [lookupdatatype], [multivalued], [required], [vardatatype], [lovname]) VALUES ('FACTFLD-319efa0:1452018b4cc:-7e00', 'RULFACT547c5381:1451ae1cd9c:-7933', 'netsef', 'Net SEF Amount', 'decimal', '21', 'decimal', NULL, NULL, NULL, NULL, NULL, NULL, 'decimal', NULL);
INSERT INTO sys_rule_fact_field ([objid], [parentid], [name], [title], [datatype], [sortorder], [handler], [lookuphandler], [lookupkey], [lookupvalue], [lookupdatatype], [multivalued], [required], [vardatatype], [lovname]) VALUES ('FACTFLD-319efa0:1452018b4cc:-7e53', 'RULFACT547c5381:1451ae1cd9c:-7933', 'netbasic', 'Net Basic Amount', 'decimal', '17', 'decimal', NULL, NULL, NULL, NULL, NULL, NULL, 'decimal', NULL);
INSERT INTO sys_rule_fact_field ([objid], [parentid], [name], [title], [datatype], [sortorder], [handler], [lookuphandler], [lookupkey], [lookupvalue], [lookupdatatype], [multivalued], [required], [vardatatype], [lovname]) VALUES ('FACTFLD-42025b26:14237a79c92:-7f53', 'RULFACT-46f22f55:14231734d86:-7eca', 'date', 'Date', 'date', '4', 'date', NULL, NULL, NULL, NULL, NULL, NULL, 'date', NULL);
INSERT INTO sys_rule_fact_field ([objid], [parentid], [name], [title], [datatype], [sortorder], [handler], [lookuphandler], [lookupkey], [lookupvalue], [lookupdatatype], [multivalued], [required], [vardatatype], [lovname]) VALUES ('FACTFLD-4284c4b2:1459c3e8a0d:-7df1', 'RULFACT1be07afa:1452a9809e9:-731e', 'objid', 'Variable', 'string', '1', 'lookup', 'rptparameter:lookup', 'objid', 'name', NULL, NULL, '0', 'string', NULL);
INSERT INTO sys_rule_fact_field ([objid], [parentid], [name], [title], [datatype], [sortorder], [handler], [lookuphandler], [lookupkey], [lookupvalue], [lookupdatatype], [multivalued], [required], [vardatatype], [lovname]) VALUES ('FACTFLD-435133e2:142c7ca3c49:-7a9f', 'RULFACT-fd57605:142324ab5d2:-7f33', 'deadline', 'Deadline date', 'date', '5', 'date', NULL, NULL, NULL, NULL, NULL, NULL, 'date', NULL);
INSERT INTO sys_rule_fact_field ([objid], [parentid], [name], [title], [datatype], [sortorder], [handler], [lookuphandler], [lookupkey], [lookupvalue], [lookupdatatype], [multivalued], [required], [vardatatype], [lovname]) VALUES ('FACTFLD-435133e2:142c7ca3c49:-7abe', 'RULFACT-fd57605:142324ab5d2:-7f33', 'beginQtrDate', 'Begin date of Qtr', 'date', '4', 'date', NULL, NULL, NULL, NULL, NULL, NULL, 'date', NULL);
INSERT INTO sys_rule_fact_field ([objid], [parentid], [name], [title], [datatype], [sortorder], [handler], [lookuphandler], [lookupkey], [lookupvalue], [lookupdatatype], [multivalued], [required], [vardatatype], [lovname]) VALUES ('FACTFLD-45a06f70:141e85fbfd5:-7f6f', 'RULFACT-76732870:14196dc4027:-7f87', 'assessmenttype', 'Assessment Type', NULL, '4', 'lov', NULL, NULL, NULL, NULL, NULL, NULL, NULL, 'LOB_ASSESSMENT_TYPES');
INSERT INTO sys_rule_fact_field ([objid], [parentid], [name], [title], [datatype], [sortorder], [handler], [lookuphandler], [lookupkey], [lookupvalue], [lookupdatatype], [multivalued], [required], [vardatatype], [lovname]) VALUES ('FACTFLD-46f22f55:14231734d86:-7ea7', 'RULFACT-46f22f55:14231734d86:-7eca', 'day', 'Day', 'integer', '3', 'integer', NULL, NULL, NULL, NULL, NULL, NULL, 'integer', NULL);
INSERT INTO sys_rule_fact_field ([objid], [parentid], [name], [title], [datatype], [sortorder], [handler], [lookuphandler], [lookupkey], [lookupvalue], [lookupdatatype], [multivalued], [required], [vardatatype], [lovname]) VALUES ('FACTFLD-46f22f55:14231734d86:-7eb0', 'RULFACT-46f22f55:14231734d86:-7eca', 'year', 'Year', 'integer', '2', 'integer', NULL, NULL, NULL, NULL, NULL, NULL, 'integer', NULL);
INSERT INTO sys_rule_fact_field ([objid], [parentid], [name], [title], [datatype], [sortorder], [handler], [lookuphandler], [lookupkey], [lookupvalue], [lookupdatatype], [multivalued], [required], [vardatatype], [lovname]) VALUES ('FACTFLD-46f22f55:14231734d86:-7eb9', 'RULFACT-46f22f55:14231734d86:-7eca', 'month', 'Month', 'integer', '1', 'integer', NULL, NULL, NULL, NULL, NULL, NULL, 'integer', NULL);
INSERT INTO sys_rule_fact_field ([objid], [parentid], [name], [title], [datatype], [sortorder], [handler], [lookuphandler], [lookupkey], [lookupvalue], [lookupdatatype], [multivalued], [required], [vardatatype], [lovname]) VALUES ('FACTFLD-569e4b29:1452054ad68:-5e97', 'RULFACT547c5381:1451ae1cd9c:-7933', 'firecode', 'Fire Code', 'decimal', '22', 'decimal', NULL, NULL, NULL, NULL, NULL, NULL, 'decimal', NULL);
INSERT INTO sys_rule_fact_field ([objid], [parentid], [name], [title], [datatype], [sortorder], [handler], [lookuphandler], [lookupkey], [lookupvalue], [lookupdatatype], [multivalued], [required], [vardatatype], [lovname]) VALUES ('FACTFLD-569e4b29:1452054ad68:-7a02', 'RULFACT547c5381:1451ae1cd9c:-798f', 'rputype', 'Property Type', 'string', '6', 'lov', NULL, NULL, NULL, NULL, NULL, NULL, 'string', 'RPT_RPUTYPES');
INSERT INTO sys_rule_fact_field ([objid], [parentid], [name], [title], [datatype], [sortorder], [handler], [lookuphandler], [lookupkey], [lookupvalue], [lookupdatatype], [multivalued], [required], [vardatatype], [lovname]) VALUES ('FACTFLD-5c8064e4:143fb646ea9:-7ec0', 'RULFACT-1f3e2b64:14230dd8f62:-7e29', 'surcharge', 'Surcharge', 'decimal', '7', 'decimal', NULL, NULL, NULL, NULL, NULL, NULL, 'decimal', NULL);
INSERT INTO sys_rule_fact_field ([objid], [parentid], [name], [title], [datatype], [sortorder], [handler], [lookuphandler], [lookupkey], [lookupvalue], [lookupdatatype], [multivalued], [required], [vardatatype], [lovname]) VALUES ('FACTFLD-62a762db:14201d65080:-7250', 'RULFACT-26aa09fd:1419696e71f:-7feb', 'appqtr', 'App Qtr', 'integer', '9', 'integer', NULL, NULL, NULL, NULL, NULL, NULL, 'integer', NULL);
INSERT INTO sys_rule_fact_field ([objid], [parentid], [name], [title], [datatype], [sortorder], [handler], [lookuphandler], [lookupkey], [lookupvalue], [lookupdatatype], [multivalued], [required], [vardatatype], [lovname]) VALUES ('FACTFLD-62a762db:14201d65080:-72d8', 'RULFACT-26aa09fd:1419696e71f:-7feb', 'appdate', 'App date', 'integer', '8', 'integer', NULL, NULL, NULL, NULL, NULL, NULL, 'integer', NULL);
INSERT INTO sys_rule_fact_field ([objid], [parentid], [name], [title], [datatype], [sortorder], [handler], [lookuphandler], [lookupkey], [lookupvalue], [lookupdatatype], [multivalued], [required], [vardatatype], [lovname]) VALUES ('FACTFLD-62a762db:14201d65080:-72e9', 'RULFACT-26aa09fd:1419696e71f:-7feb', 'appmonth', 'App. Month', 'integer', '7', 'integer', NULL, NULL, NULL, NULL, NULL, NULL, 'integer', NULL);
INSERT INTO sys_rule_fact_field ([objid], [parentid], [name], [title], [datatype], [sortorder], [handler], [lookuphandler], [lookupkey], [lookupvalue], [lookupdatatype], [multivalued], [required], [vardatatype], [lovname]) VALUES ('FACTFLD-62a762db:14201d65080:-72f2', 'RULFACT-26aa09fd:1419696e71f:-7feb', 'appyear', 'Application Year', 'integer', '6', 'integer', NULL, NULL, NULL, NULL, NULL, NULL, 'integer', NULL);
INSERT INTO sys_rule_fact_field ([objid], [parentid], [name], [title], [datatype], [sortorder], [handler], [lookuphandler], [lookupkey], [lookupvalue], [lookupdatatype], [multivalued], [required], [vardatatype], [lovname]) VALUES ('FACTFLD-62a762db:14201d65080:-7303', 'RULFACT-26aa09fd:1419696e71f:-7feb', 'yearstarted', 'Year Applied', 'integer', '5', 'integer', NULL, NULL, NULL, NULL, NULL, NULL, 'integer', NULL);
INSERT INTO sys_rule_fact_field ([objid], [parentid], [name], [title], [datatype], [sortorder], [handler], [lookuphandler], [lookupkey], [lookupvalue], [lookupdatatype], [multivalued], [required], [vardatatype], [lovname]) VALUES ('FACTFLD-73089baf:141f3d279b0:-7f78', 'RULFACT-bad19b4:141f3c18435:-7fa9', 'lob', 'Line of Business', NULL, '1', 'var', NULL, NULL, NULL, NULL, NULL, '1', 'bpls.facts.LOB', NULL);
INSERT INTO sys_rule_fact_field ([objid], [parentid], [name], [title], [datatype], [sortorder], [handler], [lookuphandler], [lookupkey], [lookupvalue], [lookupdatatype], [multivalued], [required], [vardatatype], [lovname]) VALUES ('FACTFLD-7387c51c:142dbad3349:-7393', 'RULFACT-7387c51c:142dbad3349:-73aa', 'objid', 'Barangay', 'string', '1', 'lookup', 'barangay:lookup', 'objid', 'name', NULL, NULL, NULL, 'string', NULL);
INSERT INTO sys_rule_fact_field ([objid], [parentid], [name], [title], [datatype], [sortorder], [handler], [lookuphandler], [lookupkey], [lookupvalue], [lookupdatatype], [multivalued], [required], [vardatatype], [lovname]) VALUES ('FACTFLD-76732870:14196dc4027:-7f25', 'RULFACT-76732870:14196dc4027:-7f87', 'classification', 'Classification', 'string', '1', 'lookup', 'lobclassification:lookup', 'objid', 'name', NULL, NULL, NULL, NULL, NULL);
INSERT INTO sys_rule_fact_field ([objid], [parentid], [name], [title], [datatype], [sortorder], [handler], [lookuphandler], [lookupkey], [lookupvalue], [lookupdatatype], [multivalued], [required], [vardatatype], [lovname]) VALUES ('FACTFLD-76732870:14196dc4027:-7f80', 'RULFACT-76732870:14196dc4027:-7f87', 'lobid', 'Name', 'string', '2', 'lookup', 'lob:lookup', 'objid', 'name', NULL, NULL, NULL, NULL, NULL);
INSERT INTO sys_rule_fact_field ([objid], [parentid], [name], [title], [datatype], [sortorder], [handler], [lookuphandler], [lookupkey], [lookupvalue], [lookupdatatype], [multivalued], [required], [vardatatype], [lovname]) VALUES ('FACTFLD-76732870:14196dc4027:-7fbd', 'RULFACT-26aa09fd:1419696e71f:-7feb', 'barangayid', 'Barangay', 'string', '2', 'lookup', 'barangay:lookup', 'objid', 'name', NULL, NULL, NULL, 'barangay', NULL);
INSERT INTO sys_rule_fact_field ([objid], [parentid], [name], [title], [datatype], [sortorder], [handler], [lookuphandler], [lookupkey], [lookupvalue], [lookupdatatype], [multivalued], [required], [vardatatype], [lovname]) VALUES ('FACTFLD-7c5c4c8f:141e84ee23e:-7f45', 'RULFACT-26aa09fd:1419696e71f:-7feb', 'orgtype', 'Org. Type', NULL, '3', 'lov', NULL, NULL, NULL, NULL, NULL, NULL, NULL, 'ORG_TYPES');
INSERT INTO sys_rule_fact_field ([objid], [parentid], [name], [title], [datatype], [sortorder], [handler], [lookuphandler], [lookupkey], [lookupvalue], [lookupdatatype], [multivalued], [required], [vardatatype], [lovname]) VALUES ('FACTFLD-7dcd2cc0:1419c36c939:-7f7f', 'RULFACT-76732870:14196dc4027:-7f87', 'attributes', 'Attributes', NULL, '3', 'lookup', 'lobattribute:lookup', 'name', 'name', NULL, '1', NULL, NULL, NULL);
INSERT INTO sys_rule_fact_field ([objid], [parentid], [name], [title], [datatype], [sortorder], [handler], [lookuphandler], [lookupkey], [lookupvalue], [lookupdatatype], [multivalued], [required], [vardatatype], [lovname]) VALUES ('FACTFLD-7ea493a4:14237a0191b:-7f9d', 'RULFACT-7ea493a4:14237a0191b:-7fb7', 'amtpaid', 'Amount Paid', 'decimal', '2', 'decimal', NULL, NULL, NULL, NULL, NULL, NULL, 'decimal', NULL);
INSERT INTO sys_rule_fact_field ([objid], [parentid], [name], [title], [datatype], [sortorder], [handler], [lookuphandler], [lookupkey], [lookupvalue], [lookupdatatype], [multivalued], [required], [vardatatype], [lovname]) VALUES ('FACTFLD-7ea493a4:14237a0191b:-7fa6', 'RULFACT-7ea493a4:14237a0191b:-7fb7', 'pmtdate', 'Payment Date', 'date', '1', 'date', NULL, NULL, NULL, NULL, NULL, NULL, 'date', NULL);
INSERT INTO sys_rule_fact_field ([objid], [parentid], [name], [title], [datatype], [sortorder], [handler], [lookuphandler], [lookupkey], [lookupvalue], [lookupdatatype], [multivalued], [required], [vardatatype], [lovname]) VALUES ('FACTFLD-fd57605:142324ab5d2:-78ff', 'RULFACT-1f3e2b64:14230dd8f62:-7eb6', 'surcharge', 'Surcharge', 'decimal', '5', 'decimal', NULL, NULL, NULL, NULL, NULL, NULL, 'decimal', NULL);
INSERT INTO sys_rule_fact_field ([objid], [parentid], [name], [title], [datatype], [sortorder], [handler], [lookuphandler], [lookupkey], [lookupvalue], [lookupdatatype], [multivalued], [required], [vardatatype], [lovname]) VALUES ('FACTFLD-fd57605:142324ab5d2:-7e3f', 'RULFACT-1f3e2b64:14230dd8f62:-7dd8', 'qtr', 'Qtr', 'integer', '4', 'integer', NULL, NULL, NULL, NULL, NULL, NULL, 'integer', NULL);
INSERT INTO sys_rule_fact_field ([objid], [parentid], [name], [title], [datatype], [sortorder], [handler], [lookuphandler], [lookupkey], [lookupvalue], [lookupdatatype], [multivalued], [required], [vardatatype], [lovname]) VALUES ('FACTFLD-fd57605:142324ab5d2:-7e7b', 'RULFACT-1f3e2b64:14230dd8f62:-7e29', 'qtr', 'Qtr', 'integer', '4', 'integer', NULL, NULL, NULL, NULL, NULL, NULL, 'integer', NULL);
INSERT INTO sys_rule_fact_field ([objid], [parentid], [name], [title], [datatype], [sortorder], [handler], [lookuphandler], [lookupkey], [lookupvalue], [lookupdatatype], [multivalued], [required], [vardatatype], [lovname]) VALUES ('FACTFLD-fd57605:142324ab5d2:-7eaf', 'RULFACT-1f3e2b64:14230dd8f62:-7eb6', 'qtr', 'Qtr', 'integer', '4', 'integer', NULL, NULL, NULL, NULL, NULL, NULL, 'integer', NULL);
INSERT INTO sys_rule_fact_field ([objid], [parentid], [name], [title], [datatype], [sortorder], [handler], [lookuphandler], [lookupkey], [lookupvalue], [lookupdatatype], [multivalued], [required], [vardatatype], [lovname]) VALUES ('FACTFLD-fd57605:142324ab5d2:-7f08', 'RULFACT-fd57605:142324ab5d2:-7f33', 'qtr', 'Qtr', 'integer', '3', 'integer', NULL, NULL, NULL, NULL, NULL, NULL, 'integer', NULL);
INSERT INTO sys_rule_fact_field ([objid], [parentid], [name], [title], [datatype], [sortorder], [handler], [lookuphandler], [lookupkey], [lookupvalue], [lookupdatatype], [multivalued], [required], [vardatatype], [lovname]) VALUES ('FACTFLD-fd57605:142324ab5d2:-7f19', 'RULFACT-fd57605:142324ab5d2:-7f33', 'year', 'Year', 'integer', '2', 'integer', NULL, NULL, NULL, NULL, NULL, NULL, 'integer', NULL);
INSERT INTO sys_rule_fact_field ([objid], [parentid], [name], [title], [datatype], [sortorder], [handler], [lookuphandler], [lookupkey], [lookupvalue], [lookupdatatype], [multivalued], [required], [vardatatype], [lovname]) VALUES ('FACTFLD-fd57605:142324ab5d2:-7f22', 'RULFACT-fd57605:142324ab5d2:-7f33', 'month', 'Month', 'integer', '1', 'integer', NULL, NULL, NULL, NULL, NULL, NULL, 'integer', NULL);
INSERT INTO sys_rule_fact_field ([objid], [parentid], [name], [title], [datatype], [sortorder], [handler], [lookuphandler], [lookupkey], [lookupvalue], [lookupdatatype], [multivalued], [required], [vardatatype], [lovname]) VALUES ('FACTFLD17d6e7ce:141df4b60c2:-7c0c', 'RULFACT17d6e7ce:141df4b60c2:-7c21', 'assessedvalue', 'Assessed Value', 'decimal', '2', 'decimal', NULL, NULL, NULL, NULL, NULL, NULL, 'decimal', NULL);
INSERT INTO sys_rule_fact_field ([objid], [parentid], [name], [title], [datatype], [sortorder], [handler], [lookuphandler], [lookupkey], [lookupvalue], [lookupdatatype], [multivalued], [required], [vardatatype], [lovname]) VALUES ('FACTFLD17d6e7ce:141df4b60c2:-7c13', 'RULFACT17d6e7ce:141df4b60c2:-7c21', 'year', 'Year', 'integer', '1', 'integer', NULL, NULL, NULL, NULL, NULL, NULL, 'integer', NULL);
INSERT INTO sys_rule_fact_field ([objid], [parentid], [name], [title], [datatype], [sortorder], [handler], [lookuphandler], [lookupkey], [lookupvalue], [lookupdatatype], [multivalued], [required], [vardatatype], [lovname]) VALUES ('FACTFLD184d0b9f:142789765e5:-7da5', 'RULFACT-1f3e2b64:14230dd8f62:-7dd8', 'deadline', 'Deadline Date', 'date', '5', 'date', NULL, NULL, NULL, NULL, NULL, NULL, 'date', NULL);
INSERT INTO sys_rule_fact_field ([objid], [parentid], [name], [title], [datatype], [sortorder], [handler], [lookuphandler], [lookupkey], [lookupvalue], [lookupdatatype], [multivalued], [required], [vardatatype], [lovname]) VALUES ('FACTFLD184d0b9f:142789765e5:-7de2', 'RULFACT-1f3e2b64:14230dd8f62:-7e29', 'deadline', 'Deadline Date', 'date', '5', 'date', NULL, NULL, NULL, NULL, NULL, NULL, 'date', NULL);
INSERT INTO sys_rule_fact_field ([objid], [parentid], [name], [title], [datatype], [sortorder], [handler], [lookuphandler], [lookupkey], [lookupvalue], [lookupdatatype], [multivalued], [required], [vardatatype], [lovname]) VALUES ('FACTFLD184d0b9f:142789765e5:-7e5f', 'RULFACT-1f3e2b64:14230dd8f62:-7eb6', 'deadline', 'Deadline Date', 'date', '6', 'date', NULL, NULL, NULL, NULL, NULL, NULL, 'date', NULL);
INSERT INTO sys_rule_fact_field ([objid], [parentid], [name], [title], [datatype], [sortorder], [handler], [lookuphandler], [lookupkey], [lookupvalue], [lookupdatatype], [multivalued], [required], [vardatatype], [lovname]) VALUES ('FACTFLD1be07afa:1452a9809e9:-332b', 'RULFACT357018a9:1452a5dcbf7:-793b', 'lgutype', 'LGU Type', 'string', '1', 'lov', NULL, NULL, NULL, NULL, NULL, '1', 'string', 'RPT_BILLING_LGU_TYPES');
INSERT INTO sys_rule_fact_field ([objid], [parentid], [name], [title], [datatype], [sortorder], [handler], [lookuphandler], [lookupkey], [lookupvalue], [lookupdatatype], [multivalued], [required], [vardatatype], [lovname]) VALUES ('FACTFLD1be07afa:1452a9809e9:-3ee8', 'RULFACT357018a9:1452a5dcbf7:-793b', 'sefint', 'SEF Interest', 'decimal', '10', 'decimal', NULL, NULL, NULL, NULL, NULL, '0', 'decimal', NULL);
INSERT INTO sys_rule_fact_field ([objid], [parentid], [name], [title], [datatype], [sortorder], [handler], [lookuphandler], [lookupkey], [lookupvalue], [lookupdatatype], [multivalued], [required], [vardatatype], [lovname]) VALUES ('FACTFLD1be07afa:1452a9809e9:-3f01', 'RULFACT357018a9:1452a5dcbf7:-793b', 'sefdisc', 'SEF Discount', 'decimal', '9', 'decimal', NULL, NULL, NULL, NULL, NULL, '0', 'decimal', NULL);
INSERT INTO sys_rule_fact_field ([objid], [parentid], [name], [title], [datatype], [sortorder], [handler], [lookuphandler], [lookupkey], [lookupvalue], [lookupdatatype], [multivalued], [required], [vardatatype], [lovname]) VALUES ('FACTFLD1be07afa:1452a9809e9:-3f1a', 'RULFACT357018a9:1452a5dcbf7:-793b', 'sef', 'SEF', 'decimal', '8', 'decimal', NULL, NULL, NULL, NULL, NULL, '0', 'decimal', NULL);
INSERT INTO sys_rule_fact_field ([objid], [parentid], [name], [title], [datatype], [sortorder], [handler], [lookuphandler], [lookupkey], [lookupvalue], [lookupdatatype], [multivalued], [required], [vardatatype], [lovname]) VALUES ('FACTFLD1be07afa:1452a9809e9:-3f33', 'RULFACT357018a9:1452a5dcbf7:-793b', 'basicint', 'Basic Interest', 'decimal', '7', 'decimal', NULL, NULL, NULL, NULL, NULL, '0', 'decimal', NULL);
INSERT INTO sys_rule_fact_field ([objid], [parentid], [name], [title], [datatype], [sortorder], [handler], [lookuphandler], [lookupkey], [lookupvalue], [lookupdatatype], [multivalued], [required], [vardatatype], [lovname]) VALUES ('FACTFLD1be07afa:1452a9809e9:-3f4c', 'RULFACT357018a9:1452a5dcbf7:-793b', 'basicdisc', 'Basic Discount', 'decimal', '6', 'decimal', NULL, NULL, NULL, NULL, NULL, '0', 'decimal', NULL);
INSERT INTO sys_rule_fact_field ([objid], [parentid], [name], [title], [datatype], [sortorder], [handler], [lookuphandler], [lookupkey], [lookupvalue], [lookupdatatype], [multivalued], [required], [vardatatype], [lovname]) VALUES ('FACTFLD1be07afa:1452a9809e9:-3f65', 'RULFACT357018a9:1452a5dcbf7:-793b', 'basic', 'Basic', 'decimal', '5', 'decimal', NULL, NULL, NULL, NULL, NULL, '0', 'decimal', NULL);
INSERT INTO sys_rule_fact_field ([objid], [parentid], [name], [title], [datatype], [sortorder], [handler], [lookuphandler], [lookupkey], [lookupvalue], [lookupdatatype], [multivalued], [required], [vardatatype], [lovname]) VALUES ('FACTFLD1be07afa:1452a9809e9:-45b2', 'RULFACT357018a9:1452a5dcbf7:-793b', 'revperiod', 'Revenue Period', 'string', '3', 'lov', NULL, NULL, NULL, NULL, NULL, '1', 'string', 'RPT_REVENUE_PERIODS');
INSERT INTO sys_rule_fact_field ([objid], [parentid], [name], [title], [datatype], [sortorder], [handler], [lookuphandler], [lookupkey], [lookupvalue], [lookupdatatype], [multivalued], [required], [vardatatype], [lovname]) VALUES ('FACTFLD1be07afa:1452a9809e9:-608c', 'RULFACT357018a9:1452a5dcbf7:-793b', 'barangay', 'Barangay', 'string', '4', 'lookup', 'barangay:lookup', 'objid', 'name', NULL, NULL, NULL, 'string', NULL);
INSERT INTO sys_rule_fact_field ([objid], [parentid], [name], [title], [datatype], [sortorder], [handler], [lookuphandler], [lookupkey], [lookupvalue], [lookupdatatype], [multivalued], [required], [vardatatype], [lovname]) VALUES ('FACTFLD1be07afa:1452a9809e9:-72c3', 'RULFACT1be07afa:1452a9809e9:-731e', 'sefint', 'SEF Interest', 'decimal', '8', 'decimal', NULL, NULL, NULL, NULL, NULL, '0', 'decimal', NULL);
INSERT INTO sys_rule_fact_field ([objid], [parentid], [name], [title], [datatype], [sortorder], [handler], [lookuphandler], [lookupkey], [lookupvalue], [lookupdatatype], [multivalued], [required], [vardatatype], [lovname]) VALUES ('FACTFLD1be07afa:1452a9809e9:-72cc', 'RULFACT1be07afa:1452a9809e9:-731e', 'sefdisc', 'SEF Discount', 'decimal', '7', 'decimal', NULL, NULL, NULL, NULL, NULL, '0', 'decimal', NULL);
INSERT INTO sys_rule_fact_field ([objid], [parentid], [name], [title], [datatype], [sortorder], [handler], [lookuphandler], [lookupkey], [lookupvalue], [lookupdatatype], [multivalued], [required], [vardatatype], [lovname]) VALUES ('FACTFLD1be07afa:1452a9809e9:-72d5', 'RULFACT1be07afa:1452a9809e9:-731e', 'sef', 'SEF', 'decimal', '6', 'decimal', NULL, NULL, NULL, NULL, NULL, '0', 'decimal', NULL);
INSERT INTO sys_rule_fact_field ([objid], [parentid], [name], [title], [datatype], [sortorder], [handler], [lookuphandler], [lookupkey], [lookupvalue], [lookupdatatype], [multivalued], [required], [vardatatype], [lovname]) VALUES ('FACTFLD1be07afa:1452a9809e9:-72e6', 'RULFACT1be07afa:1452a9809e9:-731e', 'basicint', 'Basic Interest', 'decimal', '5', 'decimal', NULL, NULL, NULL, NULL, NULL, '0', 'decimal', NULL);
INSERT INTO sys_rule_fact_field ([objid], [parentid], [name], [title], [datatype], [sortorder], [handler], [lookuphandler], [lookupkey], [lookupvalue], [lookupdatatype], [multivalued], [required], [vardatatype], [lovname]) VALUES ('FACTFLD1be07afa:1452a9809e9:-72ef', 'RULFACT1be07afa:1452a9809e9:-731e', 'basicdisc', 'Basic Discount', 'decimal', '4', 'decimal', NULL, NULL, NULL, NULL, NULL, '0', 'decimal', NULL);
INSERT INTO sys_rule_fact_field ([objid], [parentid], [name], [title], [datatype], [sortorder], [handler], [lookuphandler], [lookupkey], [lookupvalue], [lookupdatatype], [multivalued], [required], [vardatatype], [lovname]) VALUES ('FACTFLD1be07afa:1452a9809e9:-72f8', 'RULFACT1be07afa:1452a9809e9:-731e', 'basic', 'Basic', 'decimal', '3', 'decimal', NULL, NULL, NULL, NULL, NULL, '0', 'decimal', NULL);
INSERT INTO sys_rule_fact_field ([objid], [parentid], [name], [title], [datatype], [sortorder], [handler], [lookuphandler], [lookupkey], [lookupvalue], [lookupdatatype], [multivalued], [required], [vardatatype], [lovname]) VALUES ('FACTFLD1be07afa:1452a9809e9:-730a', 'RULFACT1be07afa:1452a9809e9:-731e', 'rptledger', 'RPT Ledger', 'string', '2', 'var', NULL, NULL, NULL, NULL, NULL, NULL, 'RPTLedgerFact', NULL);
INSERT INTO sys_rule_fact_field ([objid], [parentid], [name], [title], [datatype], [sortorder], [handler], [lookuphandler], [lookupkey], [lookupvalue], [lookupdatatype], [multivalued], [required], [vardatatype], [lovname]) VALUES ('FACTFLD20ce1acc:141e456ed68:-7f35', 'RULFACT20ce1acc:141e456ed68:-7f43', 'month', 'Month', 'integer', '2', 'integer', NULL, NULL, NULL, NULL, NULL, NULL, 'integer', NULL);
INSERT INTO sys_rule_fact_field ([objid], [parentid], [name], [title], [datatype], [sortorder], [handler], [lookuphandler], [lookupkey], [lookupvalue], [lookupdatatype], [multivalued], [required], [vardatatype], [lovname]) VALUES ('FACTFLD20ce1acc:141e456ed68:-7f3c', 'RULFACT20ce1acc:141e456ed68:-7f43', 'qtr', 'Qtr', 'integer', '1', 'integer', NULL, NULL, NULL, NULL, NULL, NULL, 'integer', NULL);
INSERT INTO sys_rule_fact_field ([objid], [parentid], [name], [title], [datatype], [sortorder], [handler], [lookuphandler], [lookupkey], [lookupvalue], [lookupdatatype], [multivalued], [required], [vardatatype], [lovname]) VALUES ('FACTFLD2701c487:141e346f838:-7f2e', 'RULFACT17d6e7ce:141df4b60c2:-7c21', 'rptledgerid', 'LedgerID', 'string', '3', 'string', NULL, NULL, NULL, NULL, NULL, NULL, 'string', NULL);
INSERT INTO sys_rule_fact_field ([objid], [parentid], [name], [title], [datatype], [sortorder], [handler], [lookuphandler], [lookupkey], [lookupvalue], [lookupdatatype], [multivalued], [required], [vardatatype], [lovname]) VALUES ('FACTFLD2713811e:141f3ed1502:-7ed5', 'RULFACT-bad19b4:141f3c18435:-7fa9', 'stringvalue', 'Value', 'string', '5', 'string', NULL, NULL, NULL, NULL, NULL, NULL, 'string', NULL);
INSERT INTO sys_rule_fact_field ([objid], [parentid], [name], [title], [datatype], [sortorder], [handler], [lookuphandler], [lookupkey], [lookupvalue], [lookupdatatype], [multivalued], [required], [vardatatype], [lovname]) VALUES ('FACTFLD2713811e:141f3ed1502:-7ede', 'RULFACT-bad19b4:141f3c18435:-7fa9', 'booleanvalue', 'Value', 'boolean', '4', 'boolean', NULL, NULL, NULL, NULL, NULL, NULL, 'boolean', NULL);
INSERT INTO sys_rule_fact_field ([objid], [parentid], [name], [title], [datatype], [sortorder], [handler], [lookuphandler], [lookupkey], [lookupvalue], [lookupdatatype], [multivalued], [required], [vardatatype], [lovname]) VALUES ('FACTFLD2713811e:141f3ed1502:-7ee7', 'RULFACT-bad19b4:141f3c18435:-7fa9', 'intvalue', 'Value', 'integer', '3', 'integer', NULL, NULL, NULL, NULL, NULL, NULL, 'integer', NULL);
INSERT INTO sys_rule_fact_field ([objid], [parentid], [name], [title], [datatype], [sortorder], [handler], [lookuphandler], [lookupkey], [lookupvalue], [lookupdatatype], [multivalued], [required], [vardatatype], [lovname]) VALUES ('FACTFLD2713811e:141f3ed1502:-7ef0', 'RULFACT-bad19b4:141f3c18435:-7fa9', 'decimalvalue', 'Value', 'decimal', '2', 'decimal', NULL, NULL, NULL, NULL, NULL, NULL, 'decimal', NULL);
INSERT INTO sys_rule_fact_field ([objid], [parentid], [name], [title], [datatype], [sortorder], [handler], [lookuphandler], [lookupkey], [lookupvalue], [lookupdatatype], [multivalued], [required], [vardatatype], [lovname]) VALUES ('FACTFLD2e8bac67:1422b41d3b3:-7f30', 'RULFACT2e8bac67:1422b41d3b3:-7f64', 'month', 'Month', 'integer', '3', 'integer', NULL, NULL, NULL, NULL, NULL, NULL, 'integer', NULL);
INSERT INTO sys_rule_fact_field ([objid], [parentid], [name], [title], [datatype], [sortorder], [handler], [lookuphandler], [lookupkey], [lookupvalue], [lookupdatatype], [multivalued], [required], [vardatatype], [lovname]) VALUES ('FACTFLD2e8bac67:1422b41d3b3:-7f4a', 'RULFACT2e8bac67:1422b41d3b3:-7f64', 'year', 'Year', 'integer', '2', 'integer', NULL, NULL, NULL, NULL, NULL, NULL, 'integer', NULL);
INSERT INTO sys_rule_fact_field ([objid], [parentid], [name], [title], [datatype], [sortorder], [handler], [lookuphandler], [lookupkey], [lookupvalue], [lookupdatatype], [multivalued], [required], [vardatatype], [lovname]) VALUES ('FACTFLD2e8bac67:1422b41d3b3:-7f53', 'RULFACT2e8bac67:1422b41d3b3:-7f64', 'qtr', 'Qtr', 'integer', '1', 'integer', NULL, NULL, NULL, NULL, NULL, NULL, 'integer', NULL);
INSERT INTO sys_rule_fact_field ([objid], [parentid], [name], [title], [datatype], [sortorder], [handler], [lookuphandler], [lookupkey], [lookupvalue], [lookupdatatype], [multivalued], [required], [vardatatype], [lovname]) VALUES ('FACTFLD309df60a:1452ffc9c7f:-739f', 'RULFACT1be07afa:1452a9809e9:-731e', 'firecode', 'Fire Code', 'decimal', '9', 'decimal', NULL, NULL, NULL, NULL, NULL, NULL, 'decimal', NULL);
INSERT INTO sys_rule_fact_field ([objid], [parentid], [name], [title], [datatype], [sortorder], [handler], [lookuphandler], [lookupkey], [lookupvalue], [lookupdatatype], [multivalued], [required], [vardatatype], [lovname]) VALUES ('FACTFLD33cb572b:142da8961f6:-7d66', 'RULFACT33cb572b:142da8961f6:-7da3', 'newbusiness', 'Is New Business?', 'boolean', '4', 'boolean', NULL, NULL, NULL, NULL, NULL, '0', 'boolean', NULL);
INSERT INTO sys_rule_fact_field ([objid], [parentid], [name], [title], [datatype], [sortorder], [handler], [lookuphandler], [lookupkey], [lookupvalue], [lookupdatatype], [multivalued], [required], [vardatatype], [lovname]) VALUES ('FACTFLD33cb572b:142da8961f6:-7d6f', 'RULFACT33cb572b:142da8961f6:-7da3', 'businessgross', 'Business Gross', 'decimal', '3', 'decimal', NULL, NULL, NULL, NULL, NULL, '0', 'decimal', NULL);
INSERT INTO sys_rule_fact_field ([objid], [parentid], [name], [title], [datatype], [sortorder], [handler], [lookuphandler], [lookupkey], [lookupvalue], [lookupdatatype], [multivalued], [required], [vardatatype], [lovname]) VALUES ('FACTFLD33cb572b:142da8961f6:-7d78', 'RULFACT33cb572b:142da8961f6:-7da3', 'realpropertyav', 'Real Property AV', 'decimal', '2', 'decimal', NULL, NULL, NULL, NULL, NULL, '0', 'decimal', NULL);
INSERT INTO sys_rule_fact_field ([objid], [parentid], [name], [title], [datatype], [sortorder], [handler], [lookuphandler], [lookupkey], [lookupvalue], [lookupdatatype], [multivalued], [required], [vardatatype], [lovname]) VALUES ('FACTFLD33cb572b:142da8961f6:-7d89', 'RULFACT33cb572b:142da8961f6:-7da3', 'orgtype', 'Organization Type', 'string', '1', 'lov', NULL, NULL, NULL, NULL, NULL, '0', 'string', 'BUSINESS_ORG_TYPE');
INSERT INTO sys_rule_fact_field ([objid], [parentid], [name], [title], [datatype], [sortorder], [handler], [lookuphandler], [lookupkey], [lookupvalue], [lookupdatatype], [multivalued], [required], [vardatatype], [lovname]) VALUES ('FACTFLD33cb572b:142da8961f6:-7eba', 'RULFACT33cb572b:142da8961f6:-7f96', 'propertyincome', 'Property Income', 'decimal', '9', 'decimal', NULL, NULL, NULL, NULL, NULL, '0', 'decimal', NULL);
INSERT INTO sys_rule_fact_field ([objid], [parentid], [name], [title], [datatype], [sortorder], [handler], [lookuphandler], [lookupkey], [lookupvalue], [lookupdatatype], [multivalued], [required], [vardatatype], [lovname]) VALUES ('FACTFLD33cb572b:142da8961f6:-7ec7', 'RULFACT33cb572b:142da8961f6:-7f96', 'businessgross', 'Business Gross', 'decimal', '8', 'decimal', NULL, NULL, NULL, NULL, NULL, '0', 'decimal', NULL);
INSERT INTO sys_rule_fact_field ([objid], [parentid], [name], [title], [datatype], [sortorder], [handler], [lookuphandler], [lookupkey], [lookupvalue], [lookupdatatype], [multivalued], [required], [vardatatype], [lovname]) VALUES ('FACTFLD33cb572b:142da8961f6:-7ed4', 'RULFACT33cb572b:142da8961f6:-7f96', 'annualsalary', 'Annual Salary', 'decimal', '7', 'decimal', NULL, NULL, NULL, NULL, NULL, '0', 'decimal', NULL);
INSERT INTO sys_rule_fact_field ([objid], [parentid], [name], [title], [datatype], [sortorder], [handler], [lookuphandler], [lookupkey], [lookupvalue], [lookupdatatype], [multivalued], [required], [vardatatype], [lovname]) VALUES ('FACTFLD33cb572b:142da8961f6:-7eed', 'RULFACT33cb572b:142da8961f6:-7f96', 'newbusiness', 'Is New Business?', 'boolean', '6', 'boolean', NULL, NULL, NULL, NULL, NULL, '0', 'boolean', NULL);
INSERT INTO sys_rule_fact_field ([objid], [parentid], [name], [title], [datatype], [sortorder], [handler], [lookuphandler], [lookupkey], [lookupvalue], [lookupdatatype], [multivalued], [required], [vardatatype], [lovname]) VALUES ('FACTFLD33cb572b:142da8961f6:-7efa', 'RULFACT33cb572b:142da8961f6:-7f96', 'seniorcitizen', 'Is Senior Citizen?', 'boolean', '5', 'boolean', NULL, NULL, NULL, NULL, NULL, '0', 'boolean', NULL);
INSERT INTO sys_rule_fact_field ([objid], [parentid], [name], [title], [datatype], [sortorder], [handler], [lookuphandler], [lookupkey], [lookupvalue], [lookupdatatype], [multivalued], [required], [vardatatype], [lovname]) VALUES ('FACTFLD33cb572b:142da8961f6:-7f1f', 'RULFACT33cb572b:142da8961f6:-7f96', 'civilstatus', 'Civil Status', 'string', '4', 'lov', NULL, NULL, NULL, NULL, NULL, '0', 'string', 'CIVIL_STATUS');
INSERT INTO sys_rule_fact_field ([objid], [parentid], [name], [title], [datatype], [sortorder], [handler], [lookuphandler], [lookupkey], [lookupvalue], [lookupdatatype], [multivalued], [required], [vardatatype], [lovname]) VALUES ('FACTFLD33cb572b:142da8961f6:-7f4d', 'RULFACT33cb572b:142da8961f6:-7f96', 'gender', 'Gender', 'string', '3', 'lov', NULL, NULL, NULL, NULL, NULL, '0', 'string', 'GENDER');
INSERT INTO sys_rule_fact_field ([objid], [parentid], [name], [title], [datatype], [sortorder], [handler], [lookuphandler], [lookupkey], [lookupvalue], [lookupdatatype], [multivalued], [required], [vardatatype], [lovname]) VALUES ('FACTFLD33cb572b:142da8961f6:-7f5a', 'RULFACT33cb572b:142da8961f6:-7f96', 'citizenship', 'Citizenship', 'string', '2', 'lov', NULL, NULL, NULL, NULL, NULL, '0', 'string', 'CITIZENSHIP');
INSERT INTO sys_rule_fact_field ([objid], [parentid], [name], [title], [datatype], [sortorder], [handler], [lookuphandler], [lookupkey], [lookupvalue], [lookupdatatype], [multivalued], [required], [vardatatype], [lovname]) VALUES ('FACTFLD33cb572b:142da8961f6:-7f67', 'RULFACT33cb572b:142da8961f6:-7f96', 'profession', 'Profession', 'string', '1', 'string', NULL, NULL, NULL, NULL, NULL, NULL, 'string', NULL);
INSERT INTO sys_rule_fact_field ([objid], [parentid], [name], [title], [datatype], [sortorder], [handler], [lookuphandler], [lookupkey], [lookupvalue], [lookupdatatype], [multivalued], [required], [vardatatype], [lovname]) VALUES ('FACTFLD357018a9:1452a5dcbf7:-7765', 'RULFACT357018a9:1452a5dcbf7:-793b', 'sharetype', 'Share Type', 'string', '2', 'lov', NULL, NULL, NULL, NULL, NULL, '0', 'string', 'RPT_BILLING_SHARE_TYPES');
INSERT INTO sys_rule_fact_field ([objid], [parentid], [name], [title], [datatype], [sortorder], [handler], [lookuphandler], [lookupkey], [lookupvalue], [lookupdatatype], [multivalued], [required], [vardatatype], [lovname]) VALUES ('FACTFLD3a2b180:142b73535d5:-7f95', 'RULFACT3a2b180:142b73535d5:-7fb1', 'year', 'Year', 'integer', '1', 'integer', NULL, NULL, NULL, NULL, NULL, NULL, 'integer', NULL);
INSERT INTO sys_rule_fact_field ([objid], [parentid], [name], [title], [datatype], [sortorder], [handler], [lookuphandler], [lookupkey], [lookupvalue], [lookupdatatype], [multivalued], [required], [vardatatype], [lovname]) VALUES ('FACTFLD40e16e9c:142df3e5af6:-54d8', 'RULFACT40e16e9c:142df3e5af6:-551d', 'day', 'Day', 'integer', '4', 'integer', NULL, NULL, NULL, NULL, NULL, NULL, 'integer', NULL);
INSERT INTO sys_rule_fact_field ([objid], [parentid], [name], [title], [datatype], [sortorder], [handler], [lookuphandler], [lookupkey], [lookupvalue], [lookupdatatype], [multivalued], [required], [vardatatype], [lovname]) VALUES ('FACTFLD40e16e9c:142df3e5af6:-54e7', 'RULFACT40e16e9c:142df3e5af6:-551d', 'month', 'Month', 'integer', '3', 'integer', NULL, NULL, NULL, NULL, NULL, NULL, 'integer', NULL);
INSERT INTO sys_rule_fact_field ([objid], [parentid], [name], [title], [datatype], [sortorder], [handler], [lookuphandler], [lookupkey], [lookupvalue], [lookupdatatype], [multivalued], [required], [vardatatype], [lovname]) VALUES ('FACTFLD40e16e9c:142df3e5af6:-54f6', 'RULFACT40e16e9c:142df3e5af6:-551d', 'qtr', 'Quarter', 'integer', '2', 'integer', NULL, NULL, NULL, NULL, NULL, NULL, 'integer', NULL);
INSERT INTO sys_rule_fact_field ([objid], [parentid], [name], [title], [datatype], [sortorder], [handler], [lookuphandler], [lookupkey], [lookupvalue], [lookupdatatype], [multivalued], [required], [vardatatype], [lovname]) VALUES ('FACTFLD40e16e9c:142df3e5af6:-5505', 'RULFACT40e16e9c:142df3e5af6:-551d', 'year', 'Year', 'integer', '1', 'integer', NULL, NULL, NULL, NULL, NULL, NULL, 'integer', NULL);
INSERT INTO sys_rule_fact_field ([objid], [parentid], [name], [title], [datatype], [sortorder], [handler], [lookuphandler], [lookupkey], [lookupvalue], [lookupdatatype], [multivalued], [required], [vardatatype], [lovname]) VALUES ('FACTFLD441bb08f:1436c079bff:-7fc1', 'RULFACT17d6e7ce:141df4b60c2:-7c21', 'qtrlyav', 'Quarterly Assessed Value', 'decimal', '4', 'decimal', NULL, NULL, NULL, NULL, NULL, NULL, 'decimal', NULL);
INSERT INTO sys_rule_fact_field ([objid], [parentid], [name], [title], [datatype], [sortorder], [handler], [lookuphandler], [lookupkey], [lookupvalue], [lookupdatatype], [multivalued], [required], [vardatatype], [lovname]) VALUES ('FACTFLD49ae4bad:141e3b6758c:-7b87', 'RULFACT49ae4bad:141e3b6758c:-7ba3', 'day', 'Day', 'integer', '4', 'integer', NULL, NULL, NULL, NULL, NULL, NULL, 'integer', NULL);
INSERT INTO sys_rule_fact_field ([objid], [parentid], [name], [title], [datatype], [sortorder], [handler], [lookuphandler], [lookupkey], [lookupvalue], [lookupdatatype], [multivalued], [required], [vardatatype], [lovname]) VALUES ('FACTFLD49ae4bad:141e3b6758c:-7b8e', 'RULFACT49ae4bad:141e3b6758c:-7ba3', 'month', 'Month', 'integer', '3', 'integer', NULL, NULL, NULL, NULL, NULL, NULL, 'integer', NULL);
INSERT INTO sys_rule_fact_field ([objid], [parentid], [name], [title], [datatype], [sortorder], [handler], [lookuphandler], [lookupkey], [lookupvalue], [lookupdatatype], [multivalued], [required], [vardatatype], [lovname]) VALUES ('FACTFLD49ae4bad:141e3b6758c:-7b95', 'RULFACT49ae4bad:141e3b6758c:-7ba3', 'qtr', 'Quarter', 'integer', '2', 'integer', NULL, NULL, NULL, NULL, NULL, NULL, 'integer', NULL);
INSERT INTO sys_rule_fact_field ([objid], [parentid], [name], [title], [datatype], [sortorder], [handler], [lookuphandler], [lookupkey], [lookupvalue], [lookupdatatype], [multivalued], [required], [vardatatype], [lovname]) VALUES ('FACTFLD49ae4bad:141e3b6758c:-7b9c', 'RULFACT49ae4bad:141e3b6758c:-7ba3', 'year', 'Year', 'integer', '1', 'integer', NULL, NULL, NULL, NULL, NULL, NULL, 'integer', NULL);
INSERT INTO sys_rule_fact_field ([objid], [parentid], [name], [title], [datatype], [sortorder], [handler], [lookuphandler], [lookupkey], [lookupvalue], [lookupdatatype], [multivalued], [required], [vardatatype], [lovname]) VALUES ('FACTFLD49f1ff47:142dfb342ca:-6cc1', 'RULFACT33cb572b:142da8961f6:-7da3', 'totaltax', 'Total Tax', 'decimal', '11', 'decimal', NULL, NULL, NULL, NULL, NULL, NULL, 'decimal', NULL);
INSERT INTO sys_rule_fact_field ([objid], [parentid], [name], [title], [datatype], [sortorder], [handler], [lookuphandler], [lookupkey], [lookupvalue], [lookupdatatype], [multivalued], [required], [vardatatype], [lovname]) VALUES ('FACTFLD49f1ff47:142dfb342ca:-6f4e', 'RULFACT49f1ff47:142dfb342ca:-6f8c', 'day', 'Day', 'integer', '4', 'integer', NULL, NULL, NULL, NULL, NULL, NULL, 'integer', NULL);
INSERT INTO sys_rule_fact_field ([objid], [parentid], [name], [title], [datatype], [sortorder], [handler], [lookuphandler], [lookupkey], [lookupvalue], [lookupdatatype], [multivalued], [required], [vardatatype], [lovname]) VALUES ('FACTFLD49f1ff47:142dfb342ca:-6f5b', 'RULFACT49f1ff47:142dfb342ca:-6f8c', 'month', 'Month', 'integer', '3', 'integer', NULL, NULL, NULL, NULL, NULL, NULL, 'integer', NULL);
INSERT INTO sys_rule_fact_field ([objid], [parentid], [name], [title], [datatype], [sortorder], [handler], [lookuphandler], [lookupkey], [lookupvalue], [lookupdatatype], [multivalued], [required], [vardatatype], [lovname]) VALUES ('FACTFLD49f1ff47:142dfb342ca:-6f68', 'RULFACT49f1ff47:142dfb342ca:-6f8c', 'qtr', 'Qtr', 'integer', '2', 'integer', NULL, NULL, NULL, NULL, NULL, NULL, 'integer', NULL);
INSERT INTO sys_rule_fact_field ([objid], [parentid], [name], [title], [datatype], [sortorder], [handler], [lookuphandler], [lookupkey], [lookupvalue], [lookupdatatype], [multivalued], [required], [vardatatype], [lovname]) VALUES ('FACTFLD49f1ff47:142dfb342ca:-6f75', 'RULFACT49f1ff47:142dfb342ca:-6f8c', 'year', 'Year', 'integer', '1', 'integer', NULL, NULL, NULL, NULL, NULL, NULL, 'integer', NULL);
INSERT INTO sys_rule_fact_field ([objid], [parentid], [name], [title], [datatype], [sortorder], [handler], [lookuphandler], [lookupkey], [lookupvalue], [lookupdatatype], [multivalued], [required], [vardatatype], [lovname]) VALUES ('FACTFLD4a03cdfb:141f9a6dc3c:-7816', 'RULFACT4a03cdfb:141f9a6dc3c:-784a', 'stringvalue', 'Value', 'string', '5', 'string', NULL, NULL, NULL, NULL, NULL, '0', 'string', NULL);
INSERT INTO sys_rule_fact_field ([objid], [parentid], [name], [title], [datatype], [sortorder], [handler], [lookuphandler], [lookupkey], [lookupvalue], [lookupdatatype], [multivalued], [required], [vardatatype], [lovname]) VALUES ('FACTFLD4a03cdfb:141f9a6dc3c:-781f', 'RULFACT4a03cdfb:141f9a6dc3c:-784a', 'intvalue', 'Value', 'integer', '4', 'integer', NULL, NULL, NULL, NULL, NULL, '0', 'integer', NULL);
INSERT INTO sys_rule_fact_field ([objid], [parentid], [name], [title], [datatype], [sortorder], [handler], [lookuphandler], [lookupkey], [lookupvalue], [lookupdatatype], [multivalued], [required], [vardatatype], [lovname]) VALUES ('FACTFLD4a03cdfb:141f9a6dc3c:-7828', 'RULFACT4a03cdfb:141f9a6dc3c:-784a', 'decimalvalue', 'Value', 'decimal', '3', 'decimal', NULL, NULL, NULL, NULL, NULL, '0', 'decimal', NULL);
INSERT INTO sys_rule_fact_field ([objid], [parentid], [name], [title], [datatype], [sortorder], [handler], [lookuphandler], [lookupkey], [lookupvalue], [lookupdatatype], [multivalued], [required], [vardatatype], [lovname]) VALUES ('FACTFLD4a03cdfb:141f9a6dc3c:-7831', 'RULFACT4a03cdfb:141f9a6dc3c:-784a', 'booleanvalue', 'Value', 'boolean', '2', 'boolean', NULL, NULL, NULL, NULL, NULL, '0', 'boolean', NULL);
INSERT INTO sys_rule_fact_field ([objid], [parentid], [name], [title], [datatype], [sortorder], [handler], [lookuphandler], [lookupkey], [lookupvalue], [lookupdatatype], [multivalued], [required], [vardatatype], [lovname]) VALUES ('FACTFLD4a03cdfb:141f9a6dc3c:-783a', 'RULFACT4a03cdfb:141f9a6dc3c:-784a', 'lob', 'Line of Business', 'string', '1', 'var', NULL, NULL, NULL, NULL, NULL, '0', 'bpls.facts.LOB', NULL);
INSERT INTO sys_rule_fact_field ([objid], [parentid], [name], [title], [datatype], [sortorder], [handler], [lookuphandler], [lookupkey], [lookupvalue], [lookupdatatype], [multivalued], [required], [vardatatype], [lovname]) VALUES ('FACTFLD4a03cdfb:141f9a6dc3c:-7b91', 'RULFACT72bb01b1:141b1fdca80:-7f86', 'lowest', 'Is Lowest Amount', 'boolean', '5', 'boolean', NULL, NULL, NULL, NULL, NULL, NULL, 'boolean', NULL);
INSERT INTO sys_rule_fact_field ([objid], [parentid], [name], [title], [datatype], [sortorder], [handler], [lookuphandler], [lookupkey], [lookupvalue], [lookupdatatype], [multivalued], [required], [vardatatype], [lovname]) VALUES ('FACTFLD4a03cdfb:141f9a6dc3c:-7b9a', 'RULFACT72bb01b1:141b1fdca80:-7f86', 'highest', 'Is Highest Amount', 'boolean', '4', 'boolean', NULL, NULL, NULL, NULL, NULL, NULL, 'boolean', NULL);
INSERT INTO sys_rule_fact_field ([objid], [parentid], [name], [title], [datatype], [sortorder], [handler], [lookuphandler], [lookupkey], [lookupvalue], [lookupdatatype], [multivalued], [required], [vardatatype], [lovname]) VALUES ('FACTFLD4b5f47bd:142219e4784:-7f46', 'RULFACT-26aa09fd:1419696e71f:-7feb', 'txnmode', 'Txn Mode', 'string', '4', 'lov', NULL, NULL, NULL, NULL, NULL, NULL, 'string', 'BP_TXNMODES');
INSERT INTO sys_rule_fact_field ([objid], [parentid], [name], [title], [datatype], [sortorder], [handler], [lookuphandler], [lookupkey], [lookupvalue], [lookupdatatype], [multivalued], [required], [vardatatype], [lovname]) VALUES ('FACTFLD4ca00100:141fe894560:-7d51', 'RULFACT4ca00100:141fe894560:-7d8e', 'lowest', 'Is Lowest Amount', 'boolean', '5', 'boolean', NULL, NULL, NULL, NULL, NULL, NULL, 'boolean', NULL);
INSERT INTO sys_rule_fact_field ([objid], [parentid], [name], [title], [datatype], [sortorder], [handler], [lookuphandler], [lookupkey], [lookupvalue], [lookupdatatype], [multivalued], [required], [vardatatype], [lovname]) VALUES ('FACTFLD4ca00100:141fe894560:-7d5a', 'RULFACT4ca00100:141fe894560:-7d8e', 'highest', 'Is Highest Amount', 'boolean', '4', 'boolean', NULL, NULL, NULL, NULL, NULL, '0', 'boolean', NULL);
INSERT INTO sys_rule_fact_field ([objid], [parentid], [name], [title], [datatype], [sortorder], [handler], [lookuphandler], [lookupkey], [lookupvalue], [lookupdatatype], [multivalued], [required], [vardatatype], [lovname]) VALUES ('FACTFLD4ca00100:141fe894560:-7d63', 'RULFACT4ca00100:141fe894560:-7d8e', 'amount', 'Amount', 'decimal', '3', 'decimal', NULL, NULL, NULL, NULL, NULL, NULL, 'decimal', NULL);
INSERT INTO sys_rule_fact_field ([objid], [parentid], [name], [title], [datatype], [sortorder], [handler], [lookuphandler], [lookupkey], [lookupvalue], [lookupdatatype], [multivalued], [required], [vardatatype], [lovname]) VALUES ('FACTFLD4ca00100:141fe894560:-7d74', 'RULFACT4ca00100:141fe894560:-7d8e', 'acctid', 'Account', 'string', '2', 'lookup', 'revenueitem:lookup', 'objid', 'title', NULL, NULL, NULL, NULL, NULL);
INSERT INTO sys_rule_fact_field ([objid], [parentid], [name], [title], [datatype], [sortorder], [handler], [lookuphandler], [lookupkey], [lookupvalue], [lookupdatatype], [multivalued], [required], [vardatatype], [lovname]) VALUES ('FACTFLD4ca00100:141fe894560:-7d7d', 'RULFACT4ca00100:141fe894560:-7d8e', 'lob', 'Line of Business', 'string', '1', 'var', NULL, NULL, NULL, NULL, NULL, NULL, 'bpls.facts.LOB', NULL);
INSERT INTO sys_rule_fact_field ([objid], [parentid], [name], [title], [datatype], [sortorder], [handler], [lookuphandler], [lookupkey], [lookupvalue], [lookupdatatype], [multivalued], [required], [vardatatype], [lovname]) VALUES ('FACTFLD4ca00100:141fe894560:-7e02', 'RULFACT4ca00100:141fe894560:-7e3f', 'lowest', 'Is Lowest Amount', 'boolean', '5', 'boolean', NULL, NULL, NULL, NULL, NULL, NULL, 'boolean', NULL);
INSERT INTO sys_rule_fact_field ([objid], [parentid], [name], [title], [datatype], [sortorder], [handler], [lookuphandler], [lookupkey], [lookupvalue], [lookupdatatype], [multivalued], [required], [vardatatype], [lovname]) VALUES ('FACTFLD4ca00100:141fe894560:-7e0b', 'RULFACT4ca00100:141fe894560:-7e3f', 'highest', 'Is Highest Amount', 'boolean', '4', 'boolean', NULL, NULL, NULL, NULL, NULL, NULL, 'boolean', NULL);
INSERT INTO sys_rule_fact_field ([objid], [parentid], [name], [title], [datatype], [sortorder], [handler], [lookuphandler], [lookupkey], [lookupvalue], [lookupdatatype], [multivalued], [required], [vardatatype], [lovname]) VALUES ('FACTFLD4ca00100:141fe894560:-7e14', 'RULFACT4ca00100:141fe894560:-7e3f', 'amount', 'Amount', 'decimal', '3', 'decimal', NULL, NULL, NULL, NULL, NULL, NULL, 'decimal', NULL);
INSERT INTO sys_rule_fact_field ([objid], [parentid], [name], [title], [datatype], [sortorder], [handler], [lookuphandler], [lookupkey], [lookupvalue], [lookupdatatype], [multivalued], [required], [vardatatype], [lovname]) VALUES ('FACTFLD4ca00100:141fe894560:-7e25', 'RULFACT4ca00100:141fe894560:-7e3f', 'acctid', 'Account', 'string', '2', 'lookup', 'revenueitem:lookup', 'objid', 'title', NULL, NULL, NULL, 'string', NULL);
INSERT INTO sys_rule_fact_field ([objid], [parentid], [name], [title], [datatype], [sortorder], [handler], [lookuphandler], [lookupkey], [lookupvalue], [lookupdatatype], [multivalued], [required], [vardatatype], [lovname]) VALUES ('FACTFLD4ca00100:141fe894560:-7e2e', 'RULFACT4ca00100:141fe894560:-7e3f', 'lob', 'Line of Business', 'string', '1', 'var', NULL, NULL, NULL, NULL, NULL, NULL, 'bpls.facts.LOB', NULL);
INSERT INTO sys_rule_fact_field ([objid], [parentid], [name], [title], [datatype], [sortorder], [handler], [lookuphandler], [lookupkey], [lookupvalue], [lookupdatatype], [multivalued], [required], [vardatatype], [lovname]) VALUES ('FACTFLD547c5381:1451ae1cd9c:-75c6', 'RULFACT547c5381:1451ae1cd9c:-75e0', 'type', 'Type', 'string', '1', 'lov', NULL, NULL, NULL, NULL, NULL, NULL, 'string', 'RPT_BILLING_PAYMENT_OPTIONS');
INSERT INTO sys_rule_fact_field ([objid], [parentid], [name], [title], [datatype], [sortorder], [handler], [lookuphandler], [lookupkey], [lookupvalue], [lookupdatatype], [multivalued], [required], [vardatatype], [lovname]) VALUES ('FACTFLD547c5381:1451ae1cd9c:-7704', 'RULFACT547c5381:1451ae1cd9c:-798f', 'barangay', 'Barangay', 'string', '5', 'lookup', 'barangay:lookup', 'objid', 'name', NULL, NULL, NULL, 'string', NULL);
INSERT INTO sys_rule_fact_field ([objid], [parentid], [name], [title], [datatype], [sortorder], [handler], [lookuphandler], [lookupkey], [lookupvalue], [lookupdatatype], [multivalued], [required], [vardatatype], [lovname]) VALUES ('FACTFLD547c5381:1451ae1cd9c:-7774', 'RULFACT547c5381:1451ae1cd9c:-7933', 'sefdisc', 'SEF Discount', 'decimal', '20', 'decimal', NULL, NULL, NULL, NULL, NULL, NULL, 'decimal', NULL);
INSERT INTO sys_rule_fact_field ([objid], [parentid], [name], [title], [datatype], [sortorder], [handler], [lookuphandler], [lookupkey], [lookupvalue], [lookupdatatype], [multivalued], [required], [vardatatype], [lovname]) VALUES ('FACTFLD547c5381:1451ae1cd9c:-777d', 'RULFACT547c5381:1451ae1cd9c:-7933', 'sefint', 'SEF Interest', 'decimal', '19', 'decimal', NULL, NULL, NULL, NULL, NULL, NULL, 'decimal', NULL);
INSERT INTO sys_rule_fact_field ([objid], [parentid], [name], [title], [datatype], [sortorder], [handler], [lookuphandler], [lookupkey], [lookupvalue], [lookupdatatype], [multivalued], [required], [vardatatype], [lovname]) VALUES ('FACTFLD547c5381:1451ae1cd9c:-7786', 'RULFACT547c5381:1451ae1cd9c:-7933', 'sef', 'SEF', 'decimal', '18', 'decimal', NULL, NULL, NULL, NULL, NULL, NULL, 'decimal', NULL);
INSERT INTO sys_rule_fact_field ([objid], [parentid], [name], [title], [datatype], [sortorder], [handler], [lookuphandler], [lookupkey], [lookupvalue], [lookupdatatype], [multivalued], [required], [vardatatype], [lovname]) VALUES ('FACTFLD547c5381:1451ae1cd9c:-7798', 'RULFACT547c5381:1451ae1cd9c:-7933', 'basicdisc', 'Basic Discount', 'decimal', '16', 'decimal', NULL, NULL, NULL, NULL, NULL, NULL, 'decimal', NULL);
INSERT INTO sys_rule_fact_field ([objid], [parentid], [name], [title], [datatype], [sortorder], [handler], [lookuphandler], [lookupkey], [lookupvalue], [lookupdatatype], [multivalued], [required], [vardatatype], [lovname]) VALUES ('FACTFLD547c5381:1451ae1cd9c:-77a1', 'RULFACT547c5381:1451ae1cd9c:-7933', 'basicint', 'Basic Interest', 'decimal', '15', 'decimal', NULL, NULL, NULL, NULL, NULL, NULL, 'decimal', NULL);
INSERT INTO sys_rule_fact_field ([objid], [parentid], [name], [title], [datatype], [sortorder], [handler], [lookuphandler], [lookupkey], [lookupvalue], [lookupdatatype], [multivalued], [required], [vardatatype], [lovname]) VALUES ('FACTFLD547c5381:1451ae1cd9c:-77aa', 'RULFACT547c5381:1451ae1cd9c:-7933', 'basic', 'Basic', 'decimal', '14', 'decimal', NULL, NULL, NULL, NULL, NULL, NULL, 'decimal', NULL);
INSERT INTO sys_rule_fact_field ([objid], [parentid], [name], [title], [datatype], [sortorder], [handler], [lookuphandler], [lookupkey], [lookupvalue], [lookupdatatype], [multivalued], [required], [vardatatype], [lovname]) VALUES ('FACTFLD547c5381:1451ae1cd9c:-7867', 'RULFACT547c5381:1451ae1cd9c:-7933', 'reclassed', 'Is Reclassed?', 'boolean', '9', 'boolean', NULL, NULL, NULL, NULL, NULL, NULL, 'boolean', NULL);
INSERT INTO sys_rule_fact_field ([objid], [parentid], [name], [title], [datatype], [sortorder], [handler], [lookuphandler], [lookupkey], [lookupvalue], [lookupdatatype], [multivalued], [required], [vardatatype], [lovname]) VALUES ('FACTFLD547c5381:1451ae1cd9c:-7870', 'RULFACT547c5381:1451ae1cd9c:-7933', 'revperiod', 'Revenue Period', 'string', '13', 'lov', NULL, NULL, NULL, NULL, NULL, NULL, 'string', 'RPT_REVENUE_PERIODS');
INSERT INTO sys_rule_fact_field ([objid], [parentid], [name], [title], [datatype], [sortorder], [handler], [lookuphandler], [lookupkey], [lookupvalue], [lookupdatatype], [multivalued], [required], [vardatatype], [lovname]) VALUES ('FACTFLD547c5381:1451ae1cd9c:-789d', 'RULFACT547c5381:1451ae1cd9c:-7933', 'backtax', 'Is Back Tax?', 'boolean', '12', 'boolean', NULL, NULL, NULL, NULL, NULL, NULL, 'boolean', NULL);
INSERT INTO sys_rule_fact_field ([objid], [parentid], [name], [title], [datatype], [sortorder], [handler], [lookuphandler], [lookupkey], [lookupvalue], [lookupdatatype], [multivalued], [required], [vardatatype], [lovname]) VALUES ('FACTFLD547c5381:1451ae1cd9c:-78a6', 'RULFACT547c5381:1451ae1cd9c:-7933', 'numberofmonthsfromjan', 'Number of Months from January', 'integer', '11', 'integer', NULL, NULL, NULL, NULL, NULL, NULL, 'integer', NULL);
INSERT INTO sys_rule_fact_field ([objid], [parentid], [name], [title], [datatype], [sortorder], [handler], [lookuphandler], [lookupkey], [lookupvalue], [lookupdatatype], [multivalued], [required], [vardatatype], [lovname]) VALUES ('FACTFLD547c5381:1451ae1cd9c:-78af', 'RULFACT547c5381:1451ae1cd9c:-7933', 'numberofmonthsfromqtr', 'Number of Months From Quarter', 'integer', '10', 'integer', NULL, NULL, NULL, NULL, NULL, NULL, 'integer', NULL);
INSERT INTO sys_rule_fact_field ([objid], [parentid], [name], [title], [datatype], [sortorder], [handler], [lookuphandler], [lookupkey], [lookupvalue], [lookupdatatype], [multivalued], [required], [vardatatype], [lovname]) VALUES ('FACTFLD547c5381:1451ae1cd9c:-78e0', 'RULFACT547c5381:1451ae1cd9c:-7933', 'actualuse', 'Actual Use', 'string', '8', 'lookup', 'propertyclassification:lookup', 'objid', 'title', NULL, NULL, NULL, 'string', NULL);
INSERT INTO sys_rule_fact_field ([objid], [parentid], [name], [title], [datatype], [sortorder], [handler], [lookuphandler], [lookupkey], [lookupvalue], [lookupdatatype], [multivalued], [required], [vardatatype], [lovname]) VALUES ('FACTFLD547c5381:1451ae1cd9c:-78e9', 'RULFACT547c5381:1451ae1cd9c:-7933', 'classification', 'Classification', 'string', '7', 'lookup', 'propertyclassification:lookup', 'objid', 'name', NULL, '0', NULL, 'string', NULL);
INSERT INTO sys_rule_fact_field ([objid], [parentid], [name], [title], [datatype], [sortorder], [handler], [lookuphandler], [lookupkey], [lookupvalue], [lookupdatatype], [multivalued], [required], [vardatatype], [lovname]) VALUES ('FACTFLD547c5381:1451ae1cd9c:-78f2', 'RULFACT547c5381:1451ae1cd9c:-7933', 'txntype', 'Txn Type', 'string', '6', 'lov', NULL, NULL, NULL, NULL, NULL, NULL, 'string', 'RPT_TXN_TYPES');
INSERT INTO sys_rule_fact_field ([objid], [parentid], [name], [title], [datatype], [sortorder], [handler], [lookuphandler], [lookupkey], [lookupvalue], [lookupdatatype], [multivalued], [required], [vardatatype], [lovname]) VALUES ('FACTFLD547c5381:1451ae1cd9c:-78fb', 'RULFACT547c5381:1451ae1cd9c:-7933', 'av', 'Assessed Value', 'decimal', '5', 'decimal', NULL, NULL, NULL, NULL, NULL, NULL, 'decimal', NULL);
INSERT INTO sys_rule_fact_field ([objid], [parentid], [name], [title], [datatype], [sortorder], [handler], [lookuphandler], [lookupkey], [lookupvalue], [lookupdatatype], [multivalued], [required], [vardatatype], [lovname]) VALUES ('FACTFLD547c5381:1451ae1cd9c:-7904', 'RULFACT547c5381:1451ae1cd9c:-7933', 'originalav', 'Original AV', 'decimal', '4', 'decimal', NULL, NULL, NULL, NULL, NULL, NULL, 'decimal', NULL);
INSERT INTO sys_rule_fact_field ([objid], [parentid], [name], [title], [datatype], [sortorder], [handler], [lookuphandler], [lookupkey], [lookupvalue], [lookupdatatype], [multivalued], [required], [vardatatype], [lovname]) VALUES ('FACTFLD547c5381:1451ae1cd9c:-790d', 'RULFACT547c5381:1451ae1cd9c:-7933', 'qtr', 'Qtr', 'integer', '3', 'integer', NULL, NULL, NULL, NULL, NULL, NULL, 'integer', NULL);
INSERT INTO sys_rule_fact_field ([objid], [parentid], [name], [title], [datatype], [sortorder], [handler], [lookuphandler], [lookupkey], [lookupvalue], [lookupdatatype], [multivalued], [required], [vardatatype], [lovname]) VALUES ('FACTFLD547c5381:1451ae1cd9c:-7916', 'RULFACT547c5381:1451ae1cd9c:-7933', 'year', 'Year', 'integer', '2', 'integer', NULL, NULL, NULL, NULL, NULL, NULL, 'integer', NULL);
INSERT INTO sys_rule_fact_field ([objid], [parentid], [name], [title], [datatype], [sortorder], [handler], [lookuphandler], [lookupkey], [lookupvalue], [lookupdatatype], [multivalued], [required], [vardatatype], [lovname]) VALUES ('FACTFLD547c5381:1451ae1cd9c:-791f', 'RULFACT547c5381:1451ae1cd9c:-7933', 'rptledger', 'RPT Ledger', 'string', '1', 'var', NULL, NULL, NULL, NULL, NULL, '0', 'RPTLedgerFact', NULL);
INSERT INTO sys_rule_fact_field ([objid], [parentid], [name], [title], [datatype], [sortorder], [handler], [lookuphandler], [lookupkey], [lookupvalue], [lookupdatatype], [multivalued], [required], [vardatatype], [lovname]) VALUES ('FACTFLD547c5381:1451ae1cd9c:-795c', 'RULFACT547c5381:1451ae1cd9c:-798f', 'qtrlypaymentpaidontime', 'Quarterly Payment is Paid On-Time', 'boolean', '4', 'boolean', NULL, NULL, NULL, NULL, NULL, NULL, 'boolean', NULL);
INSERT INTO sys_rule_fact_field ([objid], [parentid], [name], [title], [datatype], [sortorder], [handler], [lookuphandler], [lookupkey], [lookupvalue], [lookupdatatype], [multivalued], [required], [vardatatype], [lovname]) VALUES ('FACTFLD547c5381:1451ae1cd9c:-7965', 'RULFACT547c5381:1451ae1cd9c:-798f', 'firstqtrpaidontime', '1st Qtr is Paid On-Time', 'boolean', '3', 'boolean', NULL, NULL, NULL, NULL, NULL, NULL, 'boolean', NULL);
INSERT INTO sys_rule_fact_field ([objid], [parentid], [name], [title], [datatype], [sortorder], [handler], [lookuphandler], [lookupkey], [lookupvalue], [lookupdatatype], [multivalued], [required], [vardatatype], [lovname]) VALUES ('FACTFLD547c5381:1451ae1cd9c:-7970', 'RULFACT547c5381:1451ae1cd9c:-798f', 'lastqtrpaid', 'Last Qtr Paid', 'boolean', '2', 'boolean', NULL, NULL, NULL, NULL, NULL, NULL, 'boolean', NULL);
INSERT INTO sys_rule_fact_field ([objid], [parentid], [name], [title], [datatype], [sortorder], [handler], [lookuphandler], [lookupkey], [lookupvalue], [lookupdatatype], [multivalued], [required], [vardatatype], [lovname]) VALUES ('FACTFLD547c5381:1451ae1cd9c:-797b', 'RULFACT547c5381:1451ae1cd9c:-798f', 'lastyearpaid', 'Last Year Paid', 'integer', '1', 'integer', NULL, NULL, NULL, NULL, NULL, NULL, 'integer', NULL);
INSERT INTO sys_rule_fact_field ([objid], [parentid], [name], [title], [datatype], [sortorder], [handler], [lookuphandler], [lookupkey], [lookupvalue], [lookupdatatype], [multivalued], [required], [vardatatype], [lovname]) VALUES ('FACTFLD64302071:14232ed987c:-7f3d', 'RULFACT64302071:14232ed987c:-7f4e', 'type', 'Type', 'string', '1', 'lov', NULL, NULL, NULL, NULL, NULL, NULL, 'string', 'BP_PAYOPTIONS');
INSERT INTO sys_rule_fact_field ([objid], [parentid], [name], [title], [datatype], [sortorder], [handler], [lookuphandler], [lookupkey], [lookupvalue], [lookupdatatype], [multivalued], [required], [vardatatype], [lovname]) VALUES ('FACTFLD6d66cc31:1446cc9522e:-7e84', 'RULFACT6d66cc31:1446cc9522e:-7ee1', 'planRequired', 'Approved Plan Required', 'boolean', '3', 'boolean', NULL, NULL, NULL, NULL, NULL, NULL, 'boolean', NULL);
INSERT INTO sys_rule_fact_field ([objid], [parentid], [name], [title], [datatype], [sortorder], [handler], [lookuphandler], [lookupkey], [lookupvalue], [lookupdatatype], [multivalued], [required], [vardatatype], [lovname]) VALUES ('FACTFLD6d66cc31:1446cc9522e:-7ea0', 'RULFACT6d66cc31:1446cc9522e:-7ee1', 'txntypemode', 'Txn Type Mode', 'string', '2', 'lov', NULL, NULL, NULL, NULL, NULL, NULL, 'string', 'RPT_TXN_TYPE_MODES');
INSERT INTO sys_rule_fact_field ([objid], [parentid], [name], [title], [datatype], [sortorder], [handler], [lookuphandler], [lookupkey], [lookupvalue], [lookupdatatype], [multivalued], [required], [vardatatype], [lovname]) VALUES ('FACTFLD6d66cc31:1446cc9522e:-7ebd', 'RULFACT6d66cc31:1446cc9522e:-7ee1', 'txntype', 'Txn Type', 'string', '1', 'lov', NULL, NULL, NULL, NULL, NULL, NULL, 'string', 'RPT_TXN_TYPES');
INSERT INTO sys_rule_fact_field ([objid], [parentid], [name], [title], [datatype], [sortorder], [handler], [lookuphandler], [lookupkey], [lookupvalue], [lookupdatatype], [multivalued], [required], [vardatatype], [lovname]) VALUES ('FACTFLD72bb01b1:141b1fdca80:-7f45', 'RULFACT72bb01b1:141b1fdca80:-7f86', 'lob', 'Line of Business', NULL, '1', 'var', NULL, NULL, NULL, NULL, NULL, '0', 'bpls.facts.LOB', NULL);
INSERT INTO sys_rule_fact_field ([objid], [parentid], [name], [title], [datatype], [sortorder], [handler], [lookuphandler], [lookupkey], [lookupvalue], [lookupdatatype], [multivalued], [required], [vardatatype], [lovname]) VALUES ('FACTFLD72bb01b1:141b1fdca80:-7f70', 'RULFACT72bb01b1:141b1fdca80:-7f86', 'amount', 'Amount', 'decimal', '3', 'decimal', NULL, NULL, NULL, NULL, NULL, NULL, 'decimal', NULL);
INSERT INTO sys_rule_fact_field ([objid], [parentid], [name], [title], [datatype], [sortorder], [handler], [lookuphandler], [lookupkey], [lookupvalue], [lookupdatatype], [multivalued], [required], [vardatatype], [lovname]) VALUES ('FACTFLD72bb01b1:141b1fdca80:-7f7f', 'RULFACT72bb01b1:141b1fdca80:-7f86', 'acctid', 'Account', NULL, '2', 'lookup', 'revenueitem:lookup', 'objid', 'title', NULL, NULL, '0', NULL, NULL);
INSERT INTO sys_rule_fact_field ([objid], [parentid], [name], [title], [datatype], [sortorder], [handler], [lookuphandler], [lookupkey], [lookupvalue], [lookupdatatype], [multivalued], [required], [vardatatype], [lovname]) VALUES ('FACTFLD7ee0ab5e:141b6a15885:-7fd5', 'RULFACT7ee0ab5e:141b6a15885:-7ff1', 'amtdue', 'Amount Due', 'decimal', '1', 'decimal', NULL, NULL, NULL, NULL, NULL, NULL, 'decimal', NULL);
INSERT INTO sys_rule_fact_field ([objid], [parentid], [name], [title], [datatype], [sortorder], [handler], [lookuphandler], [lookupkey], [lookupvalue], [lookupdatatype], [multivalued], [required], [vardatatype], [lovname]) VALUES ('FACTFLD7ee0ab5e:141b6a15885:-7fdc', 'RULFACT7ee0ab5e:141b6a15885:-7ff1', 'qtr', 'Qtr', 'integer', '2', 'integer', NULL, NULL, NULL, NULL, NULL, NULL, 'integer', NULL);
INSERT INTO sys_rule_fact_field ([objid], [parentid], [name], [title], [datatype], [sortorder], [handler], [lookuphandler], [lookupkey], [lookupvalue], [lookupdatatype], [multivalued], [required], [vardatatype], [lovname]) VALUES ('FACTFLD7ee0ab5e:141b6a15885:-7fe3', 'RULFACT7ee0ab5e:141b6a15885:-7ff1', 'year', 'Year', 'integer', '3', 'integer', NULL, NULL, NULL, NULL, NULL, NULL, 'integer', NULL);
INSERT INTO sys_rule_fact_field ([objid], [parentid], [name], [title], [datatype], [sortorder], [handler], [lookuphandler], [lookupkey], [lookupvalue], [lookupdatatype], [multivalued], [required], [vardatatype], [lovname]) VALUES ('FACTFLD7ee0ab5e:141b6a15885:-7fea', 'RULFACT7ee0ab5e:141b6a15885:-7ff1', 'apptype', 'Application Type', NULL, '4', 'lov', NULL, NULL, NULL, NULL, NULL, NULL, NULL, 'BUSINESS_APP_TYPES');


INSERT INTO sys_ruleset_actiondef ([ruleset], [actiondef]) VALUES ('bpbilling', 'RULADEF-2889615e:142fa67fc85:-7b7c');
INSERT INTO sys_ruleset_actiondef ([ruleset], [actiondef]) VALUES ('bpassessment', 'RULADEF-2ead5abf:1419bd607e6:-7fd9');
INSERT INTO sys_ruleset_actiondef ([ruleset], [actiondef]) VALUES ('ctcindividual', 'RULADEF-301ea2a7:142daea52cd:-7611');
INSERT INTO sys_ruleset_actiondef ([ruleset], [actiondef]) VALUES ('ctcindividual', 'RULADEF-301ea2a7:142daea52cd:-7649');
INSERT INTO sys_ruleset_actiondef ([ruleset], [actiondef]) VALUES ('ctcindividual', 'RULADEF-301ea2a7:142daea52cd:-7707');
INSERT INTO sys_ruleset_actiondef ([ruleset], [actiondef]) VALUES ('ctcindividual', 'RULADEF-301ea2a7:142daea52cd:-776c');
INSERT INTO sys_ruleset_actiondef ([ruleset], [actiondef]) VALUES ('ctcindividual', 'RULADEF-301ea2a7:142daea52cd:-7887');
INSERT INTO sys_ruleset_actiondef ([ruleset], [actiondef]) VALUES ('ctcindividual', 'RULADEF-301ea2a7:142daea52cd:-7ed8');
INSERT INTO sys_ruleset_actiondef ([ruleset], [actiondef]) VALUES ('bpassessment', 'RULADEF-4a532d76:141ff563063:-7ef4');
INSERT INTO sys_ruleset_actiondef ([ruleset], [actiondef]) VALUES ('rptbilling', 'RULADEF-569e4b29:1452054ad68:-6787');
INSERT INTO sys_ruleset_actiondef ([ruleset], [actiondef]) VALUES ('rptbilling', 'RULADEF-569e4b29:1452054ad68:-7f86');
INSERT INTO sys_ruleset_actiondef ([ruleset], [actiondef]) VALUES ('bpassessment', 'RULADEF-627533eb:141ed7a179f:-7d7d');
INSERT INTO sys_ruleset_actiondef ([ruleset], [actiondef]) VALUES ('bpassessment', 'RULADEF-62a762db:14201d65080:-7576');
INSERT INTO sys_ruleset_actiondef ([ruleset], [actiondef]) VALUES ('bpbilling', 'RULADEF-66879e9a:1422b236b58:-7d0f');
INSERT INTO sys_ruleset_actiondef ([ruleset], [actiondef]) VALUES ('bpbilling', 'RULADEF-66879e9a:1422b236b58:-7d24');
INSERT INTO sys_ruleset_actiondef ([ruleset], [actiondef]) VALUES ('bpassessment', 'RULADEF-67ecfd73:141f2b84ce7:-743c');
INSERT INTO sys_ruleset_actiondef ([ruleset], [actiondef]) VALUES ('bpassessment', 'RULADEF-67ecfd73:141f2b84ce7:-7b54');
INSERT INTO sys_ruleset_actiondef ([ruleset], [actiondef]) VALUES ('bpinfo', 'RULADEF-67ecfd73:141f2b84ce7:-7b54');
INSERT INTO sys_ruleset_actiondef ([ruleset], [actiondef]) VALUES ('rptbilling', 'RULADEF-689b9667:1459c6ac8b7:-7bfe');
INSERT INTO sys_ruleset_actiondef ([ruleset], [actiondef]) VALUES ('rptbilling', 'RULADEF-689b9667:1459c6ac8b7:-7c93');
INSERT INTO sys_ruleset_actiondef ([ruleset], [actiondef]) VALUES ('ctcindividual', 'RULADEF-7387c51c:142dbad3349:-74e2');
INSERT INTO sys_ruleset_actiondef ([ruleset], [actiondef]) VALUES ('ctcindividual', 'RULADEF-7387c51c:142dbad3349:-75a7');
INSERT INTO sys_ruleset_actiondef ([ruleset], [actiondef]) VALUES ('bpassessment', 'RULADEF-738e3cc6:14459101d11:-6b0b');
INSERT INTO sys_ruleset_actiondef ([ruleset], [actiondef]) VALUES ('ctccorporate', 'RULADEF-7b3bc8de:142e512eedb:-7dc5');
INSERT INTO sys_ruleset_actiondef ([ruleset], [actiondef]) VALUES ('rptbilling', 'RULADEF1be07afa:1452a9809e9:-4a45');
INSERT INTO sys_ruleset_actiondef ([ruleset], [actiondef]) VALUES ('rptbilling', 'RULADEF1be07afa:1452a9809e9:-6958');
INSERT INTO sys_ruleset_actiondef ([ruleset], [actiondef]) VALUES ('rptbilling', 'RULADEF325bd8be:145261815d2:-788c');
INSERT INTO sys_ruleset_actiondef ([ruleset], [actiondef]) VALUES ('rptbilling', 'RULADEF325bd8be:145261815d2:-7f18');
INSERT INTO sys_ruleset_actiondef ([ruleset], [actiondef]) VALUES ('bpassessment', 'RULADEF33e8cb24:1423c4b40b2:-6aeb');
INSERT INTO sys_ruleset_actiondef ([ruleset], [actiondef]) VALUES ('bpassessment', 'RULADEF33e8cb24:1423c4b40b2:-7f34');
INSERT INTO sys_ruleset_actiondef ([ruleset], [actiondef]) VALUES ('rptbilling', 'RULADEF357018a9:1452a5dcbf7:-7a0e');
INSERT INTO sys_ruleset_actiondef ([ruleset], [actiondef]) VALUES ('bpassessment', 'RULADEF367174cc:141a62bd0d8:-4486');
INSERT INTO sys_ruleset_actiondef ([ruleset], [actiondef]) VALUES ('bpinfo', 'RULADEF367174cc:141a62bd0d8:-4486');
INSERT INTO sys_ruleset_actiondef ([ruleset], [actiondef]) VALUES ('ctccorporate', 'RULADEF40e16e9c:142df3e5af6:-7ad7');
INSERT INTO sys_ruleset_actiondef ([ruleset], [actiondef]) VALUES ('ctccorporate', 'RULADEF40e16e9c:142df3e5af6:-7b1e');
INSERT INTO sys_ruleset_actiondef ([ruleset], [actiondef]) VALUES ('ctccorporate', 'RULADEF40e16e9c:142df3e5af6:-7b41');
INSERT INTO sys_ruleset_actiondef ([ruleset], [actiondef]) VALUES ('ctccorporate', 'RULADEF40e16e9c:142df3e5af6:-7b7b');
INSERT INTO sys_ruleset_actiondef ([ruleset], [actiondef]) VALUES ('rptbilling', 'RULADEF547c5381:1451ae1cd9c:-5551');
INSERT INTO sys_ruleset_actiondef ([ruleset], [actiondef]) VALUES ('rptbilling', 'RULADEF547c5381:1451ae1cd9c:-6179');
INSERT INTO sys_ruleset_actiondef ([ruleset], [actiondef]) VALUES ('rptrequirement', 'RULADEF6d66cc31:1446cc9522e:-7d56');
INSERT INTO sys_ruleset_actiondef ([ruleset], [actiondef]) VALUES ('bpassessment', 'RULADEF72bb01b1:141b1fdca80:-7e34');
INSERT INTO sys_ruleset_actiondef ([ruleset], [actiondef]) VALUES ('bpassessment', 'RULADEF73d37911:141edb9db9a:-7f30');
INSERT INTO sys_ruleset_actiondef ([ruleset], [actiondef]) VALUES ('bpbilling', 'RULADEF7ee0ab5e:141b6a15885:-7f52');



INSERT INTO sys_ruleset_fact ([ruleset], [rulefact]) VALUES ('bpbilling', 'RULFACT-1f3e2b64:14230dd8f62:-7dd8');
INSERT INTO sys_ruleset_fact ([ruleset], [rulefact]) VALUES ('bpbilling', 'RULFACT-1f3e2b64:14230dd8f62:-7e29');
INSERT INTO sys_ruleset_fact ([ruleset], [rulefact]) VALUES ('bpbilling', 'RULFACT-1f3e2b64:14230dd8f62:-7eb6');
INSERT INTO sys_ruleset_fact ([ruleset], [rulefact]) VALUES ('bpassessment', 'RULFACT-26aa09fd:1419696e71f:-7feb');
INSERT INTO sys_ruleset_fact ([ruleset], [rulefact]) VALUES ('bpbilling', 'RULFACT-26aa09fd:1419696e71f:-7feb');
INSERT INTO sys_ruleset_fact ([ruleset], [rulefact]) VALUES ('bpinfo', 'RULFACT-26aa09fd:1419696e71f:-7feb');
INSERT INTO sys_ruleset_fact ([ruleset], [rulefact]) VALUES ('bpbilling', 'RULFACT-46f22f55:14231734d86:-7eca');
INSERT INTO sys_ruleset_fact ([ruleset], [rulefact]) VALUES ('ctcindividual', 'RULFACT-7387c51c:142dbad3349:-73aa');
INSERT INTO sys_ruleset_fact ([ruleset], [rulefact]) VALUES ('bpassessment', 'RULFACT-76732870:14196dc4027:-7f87');
INSERT INTO sys_ruleset_fact ([ruleset], [rulefact]) VALUES ('bpbilling', 'RULFACT-76732870:14196dc4027:-7f87');
INSERT INTO sys_ruleset_fact ([ruleset], [rulefact]) VALUES ('bpbilling', 'RULFACT-7ea493a4:14237a0191b:-7fb7');
INSERT INTO sys_ruleset_fact ([ruleset], [rulefact]) VALUES ('bpassessment', 'RULFACT-bad19b4:141f3c18435:-7fa9');
INSERT INTO sys_ruleset_fact ([ruleset], [rulefact]) VALUES ('bpinfo', 'RULFACT-bad19b4:141f3c18435:-7fa9');
INSERT INTO sys_ruleset_fact ([ruleset], [rulefact]) VALUES ('bpbilling', 'RULFACT-fd57605:142324ab5d2:-7f33');
INSERT INTO sys_ruleset_fact ([ruleset], [rulefact]) VALUES ('rptbilling', 'RULFACT17d6e7ce:141df4b60c2:-7c21');
INSERT INTO sys_ruleset_fact ([ruleset], [rulefact]) VALUES ('rptbilling', 'RULFACT1be07afa:1452a9809e9:-731e');
INSERT INTO sys_ruleset_fact ([ruleset], [rulefact]) VALUES ('bpassessment', 'RULFACT20ce1acc:141e456ed68:-7f43');
INSERT INTO sys_ruleset_fact ([ruleset], [rulefact]) VALUES ('bpbilling', 'RULFACT20ce1acc:141e456ed68:-7f43');
INSERT INTO sys_ruleset_fact ([ruleset], [rulefact]) VALUES ('bpinfo', 'RULFACT20ce1acc:141e456ed68:-7f43');
INSERT INTO sys_ruleset_fact ([ruleset], [rulefact]) VALUES ('bpbilling', 'RULFACT2e8bac67:1422b41d3b3:-7f64');
INSERT INTO sys_ruleset_fact ([ruleset], [rulefact]) VALUES ('ctccorporate', 'RULFACT33cb572b:142da8961f6:-7da3');
INSERT INTO sys_ruleset_fact ([ruleset], [rulefact]) VALUES ('ctcindividual', 'RULFACT33cb572b:142da8961f6:-7f96');
INSERT INTO sys_ruleset_fact ([ruleset], [rulefact]) VALUES ('rptbilling', 'RULFACT357018a9:1452a5dcbf7:-793b');
INSERT INTO sys_ruleset_fact ([ruleset], [rulefact]) VALUES ('bpassessment', 'RULFACT3a2b180:142b73535d5:-7fb1');
INSERT INTO sys_ruleset_fact ([ruleset], [rulefact]) VALUES ('ctcindividual', 'RULFACT40e16e9c:142df3e5af6:-551d');
INSERT INTO sys_ruleset_fact ([ruleset], [rulefact]) VALUES ('rptbilling', 'RULFACT49ae4bad:141e3b6758c:-7ba3');
INSERT INTO sys_ruleset_fact ([ruleset], [rulefact]) VALUES ('ctccorporate', 'RULFACT49f1ff47:142dfb342ca:-6f8c');
INSERT INTO sys_ruleset_fact ([ruleset], [rulefact]) VALUES ('bpassessment', 'RULFACT4a03cdfb:141f9a6dc3c:-784a');
INSERT INTO sys_ruleset_fact ([ruleset], [rulefact]) VALUES ('bpassessment', 'RULFACT4ca00100:141fe894560:-7d8e');
INSERT INTO sys_ruleset_fact ([ruleset], [rulefact]) VALUES ('bpassessment', 'RULFACT4ca00100:141fe894560:-7e3f');
INSERT INTO sys_ruleset_fact ([ruleset], [rulefact]) VALUES ('rptbilling', 'RULFACT547c5381:1451ae1cd9c:-75e0');
INSERT INTO sys_ruleset_fact ([ruleset], [rulefact]) VALUES ('rptbilling', 'RULFACT547c5381:1451ae1cd9c:-7933');
INSERT INTO sys_ruleset_fact ([ruleset], [rulefact]) VALUES ('rptbilling', 'RULFACT547c5381:1451ae1cd9c:-798f');
INSERT INTO sys_ruleset_fact ([ruleset], [rulefact]) VALUES ('bpbilling', 'RULFACT64302071:14232ed987c:-7f4e');
INSERT INTO sys_ruleset_fact ([ruleset], [rulefact]) VALUES ('rptrequirement', 'RULFACT6d66cc31:1446cc9522e:-7ee1');
INSERT INTO sys_ruleset_fact ([ruleset], [rulefact]) VALUES ('bpassessment', 'RULFACT72bb01b1:141b1fdca80:-7f86');
INSERT INTO sys_ruleset_fact ([ruleset], [rulefact]) VALUES ('bpbilling', 'RULFACT7ee0ab5e:141b6a15885:-7ff1');





INSERT INTO sys_var ([name], [value], [description], [datatype], [category]) VALUES ('allow_consolidation_with_balance', 'false', NULL, 'checkbox', 'ASSESSOR');
INSERT INTO sys_var ([name], [value], [description], [datatype], [category]) VALUES ('allow_faas_transaction_with_balance', 'false', NULL, 'checkbox', 'ASSESSOR');
INSERT INTO sys_var ([name], [value], [description], [datatype], [category]) VALUES ('allow_general_collection_discount', '0', NULL, 'boolean', 'TC');
INSERT INTO sys_var ([name], [value], [description], [datatype], [category]) VALUES ('allow_subdivision_with_balance', 'false', NULL, 'checkbox', 'ASSESSOR');
INSERT INTO sys_var ([name], [value], [description], [datatype], [category]) VALUES ('ctc_brgyshare', '0.50', 'CTC Barangay Share', NULL, 'CTC');
INSERT INTO sys_var ([name], [value], [description], [datatype], [category]) VALUES ('current_ry', '2010', NULL, 'integer', 'ASSESSOR');
INSERT INTO sys_var ([name], [value], [description], [datatype], [category]) VALUES ('deposit_collection_by_bank_account', '1', 'Deposit collection by bank account instead of by fund', 'checkbox', 'TC');
INSERT INTO sys_var ([name], [value], [description], [datatype], [category]) VALUES ('deposit_print_date', '0', NULL, NULL, 'TC');
INSERT INTO sys_var ([name], [value], [description], [datatype], [category]) VALUES ('faas_datacapture_allow_edit_av', '1', NULL, 'checkbox', 'ASSESSOR');
INSERT INTO sys_var ([name], [value], [description], [datatype], [category]) VALUES ('gr_ordinance_date', '2013-04-04', NULL, 'date', 'ASSESSOR');
INSERT INTO sys_var ([name], [value], [description], [datatype], [category]) VALUES ('gr_ordinance_no', '13-5985', NULL, 'text', 'ASSESSOR');
INSERT INTO sys_var ([name], [value], [description], [datatype], [category]) VALUES ('gr_renumber_pin', '0', NULL, 'checkbox', 'ASSESSOR');
INSERT INTO sys_var ([name], [value], [description], [datatype], [category]) VALUES ('gr_td_autonumber', 'true', NULL, 'checkbox', 'ASSESSOR');
INSERT INTO sys_var ([name], [value], [description], [datatype], [category]) VALUES ('invalid_login_access_date_interval', '1m', 'number of hours/days access date is moved when failed_login_max_retries is reached( d=days, h=hours)', NULL, NULL);
INSERT INTO sys_var ([name], [value], [description], [datatype], [category]) VALUES ('invalid_login_action', '1', '0 - suspend 1-move access to a later date', NULL, NULL);
INSERT INTO sys_var ([name], [value], [description], [datatype], [category]) VALUES ('invalid_login_max_retries', '5', 'No. of times a user can retry login before disabling account', NULL, NULL);
INSERT INTO sys_var ([name], [value], [description], [datatype], [category]) VALUES ('landtax_certifiedby', '-', NULL, 'text', 'LANDTAX');
INSERT INTO sys_var ([name], [value], [description], [datatype], [category]) VALUES ('landtax_certifiedby_title', 'ASST. CITY TREASURER - OPERATION', NULL, 'text', 'LANDTAX');
INSERT INTO sys_var ([name], [value], [description], [datatype], [category]) VALUES ('lgu_name', 'ILIGAN CITY', NULL, 'text', 'ASSESSOR');
INSERT INTO sys_var ([name], [value], [description], [datatype], [category]) VALUES ('lgu_objid', '169', NULL, 'text', 'ASSESSOR');
INSERT INTO sys_var ([name], [value], [description], [datatype], [category]) VALUES ('lgu_region', 'REGION X', NULL, NULL, NULL);
INSERT INTO sys_var ([name], [value], [description], [datatype], [category]) VALUES ('lgu_type', 'city', 'Type of LGU. Valid values are city, municipality and province', 'text', 'ASSESSOR');
INSERT INTO sys_var ([name], [value], [description], [datatype], [category]) VALUES ('pin_autonumber', '0', NULL, 'checkbox', 'ASSESSOR');
INSERT INTO sys_var ([name], [value], [description], [datatype], [category]) VALUES ('pin_parcel_length', '2', 'The number of digits in pin parcel.', 'integer', 'ASSESSOR');
INSERT INTO sys_var ([name], [value], [description], [datatype], [category]) VALUES ('pin_section_length', '3', 'The number of digits in pin section.', 'integer', 'ASSESSOR');
INSERT INTO sys_var ([name], [value], [description], [datatype], [category]) VALUES ('pin_type', 'new', 'PIN Formatting Type valid values: old or new', 'text', 'ASSESSOR');
INSERT INTO sys_var ([name], [value], [description], [datatype], [category]) VALUES ('pwd_change_cycle', '1', 'No. of times the user cannot use a repeating password', NULL, 'SYSTEM');
INSERT INTO sys_var ([name], [value], [description], [datatype], [category]) VALUES ('pwd_change_date_interval', '365M', 'No. of days/months before a user is required to change their password (d=days, M=months)', NULL, 'SYSTEM');
INSERT INTO sys_var ([name], [value], [description], [datatype], [category]) VALUES ('pwd_change_login_count', '0', 'No. of times a user has successfully logged in before changing their password. (0=no limit) ', NULL, 'SYSTEM');
INSERT INTO sys_var ([name], [value], [description], [datatype], [category]) VALUES ('receipt_item_printout_count', '10', NULL, NULL, 'SYSTEM');
INSERT INTO sys_var ([name], [value], [description], [datatype], [category]) VALUES ('rpt_round_to_ten_item_assessed_value', '0', NULL, 'checkbox', 'ASSESSOR');
INSERT INTO sys_var ([name], [value], [description], [datatype], [category]) VALUES ('rptbilling_assessed_value_fact_years', '2002,2013', NULL, NULL, 'LANDTAX');
INSERT INTO sys_var ([name], [value], [description], [datatype], [category]) VALUES ('sa_pwd', '560145c20d7508ecb59223999c4654dd', NULL, NULL, NULL);
INSERT INTO sys_var ([name], [value], [description], [datatype], [category]) VALUES ('sangguinan_name', 'SANGGUNIANG PANLUNGSOD', 'sangguinian name', 'text', 'ASSESSOR');
INSERT INTO sys_var ([name], [value], [description], [datatype], [category]) VALUES ('secretary_name', NULL, NULL, NULL, NULL);
INSERT INTO sys_var ([name], [value], [description], [datatype], [category]) VALUES ('secretary_title', NULL, NULL, NULL, NULL);
INSERT INTO sys_var ([name], [value], [description], [datatype], [category]) VALUES ('server_timezone', 'Asia/Shanghai', 'this must be matched with default timezone of server', NULL, NULL);
INSERT INTO sys_var ([name], [value], [description], [datatype], [category]) VALUES ('session_timeout_interval', '1d ', 'expiry dates of inactive session (d=days, h=hours)', NULL, 'SYSTEM');
INSERT INTO sys_var ([name], [value], [description], [datatype], [category]) VALUES ('subdivision_allow_equal_area_only', '1', 'Allow Subdivision with equal area only ', 'checkbox', 'ASSESSOR');
INSERT INTO sys_var ([name], [value], [description], [datatype], [category]) VALUES ('system_pwd', '!12345', 'system password', NULL, 'SYSTEM');
INSERT INTO sys_var ([name], [value], [description], [datatype], [category]) VALUES ('td_autonumber', 'true', NULL, 'checkbox', 'ASSESSOR');
INSERT INTO sys_var ([name], [value], [description], [datatype], [category]) VALUES ('td_autonumber_sequence_count', '5', NULL, 'integer', 'ASSESSOR');
INSERT INTO sys_var ([name], [value], [description], [datatype], [category]) VALUES ('td_format', 'Y-B', 'Tax Declaration No. format. Options: Y- revision year, M-municipality index, C - city index, D-district index, B=-barangay index', 'text', 'ASSESSOR');
INSERT INTO sys_var ([name], [value], [description], [datatype], [category]) VALUES ('td_report_display_appraisedby', '0', NULL, 'checkbox', 'ASSESSOR');
INSERT INTO sys_var ([name], [value], [description], [datatype], [category]) VALUES ('td_report_display_recommendedby', '0', 'Display Recommended by ', NULL, 'ASSESSOR');
INSERT INTO sys_var ([name], [value], [description], [datatype], [category]) VALUES ('td_report_item_format', 'BLGF', 'Valid Values: BLGF or MODIFIED', 'text', 'ASSESSOR');
INSERT INTO sys_var ([name], [value], [description], [datatype], [category]) VALUES ('td_show_landinfo_on_improvements', '1', 'Show the land information such as boundary etc in the improvement tax declaration. Options: 1 - show; 0 - hide', 'checkbox', 'ASSESSOR');
INSERT INTO sys_var ([name], [value], [description], [datatype], [category]) VALUES ('url_logo_assessor', 'http://localhost/downloads/images/assessor.png', 'ASSESSOR URL LOG', NULL, 'ASSESSOR');
INSERT INTO sys_var ([name], [value], [description], [datatype], [category]) VALUES ('url_logo_lgu', 'http://localhost/downloads/images/lgu.png', 'logo path', NULL, 'LGU');
INSERT INTO sys_var ([name], [value], [description], [datatype], [category]) VALUES ('url_logo_treasury', 'http://localhost/downloads/images/treasury.png', 'TREASURY LOGO', NULL, 'TREASURY');






INSERT INTO faasannotationtype ([objid], [type]) VALUES ('CCJ', 'CIVIL CASE JUDGEMENT');
INSERT INTO faasannotationtype ([objid], [type]) VALUES ('MOA', 'MEMORANDUM OF AGREEMENT');
INSERT INTO faasannotationtype ([objid], [type]) VALUES ('MT', 'MORTGAGE');
INSERT INTO faasannotationtype ([objid], [type]) VALUES ('NAC', 'NOTICE OF ADVERSE CLAIM');
INSERT INTO faasannotationtype ([objid], [type]) VALUES ('NOA', 'NOTICE OF ATTACHMENT');
INSERT INTO faasannotationtype ([objid], [type]) VALUES ('NOAL', 'NOTICE OF ATTACHMENT/LEVY UPON REALTY');
INSERT INTO faasannotationtype ([objid], [type]) VALUES ('NB', 'NOTICE OF BOND');
INSERT INTO faasannotationtype ([objid], [type]) VALUES ('NOL', 'NOTICE OF LEVY');
INSERT INTO faasannotationtype ([objid], [type]) VALUES ('NOLES', 'NOTICE OF LIS PENDENS');
INSERT INTO faasannotationtype ([objid], [type]) VALUES ('NOS', 'NOTICE OF SHERIFF''S');
INSERT INTO faasannotationtype ([objid], [type]) VALUES ('OFC', 'ORDER FROM THE COURT');
INSERT INTO faasannotationtype ([objid], [type]) VALUES ('SR', 'SHERIFF''S CERTIFICATE OF SALE');
INSERT INTO faasannotationtype ([objid], [type]) VALUES ('SLVY', 'SHERIFF''S NOTICE OF LEVY UPON REAL PROPERTY');
INSERT INTO faasannotationtype ([objid], [type]) VALUES ('UL', 'UNDER LITIGATION');
INSERT INTO faasannotationtype ([objid], [type]) VALUES ('WL', 'WARRANT OF LEVY');






INSERT INTO rptworkflow ([objid], [name], [appliedto]) VALUES ('ALL', 'FAAS WORKFLOW', 'TR,TRE,TRC,CE,CC,CT,CD,RE,GR,ND,MC,RV');
INSERT INTO rptworkflow ([objid], [name], [appliedto]) VALUES ('CS', 'CS WORKFLOW', 'CS');
INSERT INTO rptworkflow ([objid], [name], [appliedto]) VALUES ('SD', 'SD WORKFLOW', 'SD');


INSERT INTO rptworkflow_state ([objid], [workflowid], [fromstate], [tostate], [type], [active], [signatory], [message]) VALUES ('ALL-W01', 'ALL', NULL, 'receive', 'start', '1', 'receiver', '#{docname} documents are received and verified.');
INSERT INTO rptworkflow_state ([objid], [workflowid], [fromstate], [tostate], [type], [active], [signatory], [message]) VALUES ('ALL-W02', 'ALL', 'receive', 'assign-examiner', 'process', '1', 'examiner', '#{docname} is already forwarded for examination.');
INSERT INTO rptworkflow_state ([objid], [workflowid], [fromstate], [tostate], [type], [active], [signatory], [message]) VALUES ('ALL-W03', 'ALL', 'assign-examiner', 'forexamination', 'process', '1', 'examiner', '#{docname} is currently examined by the group of #{name}.');
INSERT INTO rptworkflow_state ([objid], [workflowid], [fromstate], [tostate], [type], [active], [signatory], [message]) VALUES ('ALL-W04', 'ALL', 'forexamination', 'assign-taxmapper', 'process', '1', 'taxmapper', '#{docname} is already submitted for taxmapping.');
INSERT INTO rptworkflow_state ([objid], [workflowid], [fromstate], [tostate], [type], [active], [signatory], [message]) VALUES ('ALL-W05', 'ALL', 'assign-taxmapper', 'fortaxmapping', 'process', '1', 'taxmapper', '#{docname} is currently taxmapped by #{name}.');
INSERT INTO rptworkflow_state ([objid], [workflowid], [fromstate], [tostate], [type], [active], [signatory], [message]) VALUES ('ALL-W06', 'ALL', 'fortaxmapping', 'assign-taxmapping-approval', 'process', '1', 'taxmapping_chief', '#{docname} is submitted for taxmapping approval.');
INSERT INTO rptworkflow_state ([objid], [workflowid], [fromstate], [tostate], [type], [active], [signatory], [message]) VALUES ('ALL-W07', 'ALL', 'assign-taxmapping-approval', 'fortaxmapping-approval', 'process', '1', 'taxmapping_chief', '#{docname} taxmapping is currently verified by #{name}.');
INSERT INTO rptworkflow_state ([objid], [workflowid], [fromstate], [tostate], [type], [active], [signatory], [message]) VALUES ('ALL-W08', 'ALL', 'fortaxmapping-approval', 'assign-appraiser', 'process', '1', 'appraiser', '#{docname} is already submitted for appraisal.');
INSERT INTO rptworkflow_state ([objid], [workflowid], [fromstate], [tostate], [type], [active], [signatory], [message]) VALUES ('ALL-W09', 'ALL', 'assign-appraiser', 'forappraisal', 'process', '1', 'appraiser', '#{docname} is currenty appraised by #{name}.');
INSERT INTO rptworkflow_state ([objid], [workflowid], [fromstate], [tostate], [type], [active], [signatory], [message]) VALUES ('ALL-W10', 'ALL', 'forappraisal', 'assign-appraisal-chief', 'process', '1', 'appraisal_chief', '#{docname} appraisal is already submitted for approval.');
INSERT INTO rptworkflow_state ([objid], [workflowid], [fromstate], [tostate], [type], [active], [signatory], [message]) VALUES ('ALL-W11', 'ALL', 'assign-appraisal-chief', 'forappraisal-approval', 'process', '1', 'appraisal_chief', '#{docname} appraisal is currently verified by #{name}.');
INSERT INTO rptworkflow_state ([objid], [workflowid], [fromstate], [tostate], [type], [active], [signatory], [message]) VALUES ('ALL-W12', 'ALL', 'forappraisal-approval', 'assign-assistant-approval', 'process', '1', 'assistant_assessor', '#{docname} is already submitted to assistant assessor for approval.');
INSERT INTO rptworkflow_state ([objid], [workflowid], [fromstate], [tostate], [type], [active], [signatory], [message]) VALUES ('ALL-W13', 'ALL', 'assign-assistant-approval', 'forassistant-approval', 'process', '1', 'assistant_assessor', '#{docname} is currently reviewed by assistant assessor #{name}.');
INSERT INTO rptworkflow_state ([objid], [workflowid], [fromstate], [tostate], [type], [active], [signatory], [message]) VALUES ('ALL-W14', 'ALL', 'forassistant-approval', 'assign-approver', 'process', '1', 'approver', '#{docname} is already submitted to assistant assessor for approval.');
INSERT INTO rptworkflow_state ([objid], [workflowid], [fromstate], [tostate], [type], [active], [signatory], [message]) VALUES ('ALL-W15', 'ALL', 'assign-approver', 'forapproval', 'process', '1', 'approver', '#{docname} is currently approved by #{name}.');
INSERT INTO rptworkflow_state ([objid], [workflowid], [fromstate], [tostate], [type], [active], [signatory], [message]) VALUES ('ALL-W16', 'ALL', 'forapproval', 'approved', 'end', '1', 'approver', '#{docname} is already approved and current.');
INSERT INTO rptworkflow_state ([objid], [workflowid], [fromstate], [tostate], [type], [active], [signatory], [message]) VALUES ('CS-W01', 'CS', NULL, 'receive', 'start', '1', 'receiver', '#{docname} documents are received and undergoing verification.');
INSERT INTO rptworkflow_state ([objid], [workflowid], [fromstate], [tostate], [type], [active], [signatory], [message]) VALUES ('CS-W02', 'CS', 'receive', 'assign-examiner', 'process', '1', 'examiner', '#{docname} is already forwarded for examination.');
INSERT INTO rptworkflow_state ([objid], [workflowid], [fromstate], [tostate], [type], [active], [signatory], [message]) VALUES ('CS-W03', 'CS', 'assign-examiner', 'forexamination', 'process', '1', 'examiner', '#{docname} is currently examined by the group of #{name}.');
INSERT INTO rptworkflow_state ([objid], [workflowid], [fromstate], [tostate], [type], [active], [signatory], [message]) VALUES ('CS-W04', 'CS', 'forexamination', 'assign-taxmapper', 'process', '1', 'taxmapper', '#{docname} is already submitted for taxmapping.');
INSERT INTO rptworkflow_state ([objid], [workflowid], [fromstate], [tostate], [type], [active], [signatory], [message]) VALUES ('CS-W05', 'CS', 'assign-taxmapper', 'fortaxmapping', 'process', '1', 'taxmapper', '#{docname} is currently taxmapped by #{name}.');
INSERT INTO rptworkflow_state ([objid], [workflowid], [fromstate], [tostate], [type], [active], [signatory], [message]) VALUES ('CS-W06', 'CS', 'fortaxmapping', 'assign-taxmapping-approval', 'process', '1', 'taxmapping_chief', '#{docname} is submitted for taxmapping approval.');
INSERT INTO rptworkflow_state ([objid], [workflowid], [fromstate], [tostate], [type], [active], [signatory], [message]) VALUES ('CS-W07', 'CS', 'assign-taxmapping-approval', 'fortaxmapping-approval', 'process', '1', 'taxmapping_chief', '#{docname} taxmapping approval is currently verified by #{name}.');
INSERT INTO rptworkflow_state ([objid], [workflowid], [fromstate], [tostate], [type], [active], [signatory], [message]) VALUES ('CS-W08', 'CS', 'fortaxmapping-approval', 'assign-appraiser', 'process', '1', 'appraiser', '#{docname} is already submitted for appraisal.');
INSERT INTO rptworkflow_state ([objid], [workflowid], [fromstate], [tostate], [type], [active], [signatory], [message]) VALUES ('CS-W09', 'CS', 'assign-appraiser', 'forappraisal', 'process', '1', 'appraiser', '#{docname} is currenty appraised by #{name}.');
INSERT INTO rptworkflow_state ([objid], [workflowid], [fromstate], [tostate], [type], [active], [signatory], [message]) VALUES ('CS-W10', 'CS', 'forappraisal', 'assign-appraisal-chief', 'process', '1', 'appraisal_chief', '#{docname} appraisal is already submitted for approval.');
INSERT INTO rptworkflow_state ([objid], [workflowid], [fromstate], [tostate], [type], [active], [signatory], [message]) VALUES ('CS-W11', 'CS', 'assign-appraisal-chief', 'forappraisal-approval', 'process', '1', 'appraisal_chief', '#{docname} appraisal is currently verified by #{name}.');
INSERT INTO rptworkflow_state ([objid], [workflowid], [fromstate], [tostate], [type], [active], [signatory], [message]) VALUES ('CS-W12', 'CS', 'forappraisal-approval', 'assign-assistant-approval', 'process', '1', 'assistant_assessor', '#{docname} is already submitted to assistant assessor for approval.');
INSERT INTO rptworkflow_state ([objid], [workflowid], [fromstate], [tostate], [type], [active], [signatory], [message]) VALUES ('CS-W13', 'CS', 'assign-assistant-approval', 'forassistant-approval', 'process', '1', 'assistant_assessor', '#{docname} is currently reviewed by assistant assessor #{name}.');
INSERT INTO rptworkflow_state ([objid], [workflowid], [fromstate], [tostate], [type], [active], [signatory], [message]) VALUES ('CS-W14', 'CS', 'forassistant-approval', 'assign-approver', 'process', '1', 'approver', '#{docname} is already submitted to assistant assessor for approval.');
INSERT INTO rptworkflow_state ([objid], [workflowid], [fromstate], [tostate], [type], [active], [signatory], [message]) VALUES ('CS-W15', 'CS', 'assign-approver', 'forapproval', 'process', '1', 'approver', '#{docname} is currently approved by #{name}.');
INSERT INTO rptworkflow_state ([objid], [workflowid], [fromstate], [tostate], [type], [active], [signatory], [message]) VALUES ('CS-W16', 'CS', 'forapproval', 'approved', 'end', '1', 'approver', '#{docname} is already approved and current.');
INSERT INTO rptworkflow_state ([objid], [workflowid], [fromstate], [tostate], [type], [active], [signatory], [message]) VALUES ('SD-W01', 'SD', NULL, 'receive', 'start', '1', 'receiver', '#{docname} documents are received and undergoing verification.');
INSERT INTO rptworkflow_state ([objid], [workflowid], [fromstate], [tostate], [type], [active], [signatory], [message]) VALUES ('SD-W02', 'SD', 'receive', 'assign-examiner', 'process', '1', 'examiner', '#{docname} is already forwarded for examination.');
INSERT INTO rptworkflow_state ([objid], [workflowid], [fromstate], [tostate], [type], [active], [signatory], [message]) VALUES ('SD-W03', 'SD', 'assign-examiner', 'forexamination', 'process', '1', 'examiner', '#{docname} is currently examined by the group of #{name}.');
INSERT INTO rptworkflow_state ([objid], [workflowid], [fromstate], [tostate], [type], [active], [signatory], [message]) VALUES ('SD-W04', 'SD', 'forexamination', 'assign-taxmapper', 'process', '1', 'taxmapper', '#{docname} is already submitted for taxmapping.');
INSERT INTO rptworkflow_state ([objid], [workflowid], [fromstate], [tostate], [type], [active], [signatory], [message]) VALUES ('SD-W05', 'SD', 'assign-taxmapper', 'fortaxmapping', 'process', '1', 'taxmapper', '#{docname} is currently taxmapped by #{name}.');
INSERT INTO rptworkflow_state ([objid], [workflowid], [fromstate], [tostate], [type], [active], [signatory], [message]) VALUES ('SD-W06', 'SD', 'fortaxmapping', 'assign-taxmapping-approval', 'process', '1', 'taxmapping_chief', '#{docname} is submitted for taxmapping approval.');
INSERT INTO rptworkflow_state ([objid], [workflowid], [fromstate], [tostate], [type], [active], [signatory], [message]) VALUES ('SD-W07', 'SD', 'assign-taxmapping-approval', 'fortaxmapping-approval', 'process', '1', 'taxmapping_chief', '#{docname} taxmapping approval is currently verified by #{name}.');
INSERT INTO rptworkflow_state ([objid], [workflowid], [fromstate], [tostate], [type], [active], [signatory], [message]) VALUES ('SD-W08', 'SD', 'fortaxmapping-approval', 'assign-appraiser', 'process', '1', 'appraiser', '#{docname} is already submitted for appraisal.');
INSERT INTO rptworkflow_state ([objid], [workflowid], [fromstate], [tostate], [type], [active], [signatory], [message]) VALUES ('SD-W09', 'SD', 'assign-appraiser', 'forappraisal', 'process', '1', 'appraiser', '#{docname} is currenty appraised by #{name}.');
INSERT INTO rptworkflow_state ([objid], [workflowid], [fromstate], [tostate], [type], [active], [signatory], [message]) VALUES ('SD-W10', 'SD', 'forappraisal', 'assign-appraisal-chief', 'process', '1', 'appraisal_chief', '#{docname} appraisal is already submitted for approval.');
INSERT INTO rptworkflow_state ([objid], [workflowid], [fromstate], [tostate], [type], [active], [signatory], [message]) VALUES ('SD-W11', 'SD', 'assign-appraisal-chief', 'forappraisal-approval', 'process', '1', 'appraisal_chief', '#{docname} appraisal is currently verified by #{name}.');
INSERT INTO rptworkflow_state ([objid], [workflowid], [fromstate], [tostate], [type], [active], [signatory], [message]) VALUES ('SD-W12', 'SD', 'forappraisal-approval', 'assign-assistant-approval', 'process', '1', 'assistant_assessor', '#{docname} is already submitted to assistant assessor for approval.');
INSERT INTO rptworkflow_state ([objid], [workflowid], [fromstate], [tostate], [type], [active], [signatory], [message]) VALUES ('SD-W13', 'SD', 'assign-assistant-approval', 'forassistant-approval', 'process', '1', 'assistant_assessor', '#{docname} is currently reviewed by assistant assessor #{name}.');
INSERT INTO rptworkflow_state ([objid], [workflowid], [fromstate], [tostate], [type], [active], [signatory], [message]) VALUES ('SD-W14', 'SD', 'forassistant-approval', 'assign-approver', 'process', '1', 'approver', '#{docname} is already submitted to assistant assessor for approval.');
INSERT INTO rptworkflow_state ([objid], [workflowid], [fromstate], [tostate], [type], [active], [signatory], [message]) VALUES ('SD-W15', 'SD', 'assign-approver', 'forapproval', 'process', '1', 'approver', '#{docname} is currently approved by #{name}.');
INSERT INTO rptworkflow_state ([objid], [workflowid], [fromstate], [tostate], [type], [active], [signatory], [message]) VALUES ('SD-W16', 'SD', 'forapproval', 'approved', 'end', '1', 'approver', '#{docname} is already approved and current.');





INSERT INTO collectionform ([objid], [title], [formtype]) VALUES ('0016', 'COMMUNITY TAX CERTIFICATE (INDIVIDUAL)', 'serial');
INSERT INTO collectionform ([objid], [title], [formtype]) VALUES ('51', 'ACCOUNTABLE FORM #51', 'serial');
INSERT INTO collectionform ([objid], [title], [formtype]) VALUES ('52', 'LARGE CATTLE TRANSFER', 'serial');
INSERT INTO collectionform ([objid], [title], [formtype]) VALUES ('53', 'LARGE CATTLE OWNERSHIP', 'serial');
INSERT INTO collectionform ([objid], [title], [formtype]) VALUES ('54', 'MARRIAGE LICENSE FEE', 'serial');
INSERT INTO collectionform ([objid], [title], [formtype]) VALUES ('56', 'REAL PROPERTY TAX RECEIPT', 'serial');
INSERT INTO collectionform ([objid], [title], [formtype]) VALUES ('57', 'SLAUGHTER PERMIT', 'serial');
INSERT INTO collectionform ([objid], [title], [formtype]) VALUES ('58', 'BURIAL PERMIT FEE', 'serial');
INSERT INTO collectionform ([objid], [title], [formtype]) VALUES ('907', 'COMMUNITY TAX(CORPORATE)', 'serial');
INSERT INTO collectionform ([objid], [title], [formtype]) VALUES ('CT1', 'CASH TICKETS P1.00', 'cashticket');
INSERT INTO collectionform ([objid], [title], [formtype]) VALUES ('CT10', 'CASH TICKET P10.00', 'cashticket');
INSERT INTO collectionform ([objid], [title], [formtype]) VALUES ('CT2', 'CASH TICKETS P2.00', 'cashticket');
INSERT INTO collectionform ([objid], [title], [formtype]) VALUES ('CT5', 'CASH TICKETS P 5.00', 'cashticket');




INSERT INTO stockitem ([objid], [state], [code], [type], [itemclass], [title], [description], [baseunit], [defaultunit]) VALUES ('0016', 'APPROVED', '0016', 'AFSERIAL', 'AF', 'COMMUNITY TAX CERTIFICATE (INDIVIDUAL)', 'COMMUNITY TAX CERTIFICATE (INDIVIDUAL)', 'EA', 'STUB');
INSERT INTO stockitem ([objid], [state], [code], [type], [itemclass], [title], [description], [baseunit], [defaultunit]) VALUES ('51', 'APPROVED', '51', 'AFSERIAL', 'AF', 'ACCOUNTABLE FORM #51', 'ACCOUNTABLE FORM #51', 'EA', 'STUB');
INSERT INTO stockitem ([objid], [state], [code], [type], [itemclass], [title], [description], [baseunit], [defaultunit]) VALUES ('52', 'APPROVED', '52', 'AFSERIAL', 'AF', 'LARGE CATTLE TRANSFER', 'LARGE CATTLE TRANSFER', 'EA', 'STUB');
INSERT INTO stockitem ([objid], [state], [code], [type], [itemclass], [title], [description], [baseunit], [defaultunit]) VALUES ('53', 'APPROVED', '53', 'AFSERIAL', 'AF', 'LARGE CATTLE OWNERSHIP', 'LARGE CATTLE OWNERSHIP', 'EA', 'STUB');
INSERT INTO stockitem ([objid], [state], [code], [type], [itemclass], [title], [description], [baseunit], [defaultunit]) VALUES ('54', 'APPROVED', '54', 'AFSERIAL', 'AF', 'MARRIAGE LICENSE FEE', 'MARRIAGE LICENSE FEE', 'EA', 'STUB');
INSERT INTO stockitem ([objid], [state], [code], [type], [itemclass], [title], [description], [baseunit], [defaultunit]) VALUES ('56', 'APPROVED', '56', 'AFSERIAL', 'AF', 'REAL PROPERTY TAX RECEIPT', 'REAL PROPERTY TAX RECEIPT', 'EA', 'STUB');
INSERT INTO stockitem ([objid], [state], [code], [type], [itemclass], [title], [description], [baseunit], [defaultunit]) VALUES ('57', 'APPROVED', '57', 'AFSERIAL', 'AF', 'SLAUGHTER PERMIT', 'SLAUGHTER PERMIT', 'EA', 'STUB');
INSERT INTO stockitem ([objid], [state], [code], [type], [itemclass], [title], [description], [baseunit], [defaultunit]) VALUES ('58', 'APPROVED', '58', 'AFSERIAL', 'AF', 'BURIAL PERMIT FEE', 'BURIAL PERMIT FEE', 'EA', 'STUB');
INSERT INTO stockitem ([objid], [state], [code], [type], [itemclass], [title], [description], [baseunit], [defaultunit]) VALUES ('907', 'APPROVED', '907', 'AFSERIAL', 'AF', 'COMMUNITY TAX(CORPORATE)', 'COMMUNITY TAX(CORPORATE)', 'EA', 'STUB');
INSERT INTO stockitem ([objid], [state], [code], [type], [itemclass], [title], [description], [baseunit], [defaultunit]) VALUES ('CT1', 'APPROVED', 'CT1', 'CASHTICKET', 'AF', 'CASH TICKETS P1.00', 'CASH TICKETS P1.00', 'EA', 'PAD');
INSERT INTO stockitem ([objid], [state], [code], [type], [itemclass], [title], [description], [baseunit], [defaultunit]) VALUES ('CT10', 'APPROVED', 'CT10', 'CASHTICKET', 'AF', 'CASH TICKET P10.00', 'CASH TICKET P10.00', 'EA', 'PAD');
INSERT INTO stockitem ([objid], [state], [code], [type], [itemclass], [title], [description], [baseunit], [defaultunit]) VALUES ('CT2', 'APPROVED', 'CT2', 'CASHTICKET', 'AF', 'CASH TICKETS P2.00', 'CASH TICKETS P2.00', 'EA', 'PAD');
INSERT INTO stockitem ([objid], [state], [code], [type], [itemclass], [title], [description], [baseunit], [defaultunit]) VALUES ('CT5', 'APPROVED', 'CT5', 'CASHTICKET', 'AF', 'CASH TICKETS P 5.00', 'CASH TICKETS P 5.00', 'EA', 'PAD');






INSERT INTO stockitem_unit ([itemid], [unit], [qty]) VALUES ('0016', 'STUB', '50');
INSERT INTO stockitem_unit ([itemid], [unit], [qty]) VALUES ('51', 'STUB', '50');
INSERT INTO stockitem_unit ([itemid], [unit], [qty]) VALUES ('52', 'STUB', '50');
INSERT INTO stockitem_unit ([itemid], [unit], [qty]) VALUES ('53', 'STUB', '50');
INSERT INTO stockitem_unit ([itemid], [unit], [qty]) VALUES ('54', 'STUB', '50');
INSERT INTO stockitem_unit ([itemid], [unit], [qty]) VALUES ('56', 'STUB', '50');
INSERT INTO stockitem_unit ([itemid], [unit], [qty]) VALUES ('57', 'STUB', '50');
INSERT INTO stockitem_unit ([itemid], [unit], [qty]) VALUES ('58', 'STUB', '50');
INSERT INTO stockitem_unit ([itemid], [unit], [qty]) VALUES ('907', 'STUB', '50');
INSERT INTO stockitem_unit ([itemid], [unit], [qty]) VALUES ('CT1', 'PAD', '2000');
INSERT INTO stockitem_unit ([itemid], [unit], [qty]) VALUES ('CT10', 'PAD', '2000');
INSERT INTO stockitem_unit ([itemid], [unit], [qty]) VALUES ('CT2', 'PAD', '2000');
INSERT INTO stockitem_unit ([itemid], [unit], [qty]) VALUES ('CT5', 'PAD', '2000');



INSERT INTO afserial ([objid], [serieslength]) VALUES ('0016', '8');
INSERT INTO afserial ([objid], [serieslength]) VALUES ('51', '7');
INSERT INTO afserial ([objid], [serieslength]) VALUES ('52', '7');
INSERT INTO afserial ([objid], [serieslength]) VALUES ('53', '7');
INSERT INTO afserial ([objid], [serieslength]) VALUES ('54', '7');
INSERT INTO afserial ([objid], [serieslength]) VALUES ('56', '7');
INSERT INTO afserial ([objid], [serieslength]) VALUES ('57', '7');
INSERT INTO afserial ([objid], [serieslength]) VALUES ('58', '7');
INSERT INTO afserial ([objid], [serieslength]) VALUES ('907', '8');
